Workbook

Sheet Low
A1: Country | B1: Virginia | C1: Oregon | D1: Iowa | E1: Ohio | F1: Texas | G1: Nebraska | H1: Georgia | I1: Oklahoma | J1: Illinois | K1: New Mexico | L1: New York | M1: Alabama | N1: Tennessee | O1: Washington | P1: Utah | Q1: South Carolina | R1: Arizona | S1: North Carolina | T1: Colorado | U1: Nevada | V1: California | W1: Wyoming | X1: Pennsylvania | Y1: Missouri
A3: Year
A5: 2028 | B5: 4.7482374e+10 | C5: 2.2376084e+10 | D5: 1.994314e+10 | E5: 1.5822858e+10 | F5: 1.0185741e+10 | G5: 7.1567814e+09 | H5: 6.9811656e+09 | I5: 6.5203912e+09 | J5: 6.3464985e+09 | K5: 6.2856572e+09 | L5: 5.0424359e+09 | M5: 4.8163957e+09 | N5: 4.7272784e+09 | O5: 4.3476926e+09 | P5: 4.3034582e+09 | Q5: 4.2339074e+09 | R5: 4.0732136e+09 | S5: 2.7072664e+09 | T5: 1.4972783e+09 | U5: 1.3040782e+09 | V5: 1.0041663e+09 | W5: 8.693855e+08 | X5: 5.216313e+08 | Y5: 5.0728122e+08
A6: 2029 | B6: 5.9675573e+10 | C6: 2.8122133e+10 | D6: 2.5064423e+10 | E6: 1.9886076e+10 | F6: 1.2801381e+10 | G6: 8.9946015e+09 | H6: 8.7738885e+09 | I6: 8.19479e+09 | J6: 7.9762426e+09 | K6: 7.8997776e+09 | L6: 6.3373043e+09 | M6: 6.0532182e+09 | N6: 5.9412162e+09 | O6: 5.4641549e+09 | P6: 5.4085614e+09 | Q6: 5.3211503e+09 | R6: 5.1191913e+09 | S6: 3.4024768e+09 | T6: 1.8817707e+09 | U6: 1.638958e+09 | V6: 1.2620304e+09 | W6: 1.0926387e+09 | X6: 6.555832e+08 | Y6: 6.3754811e+08
A7: 2030 | B7: 6.9197026e+10 | C7: 3.2609121e+10 | D7: 2.9063542e+10 | E7: 2.3058971e+10 | F7: 1.4843887e+10 | G7: 1.0429723e+10 | H7: 1.0173794e+10 | I7: 9.5022983e+09 | J7: 9.2488808e+09 | K7: 9.1602155e+09 | L7: 7.348444e+09 | M7: 7.019031e+09 | N7: 6.8891586e+09 | O7: 6.3359805e+09 | P7: 6.2715169e+09 | Q7: 6.170159e+09 | R7: 5.9359768e+09 | S7: 3.9453542e+09 | T7: 2.182014e+09 | U7: 1.9004597e+09 | V7: 1.4633919e+09 | W7: 1.2669731e+09 | X7: 7.6018386e+08 | Y7: 7.392712e+08
A8: 2031 | B8: 7.4354274e+10 | C8: 3.5039475e+10 | D8: 3.1229645e+10 | E8: 2.4777554e+10 | F8: 1.5950201e+10 | G8: 1.1207049e+10 | H8: 1.0932046e+10 | I8: 1.0210504e+10 | J8: 9.9381991e+09 | K8: 9.8429256e+09 | L8: 7.8961229e+09 | M8: 7.5421587e+09 | N8: 7.402607e+09 | O8: 6.8082005e+09 | P8: 6.7389325e+09 | Q8: 6.6300204e+09 | R8: 6.3783846e+09 | S8: 4.2394011e+09 | T8: 2.3446393e+09 | U8: 2.0421007e+09 | V8: 1.5724584e+09 | W8: 1.3614005e+09 | X8: 8.168403e+08 | Y8: 7.9436902e+08
A9: 2032 | B9: 7.4577219e+10 | C9: 3.5144539e+10 | D9: 3.1323285e+10 | E9: 2.4851848e+10 | F9: 1.5998026e+10 | G9: 1.1240652e+10 | H9: 1.0964825e+10 | I9: 1.0241119e+10 | J9: 9.967998e+09 | K9: 9.8724388e+09 | L9: 7.9197988e+09 | M9: 7.5647733e+09 | N9: 7.4248031e+09 | O9: 6.8286144e+09 | P9: 6.7591386e+09 | Q9: 6.6499e+09 | R9: 6.3975097e+09 | S9: 4.2521126e+09 | T9: 2.3516695e+09 | U9: 2.0482238e+09 | V9: 1.5771733e+09 | W9: 1.3654825e+09 | X9: 8.1928953e+08 | Y9: 7.9675087e+08
A10: 2033 | B10: 7.4420939e+10 | C10: 3.5070891e+10 | D10: 3.1257645e+10 | E10: 2.479977e+10 | F10: 1.5964502e+10 | G10: 1.1217097e+10 | H10: 1.0941848e+10 | I10: 1.0219658e+10 | J10: 9.9471096e+09 | K10: 9.8517506e+09 | L10: 7.9032025e+09 | M10: 7.548921e+09 | N10: 7.4092441e+09 | O10: 6.8143047e+09 | P10: 6.7449745e+09 | Q10: 6.6359648e+09 | R10: 6.3841034e+09 | S10: 4.2432021e+09 | T10: 2.3467415e+09 | U10: 2.0439317e+09 | V10: 1.5738683e+09 | W10: 1.3626211e+09 | X10: 8.1757267e+08 | Y10: 7.9508124e+08
A11: 2034 | B11: 7.4360559e+10 | C11: 3.5042437e+10 | D11: 3.1232285e+10 | E11: 2.4779649e+10 | F11: 1.5951549e+10 | G11: 1.1207996e+10 | H11: 1.093297e+10 | I11: 1.0211367e+10 | J11: 9.9390391e+09 | K11: 9.8437575e+09 | L11: 7.8967903e+09 | M11: 7.5427962e+09 | N11: 7.4032327e+09 | O11: 6.808776e+09 | P11: 6.739502e+09 | Q11: 6.6305808e+09 | R11: 6.3789237e+09 | S11: 4.2397595e+09 | T11: 2.3448375e+09 | U11: 2.0422733e+09 | V11: 1.5725913e+09 | W11: 1.3615156e+09 | X11: 8.1690934e+08 | Y11: 7.9443616e+08
A12: 2035 | B12: 7.4350087e+10 | C12: 3.5037502e+10 | D12: 3.1227886e+10 | E12: 2.4776159e+10 | F12: 1.5949303e+10 | G12: 1.1206418e+10 | H12: 1.093143e+10 | I12: 1.0209929e+10 | J12: 9.9376394e+09 | K12: 9.8423713e+09 | L12: 7.8956782e+09 | M12: 7.541734e+09 | N12: 7.4021901e+09 | O12: 6.8078171e+09 | P12: 6.7385529e+09 | Q12: 6.629647e+09 | R12: 6.3780254e+09 | S12: 4.2391624e+09 | T12: 2.3445073e+09 | U12: 2.0419857e+09 | V12: 1.5723699e+09 | W12: 1.3613238e+09 | X12: 8.167943e+08 | Y12: 7.9432429e+08
A14: Solar Capacity (MW) | AA14: Total Solar Capacity (GW)
A16: 2028 | B16: =B5/'Output-Calculation-sheet'!B4*'Output-Calculation-sheet'!B22 -> #DIV/0! | C16: =C5/'Output-Calculation-sheet'!C4*'Output-Calculation-sheet'!C22 -> #DIV/0! | D16: =D5/'Output-Calculation-sheet'!D4*'Output-Calculation-sheet'!D22 -> #DIV/0! | E16: =E5/'Output-Calculation-sheet'!E4*'Output-Calculation-sheet'!E22 -> #DIV/0! | F16: =F5/'Output-Calculation-sheet'!F4*'Output-Calculation-sheet'!F22 -> #DIV/0! | G16: =G5/'Output-Calculation-sheet'!G4*'Output-Calculation-sheet'!G22 -> #DIV/0! | H16: =H5/'Output-Calculation-sheet'!H4*'Output-Calculation-sheet'!H22 -> #DIV/0! | I16: =I5/'Output-Calculation-sheet'!I4*'Output-Calculation-sheet'!I22 -> #DIV/0! | ... Y16: =Y5/'Output-Calculation-sheet'!Y4*'Output-Calculation-sheet'!Y22 -> #DIV/0! | AA16: =SUM(B16:Y16)/1000 -> #DIV/0!
A17: 2029 | B17: =B6/'Output-Calculation-sheet'!B5*'Output-Calculation-sheet'!B23 -> #DIV/0! | C17: =C6/'Output-Calculation-sheet'!C5*'Output-Calculation-sheet'!C23 -> #DIV/0! | D17: =D6/'Output-Calculation-sheet'!D5*'Output-Calculation-sheet'!D23 -> #DIV/0! | E17: =E6/'Output-Calculation-sheet'!E5*'Output-Calculation-sheet'!E23 -> #DIV/0! | F17: =F6/'Output-Calculation-sheet'!F5*'Output-Calculation-sheet'!F23 -> #DIV/0! | G17: =G6/'Output-Calculation-sheet'!G5*'Output-Calculation-sheet'!G23 -> #DIV/0! | H17: =H6/'Output-Calculation-sheet'!H5*'Output-Calculation-sheet'!H23 -> #DIV/0! | I17: =I6/'Output-Calculation-sheet'!I5*'Output-Calculation-sheet'!I23 -> #DIV/0! | ... Y17: =Y6/'Output-Calculation-sheet'!Y5*'Output-Calculation-sheet'!Y23 -> #DIV/0! | AA17: =SUM(B17:Y17)/1000 -> #DIV/0!
A18: 2030 | B18: =B7/'Output-Calculation-sheet'!B6*'Output-Calculation-sheet'!B24 -> #DIV/0! | C18: =C7/'Output-Calculation-sheet'!C6*'Output-Calculation-sheet'!C24 -> #DIV/0! | D18: =D7/'Output-Calculation-sheet'!D6*'Output-Calculation-sheet'!D24 -> #DIV/0! | E18: =E7/'Output-Calculation-sheet'!E6*'Output-Calculation-sheet'!E24 -> #DIV/0! | F18: =F7/'Output-Calculation-sheet'!F6*'Output-Calculation-sheet'!F24 -> #DIV/0! | G18: =G7/'Output-Calculation-sheet'!G6*'Output-Calculation-sheet'!G24 -> #DIV/0! | H18: =H7/'Output-Calculation-sheet'!H6*'Output-Calculation-sheet'!H24 -> #DIV/0! | I18: =I7/'Output-Calculation-sheet'!I6*'Output-Calculation-sheet'!I24 -> #DIV/0! | ... Y18: =Y7/'Output-Calculation-sheet'!Y6*'Output-Calculation-sheet'!Y24 -> #DIV/0! | AA18: =SUM(B18:Y18)/1000 -> #DIV/0!
A19: 2031 | B19: =B8/'Output-Calculation-sheet'!B7*'Output-Calculation-sheet'!B25 -> 826.62553 | C19: =C8/'Output-Calculation-sheet'!C7*'Output-Calculation-sheet'!C25 -> 3889.2454 | D19: =D8/'Output-Calculation-sheet'!D7*'Output-Calculation-sheet'!D25 -> 0 | E19: =E8/'Output-Calculation-sheet'!E7*'Output-Calculation-sheet'!E25 -> 0 | F19: =F8/'Output-Calculation-sheet'!F7*'Output-Calculation-sheet'!F25 -> 0 | G19: =G8/'Output-Calculation-sheet'!G7*'Output-Calculation-sheet'!G25 -> 0 | H19: =H8/'Output-Calculation-sheet'!H7*'Output-Calculation-sheet'!H25 -> 1178.0992 | I19: =I8/'Output-Calculation-sheet'!I7*'Output-Calculation-sheet'!I25 -> 0 | ... Y19: =Y8/'Output-Calculation-sheet'!Y7*'Output-Calculation-sheet'!Y25 -> 0 | AA19: =SUM(B19:Y19)/1000 -> 8.2237654
A20: 2032 | B20: =B9/'Output-Calculation-sheet'!B8*'Output-Calculation-sheet'!B26 -> 3743.0711 | C20: =C9/'Output-Calculation-sheet'!C8*'Output-Calculation-sheet'!C26 -> 2052.6088 | D20: =D9/'Output-Calculation-sheet'!D8*'Output-Calculation-sheet'!D26 -> 0 | E20: =E9/'Output-Calculation-sheet'!E8*'Output-Calculation-sheet'!E26 -> 0 | F20: =F9/'Output-Calculation-sheet'!F8*'Output-Calculation-sheet'!F26 -> 0 | G20: =G9/'Output-Calculation-sheet'!G8*'Output-Calculation-sheet'!G26 -> 0 | H20: =H9/'Output-Calculation-sheet'!H8*'Output-Calculation-sheet'!H26 -> 1232.1912 | I20: =I9/'Output-Calculation-sheet'!I8*'Output-Calculation-sheet'!I26 -> 0 | ... Y20: =Y9/'Output-Calculation-sheet'!Y8*'Output-Calculation-sheet'!Y26 -> 0 | AA20: =SUM(B20:Y20)/1000 -> 9.2634794
A21: 2033 | B21: =B10/'Output-Calculation-sheet'!B9*'Output-Calculation-sheet'!B27 -> 3304.8247 | C21: =C10/'Output-Calculation-sheet'!C9*'Output-Calculation-sheet'!C27 -> 2031.2851 | D21: =D10/'Output-Calculation-sheet'!D9*'Output-Calculation-sheet'!D27 -> 0 | E21: =E10/'Output-Calculation-sheet'!E9*'Output-Calculation-sheet'!E27 -> 0 | F21: =F10/'Output-Calculation-sheet'!F9*'Output-Calculation-sheet'!F27 -> 0 | G21: =G10/'Output-Calculation-sheet'!G9*'Output-Calculation-sheet'!G27 -> 0 | H21: =H10/'Output-Calculation-sheet'!H9*'Output-Calculation-sheet'!H27 -> 666.01124 | I21: =I10/'Output-Calculation-sheet'!I9*'Output-Calculation-sheet'!I27 -> 0 | ... Y21: =Y10/'Output-Calculation-sheet'!Y9*'Output-Calculation-sheet'!Y27 -> 0 | AA21: =SUM(B21:Y21)/1000 -> 7.6284535
A22: 2034 | B22: =B11/'Output-Calculation-sheet'!B10*'Output-Calculation-sheet'!B28 -> 2759.7767 | C22: =C11/'Output-Calculation-sheet'!C10*'Output-Calculation-sheet'!C28 -> 278.02506 | D22: =D11/'Output-Calculation-sheet'!D10*'Output-Calculation-sheet'!D28 -> 0 | E22: =E11/'Output-Calculation-sheet'!E10*'Output-Calculation-sheet'!E28 -> 941.00527 | F22: =F11/'Output-Calculation-sheet'!F10*'Output-Calculation-sheet'!F28 -> 0 | G22: =G11/'Output-Calculation-sheet'!G10*'Output-Calculation-sheet'!G28 -> 0 | H22: =H11/'Output-Calculation-sheet'!H10*'Output-Calculation-sheet'!H28 -> 732.06177 | I22: =I11/'Output-Calculation-sheet'!I10*'Output-Calculation-sheet'!I28 -> 0 | ... Y22: =Y11/'Output-Calculation-sheet'!Y10*'Output-Calculation-sheet'!Y28 -> 20.867478 | AA22: =SUM(B22:Y22)/1000 -> 6.5756342
A23: 2035 | B23: =B12/'Output-Calculation-sheet'!B11*'Output-Calculation-sheet'!B29 -> 609.56127 | C23: =C12/'Output-Calculation-sheet'!C11*'Output-Calculation-sheet'!C29 -> 114.5584 | D23: =D12/'Output-Calculation-sheet'!D11*'Output-Calculation-sheet'!D29 -> 0 | E23: =E12/'Output-Calculation-sheet'!E11*'Output-Calculation-sheet'!E29 -> 1543.4095 | F23: =F12/'Output-Calculation-sheet'!F11*'Output-Calculation-sheet'!F29 -> 0 | G23: =G12/'Output-Calculation-sheet'!G11*'Output-Calculation-sheet'!G29 -> 0 | H23: =H12/'Output-Calculation-sheet'!H11*'Output-Calculation-sheet'!H29 -> 185.82509 | I23: =I12/'Output-Calculation-sheet'!I11*'Output-Calculation-sheet'!I29 -> 0 | ... Y23: =Y12/'Output-Calculation-sheet'!Y11*'Output-Calculation-sheet'!Y29 -> 47.829545 | AA23: =SUM(B23:Y23)/1000 -> 4.0216589
A25: Wind Capacity (MW) | AA25: Total Wind Capacity (GW)
A27: 2028 | B27: =B5/'Output-Calculation-sheet'!B4*'Output-Calculation-sheet'!B13 -> #DIV/0! | C27: =C5/'Output-Calculation-sheet'!C4*'Output-Calculation-sheet'!C13 -> #DIV/0! | D27: =D5/'Output-Calculation-sheet'!D4*'Output-Calculation-sheet'!D13 -> #DIV/0! | E27: =E5/'Output-Calculation-sheet'!E4*'Output-Calculation-sheet'!E13 -> #DIV/0! | F27: =F5/'Output-Calculation-sheet'!F4*'Output-Calculation-sheet'!F13 -> #DIV/0! | G27: =G5/'Output-Calculation-sheet'!G4*'Output-Calculation-sheet'!G13 -> #DIV/0! | H27: =H5/'Output-Calculation-sheet'!H4*'Output-Calculation-sheet'!H13 -> #DIV/0! | I27: =I5/'Output-Calculation-sheet'!I4*'Output-Calculation-sheet'!I13 -> #DIV/0! | ... Y27: =Y5/'Output-Calculation-sheet'!Y4*'Output-Calculation-sheet'!Y13 -> #DIV/0! | AA27: =SUM(B27:Y27)/1000 -> #DIV/0!
A28: 2029 | B28: =B6/'Output-Calculation-sheet'!B5*'Output-Calculation-sheet'!B14 -> #DIV/0! | C28: =C6/'Output-Calculation-sheet'!C5*'Output-Calculation-sheet'!C14 -> #DIV/0! | D28: =D6/'Output-Calculation-sheet'!D5*'Output-Calculation-sheet'!D14 -> #DIV/0! | E28: =E6/'Output-Calculation-sheet'!E5*'Output-Calculation-sheet'!E14 -> #DIV/0! | F28: =F6/'Output-Calculation-sheet'!F5*'Output-Calculation-sheet'!F14 -> #DIV/0! | G28: =G6/'Output-Calculation-sheet'!G5*'Output-Calculation-sheet'!G14 -> #DIV/0! | H28: =H6/'Output-Calculation-sheet'!H5*'Output-Calculation-sheet'!H14 -> #DIV/0! | I28: =I6/'Output-Calculation-sheet'!I5*'Output-Calculation-sheet'!I14 -> #DIV/0! | ... Y28: =Y6/'Output-Calculation-sheet'!Y5*'Output-Calculation-sheet'!Y14 -> #DIV/0! | AA28: =SUM(B28:Y28)/1000 -> #DIV/0!
A29: 2030 | B29: =B7/'Output-Calculation-sheet'!B6*'Output-Calculation-sheet'!B15 -> #DIV/0! | C29: =C7/'Output-Calculation-sheet'!C6*'Output-Calculation-sheet'!C15 -> #DIV/0! | D29: =D7/'Output-Calculation-sheet'!D6*'Output-Calculation-sheet'!D15 -> #DIV/0! | E29: =E7/'Output-Calculation-sheet'!E6*'Output-Calculation-sheet'!E15 -> #DIV/0! | F29: =F7/'Output-Calculation-sheet'!F6*'Output-Calculation-sheet'!F15 -> #DIV/0! | G29: =G7/'Output-Calculation-sheet'!G6*'Output-Calculation-sheet'!G15 -> #DIV/0! | H29: =H7/'Output-Calculation-sheet'!H6*'Output-Calculation-sheet'!H15 -> #DIV/0! | I29: =I7/'Output-Calculation-sheet'!I6*'Output-Calculation-sheet'!I15 -> #DIV/0! | ... Y29: =Y7/'Output-Calculation-sheet'!Y6*'Output-Calculation-sheet'!Y15 -> #DIV/0! | AA29: =SUM(B29:Y29)/1000 -> #DIV/0!
A30: 2031 | B30: =B8/'Output-Calculation-sheet'!B7*'Output-Calculation-sheet'!B16 -> 14408.91 | C30: =C8/'Output-Calculation-sheet'!C7*'Output-Calculation-sheet'!C16 -> 0 | D30: =D8/'Output-Calculation-sheet'!D7*'Output-Calculation-sheet'!D16 -> 2426.2518 | E30: =E8/'Output-Calculation-sheet'!E7*'Output-Calculation-sheet'!E16 -> 2610.5132 | F30: =F8/'Output-Calculation-sheet'!F7*'Output-Calculation-sheet'!F16 -> 1317.0393 | G30: =G8/'Output-Calculation-sheet'!G7*'Output-Calculation-sheet'!G16 -> 862.49286 | H30: =H8/'Output-Calculation-sheet'!H7*'Output-Calculation-sheet'!H16 -> 0 | I30: =I8/'Output-Calculation-sheet'!I7*'Output-Calculation-sheet'!I16 -> 840.81167 | ... Y30: =Y8/'Output-Calculation-sheet'!Y7*'Output-Calculation-sheet'!Y16 -> 90.022979 | AA30: =SUM(B30:Y30)/1000 -> 30.427658
A31: 2032 | B31: =B9/'Output-Calculation-sheet'!B8*'Output-Calculation-sheet'!B17 -> 15737.421 | C31: =C9/'Output-Calculation-sheet'!C8*'Output-Calculation-sheet'!C17 -> 0 | D31: =D9/'Output-Calculation-sheet'!D8*'Output-Calculation-sheet'!D17 -> 3041.9069 | E31: =E9/'Output-Calculation-sheet'!E8*'Output-Calculation-sheet'!E17 -> 3575.3298 | F31: =F9/'Output-Calculation-sheet'!F8*'Output-Calculation-sheet'!F17 -> 1651.2355 | G31: =G9/'Output-Calculation-sheet'!G8*'Output-Calculation-sheet'!G17 -> 1081.349 | H31: =H9/'Output-Calculation-sheet'!H8*'Output-Calculation-sheet'!H17 -> 0 | I31: =I9/'Output-Calculation-sheet'!I8*'Output-Calculation-sheet'!I17 -> 1054.1662 | ... Y31: =Y9/'Output-Calculation-sheet'!Y8*'Output-Calculation-sheet'!Y17 -> 128.84872 | AA31: =SUM(B31:Y31)/1000 -> 36.056297
A32: 2033 | B32: =B10/'Output-Calculation-sheet'!B9*'Output-Calculation-sheet'!B18 -> 11954.425 | C32: =C10/'Output-Calculation-sheet'!C9*'Output-Calculation-sheet'!C18 -> 0 | D32: =D10/'Output-Calculation-sheet'!D9*'Output-Calculation-sheet'!D18 -> 3769.3683 | E32: =E10/'Output-Calculation-sheet'!E9*'Output-Calculation-sheet'!E18 -> 5265.6395 | F32: =F10/'Output-Calculation-sheet'!F9*'Output-Calculation-sheet'!F18 -> 2125.6661 | G32: =G10/'Output-Calculation-sheet'!G9*'Output-Calculation-sheet'!G18 -> 1326.0859 | H32: =H10/'Output-Calculation-sheet'!H9*'Output-Calculation-sheet'!H18 -> 0 | I32: =I10/'Output-Calculation-sheet'!I9*'Output-Calculation-sheet'!I18 -> 1400.0365 | ... Y32: =Y10/'Output-Calculation-sheet'!Y9*'Output-Calculation-sheet'!Y18 -> 190.80458 | AA32: =SUM(B32:Y32)/1000 -> 38.00419
A33: 2034 | B33: =B11/'Output-Calculation-sheet'!B10*'Output-Calculation-sheet'!B19 -> 8329.3857 | C33: =C11/'Output-Calculation-sheet'!C10*'Output-Calculation-sheet'!C19 -> 0 | D33: =D11/'Output-Calculation-sheet'!D10*'Output-Calculation-sheet'!D19 -> 5541.0427 | E33: =E11/'Output-Calculation-sheet'!E10*'Output-Calculation-sheet'!E19 -> 6856.4191 | F33: =F11/'Output-Calculation-sheet'!F10*'Output-Calculation-sheet'!F19 -> 3144.9479 | G33: =G11/'Output-Calculation-sheet'!G10*'Output-Calculation-sheet'!G19 -> 1886.0272 | H33: =H11/'Output-Calculation-sheet'!H10*'Output-Calculation-sheet'!H19 -> 0 | I33: =I11/'Output-Calculation-sheet'!I10*'Output-Calculation-sheet'!I19 -> 2058.1509 | ... Y33: =Y11/'Output-Calculation-sheet'!Y10*'Output-Calculation-sheet'!Y19 -> 204.57293 | AA33: =SUM(B33:Y33)/1000 -> 41.263292
A34: 2035 | B34: =B12/'Output-Calculation-sheet'!B11*'Output-Calculation-sheet'!B20 -> 124.59177 | C34: =C12/'Output-Calculation-sheet'!C11*'Output-Calculation-sheet'!C20 -> 0 | D34: =D12/'Output-Calculation-sheet'!D11*'Output-Calculation-sheet'!D20 -> 5549.273 | E34: =E12/'Output-Calculation-sheet'!E11*'Output-Calculation-sheet'!E20 -> 3275.3641 | F34: =F12/'Output-Calculation-sheet'!F11*'Output-Calculation-sheet'!F20 -> 3790.0878 | G34: =G12/'Output-Calculation-sheet'!G11*'Output-Calculation-sheet'!G20 -> 2043.8982 | H34: =H12/'Output-Calculation-sheet'!H11*'Output-Calculation-sheet'!H20 -> 0 | I34: =I12/'Output-Calculation-sheet'!I11*'Output-Calculation-sheet'!I20 -> 2225.1816 | ... Y34: =Y12/'Output-Calculation-sheet'!Y11*'Output-Calculation-sheet'!Y20 -> 82.896373 | AA34: =SUM(B34:Y34)/1000 -> 29.082303
A36: DAC Capacity (ktCO2/yr) | AA36: Total DAC Capacity (ktCO2/yr)
A38: 2028 | B38: =B5/'Output-Calculation-sheet'!B4*'Output-Calculation-sheet'!B31*0.0114 -> #DIV/0! | C38: =C5/'Output-Calculation-sheet'!C4*'Output-Calculation-sheet'!C31*0.0114 -> #DIV/0! | D38: =D5/'Output-Calculation-sheet'!D4*'Output-Calculation-sheet'!D31*0.0114 -> #DIV/0! | E38: =E5/'Output-Calculation-sheet'!E4*'Output-Calculation-sheet'!E31*0.0114 -> #DIV/0! | F38: =F5/'Output-Calculation-sheet'!F4*'Output-Calculation-sheet'!F31*0.0114 -> #DIV/0! | G38: =G5/'Output-Calculation-sheet'!G4*'Output-Calculation-sheet'!G31*0.0114 -> #DIV/0! | H38: =H5/'Output-Calculation-sheet'!H4*'Output-Calculation-sheet'!H31*0.0114 -> #DIV/0! | I38: =I5/'Output-Calculation-sheet'!I4*'Output-Calculation-sheet'!I31*0.0114 -> #DIV/0! | ... Y38: =Y5/'Output-Calculation-sheet'!Y4*'Output-Calculation-sheet'!Y31*0.0114 -> #DIV/0! | AA38: =SUM(B38:Y38) -> #DIV/0!
A39: 2029 | B39: =B6/'Output-Calculation-sheet'!B5*'Output-Calculation-sheet'!B32*0.0114 -> #DIV/0! | C39: =C6/'Output-Calculation-sheet'!C5*'Output-Calculation-sheet'!C32*0.0114 -> #DIV/0! | D39: =D6/'Output-Calculation-sheet'!D5*'Output-Calculation-sheet'!D32*0.0114 -> #DIV/0! | E39: =E6/'Output-Calculation-sheet'!E5*'Output-Calculation-sheet'!E32*0.0114 -> #DIV/0! | F39: =F6/'Output-Calculation-sheet'!F5*'Output-Calculation-sheet'!F32*0.0114 -> #DIV/0! | G39: =G6/'Output-Calculation-sheet'!G5*'Output-Calculation-sheet'!G32*0.0114 -> #DIV/0! | H39: =H6/'Output-Calculation-sheet'!H5*'Output-Calculation-sheet'!H32*0.0114 -> #DIV/0! | I39: =I6/'Output-Calculation-sheet'!I5*'Output-Calculation-sheet'!I32*0.0114 -> #DIV/0! | ... Y39: =Y6/'Output-Calculation-sheet'!Y5*'Output-Calculation-sheet'!Y32*0.0114 -> #DIV/0! | AA39: =SUM(B39:Y39) -> #DIV/0!
A40: 2030 | B40: =B7/'Output-Calculation-sheet'!B6*'Output-Calculation-sheet'!B33*0.0114 -> #DIV/0! | C40: =C7/'Output-Calculation-sheet'!C6*'Output-Calculation-sheet'!C33*0.0114 -> #DIV/0! | D40: =D7/'Output-Calculation-sheet'!D6*'Output-Calculation-sheet'!D33*0.0114 -> #DIV/0! | E40: =E7/'Output-Calculation-sheet'!E6*'Output-Calculation-sheet'!E33*0.0114 -> #DIV/0! | F40: =F7/'Output-Calculation-sheet'!F6*'Output-Calculation-sheet'!F33*0.0114 -> #DIV/0! | G40: =G7/'Output-Calculation-sheet'!G6*'Output-Calculation-sheet'!G33*0.0114 -> #DIV/0! | H40: =H7/'Output-Calculation-sheet'!H6*'Output-Calculation-sheet'!H33*0.0114 -> #DIV/0! | I40: =I7/'Output-Calculation-sheet'!I6*'Output-Calculation-sheet'!I33*0.0114 -> #DIV/0! | ... Y40: =Y7/'Output-Calculation-sheet'!Y6*'Output-Calculation-sheet'!Y33*0.0114 -> #DIV/0! | AA40: =SUM(B40:Y40) -> #DIV/0!
A41: 2031 | B41: =B8/'Output-Calculation-sheet'!B7*'Output-Calculation-sheet'!B34*0.0114 -> 0 | C41: =C8/'Output-Calculation-sheet'!C7*'Output-Calculation-sheet'!C34*0.0114 -> 0 | D41: =D8/'Output-Calculation-sheet'!D7*'Output-Calculation-sheet'!D34*0.0114 -> 0 | E41: =E8/'Output-Calculation-sheet'!E7*'Output-Calculation-sheet'!E34*0.0114 -> 0 | F41: =F8/'Output-Calculation-sheet'!F7*'Output-Calculation-sheet'!F34*0.0114 -> 0 | G41: =G8/'Output-Calculation-sheet'!G7*'Output-Calculation-sheet'!G34*0.0114 -> 0 | H41: =H8/'Output-Calculation-sheet'!H7*'Output-Calculation-sheet'!H34*0.0114 -> 0 | I41: =I8/'Output-Calculation-sheet'!I7*'Output-Calculation-sheet'!I34*0.0114 -> 0 | ... Y41: =Y8/'Output-Calculation-sheet'!Y7*'Output-Calculation-sheet'!Y34*0.0114 -> 0 | AA41: =SUM(B41:Y41) -> 0
A42: 2032 | B42: =B9/'Output-Calculation-sheet'!B8*'Output-Calculation-sheet'!B35*0.0114 -> 0 | C42: =C9/'Output-Calculation-sheet'!C8*'Output-Calculation-sheet'!C35*0.0114 -> 0 | D42: =D9/'Output-Calculation-sheet'!D8*'Output-Calculation-sheet'!D35*0.0114 -> 0 | E42: =E9/'Output-Calculation-sheet'!E8*'Output-Calculation-sheet'!E35*0.0114 -> 0 | F42: =F9/'Output-Calculation-sheet'!F8*'Output-Calculation-sheet'!F35*0.0114 -> 0 | G42: =G9/'Output-Calculation-sheet'!G8*'Output-Calculation-sheet'!G35*0.0114 -> 0 | H42: =H9/'Output-Calculation-sheet'!H8*'Output-Calculation-sheet'!H35*0.0114 -> 0 | I42: =I9/'Output-Calculation-sheet'!I8*'Output-Calculation-sheet'!I35*0.0114 -> 0 | ... Y42: =Y9/'Output-Calculation-sheet'!Y8*'Output-Calculation-sheet'!Y35*0.0114 -> 0 | AA42: =SUM(B42:Y42) -> 0
A43: 2033 | B43: =B10/'Output-Calculation-sheet'!B9*'Output-Calculation-sheet'!B36*0.0114 -> 0 | C43: =C10/'Output-Calculation-sheet'!C9*'Output-Calculation-sheet'!C36*0.0114 -> 0 | D43: =D10/'Output-Calculation-sheet'!D9*'Output-Calculation-sheet'!D36*0.0114 -> 0 | E43: =E10/'Output-Calculation-sheet'!E9*'Output-Calculation-sheet'!E36*0.0114 -> 0 | F43: =F10/'Output-Calculation-sheet'!F9*'Output-Calculation-sheet'!F36*0.0114 -> 0 | G43: =G10/'Output-Calculation-sheet'!G9*'Output-Calculation-sheet'!G36*0.0114 -> 0 | H43: =H10/'Output-Calculation-sheet'!H9*'Output-Calculation-sheet'!H36*0.0114 -> 0 | I43: =I10/'Output-Calculation-sheet'!I9*'Output-Calculation-sheet'!I36*0.0114 -> 0 | ... Y43: =Y10/'Output-Calculation-sheet'!Y9*'Output-Calculation-sheet'!Y36*0.0114 -> 0 | AA43: =SUM(B43:Y43) -> 0
A44: 2034 | B44: =B11/'Output-Calculation-sheet'!B10*'Output-Calculation-sheet'!B37*0.0114 -> 0 | C44: =C11/'Output-Calculation-sheet'!C10*'Output-Calculation-sheet'!C37*0.0114 -> 0 | D44: =D11/'Output-Calculation-sheet'!D10*'Output-Calculation-sheet'!D37*0.0114 -> 0 | E44: =E11/'Output-Calculation-sheet'!E10*'Output-Calculation-sheet'!E37*0.0114 -> 0 | F44: =F11/'Output-Calculation-sheet'!F10*'Output-Calculation-sheet'!F37*0.0114 -> 0 | G44: =G11/'Output-Calculation-sheet'!G10*'Output-Calculation-sheet'!G37*0.0114 -> 0 | H44: =H11/'Output-Calculation-sheet'!H10*'Output-Calculation-sheet'!H37*0.0114 -> 0 | I44: =I11/'Output-Calculation-sheet'!I10*'Output-Calculation-sheet'!I37*0.0114 -> 0 | ... Y44: =Y11/'Output-Calculation-sheet'!Y10*'Output-Calculation-sheet'!Y37*0.0114 -> 0 | AA44: =SUM(B44:Y44) -> 0
A45: 2035 | B45: =B12/'Output-Calculation-sheet'!B11*'Output-Calculation-sheet'!B38*0.0114 -> 0.082737006 | C45: =C12/'Output-Calculation-sheet'!C11*'Output-Calculation-sheet'!C38*0.0114 -> 0.039268898 | D45: =D12/'Output-Calculation-sheet'!D11*'Output-Calculation-sheet'!D38*0.0114 -> 0.13914185 | E45: =E12/'Output-Calculation-sheet'!E11*'Output-Calculation-sheet'!E38*0.0114 -> 0.082935591 | F45: =F12/'Output-Calculation-sheet'!F11*'Output-Calculation-sheet'!F38*0.0114 -> 0.052160781 | G45: =G12/'Output-Calculation-sheet'!G11*'Output-Calculation-sheet'!G38*0.0114 -> 0.049913328 | H45: =H12/'Output-Calculation-sheet'!H11*'Output-Calculation-sheet'!H38*0.0114 -> 0.012088185 | I45: =I12/'Output-Calculation-sheet'!I11*'Output-Calculation-sheet'!I38*0.0114 -> 0.044893954 | ... Y45: =Y12/'Output-Calculation-sheet'!Y11*'Output-Calculation-sheet'!Y38*0.0114 -> 0.0026416969 | AA45: =SUM(B45:Y45) -> 0.77797999
A47: Battery Storage Capacity (MWh) | AA47: Total Battery Storage Capacity (GWh)
A49: 2028 | B49: =B5/'Output-Calculation-sheet'!B4*'Output-Calculation-sheet'!B40 -> #DIV/0! | C49: =C5/'Output-Calculation-sheet'!C4*'Output-Calculation-sheet'!C40 -> #DIV/0! | D49: =D5/'Output-Calculation-sheet'!D4*'Output-Calculation-sheet'!D40 -> #DIV/0! | E49: =E5/'Output-Calculation-sheet'!E4*'Output-Calculation-sheet'!E40 -> #DIV/0! | F49: =F5/'Output-Calculation-sheet'!F4*'Output-Calculation-sheet'!F40 -> #DIV/0! | G49: =G5/'Output-Calculation-sheet'!G4*'Output-Calculation-sheet'!G40 -> #DIV/0! | H49: =H5/'Output-Calculation-sheet'!H4*'Output-Calculation-sheet'!H40 -> #DIV/0! | I49: =I5/'Output-Calculation-sheet'!I4*'Output-Calculation-sheet'!I40 -> #DIV/0! | ... Y49: =Y5/'Output-Calculation-sheet'!Y4*'Output-Calculation-sheet'!Y40 -> #DIV/0! | AA49: =SUM(B49:Y49)/1000 -> #DIV/0!
A50: 2029 | B50: =B6/'Output-Calculation-sheet'!B5*'Output-Calculation-sheet'!B41 -> #DIV/0! | C50: =C6/'Output-Calculation-sheet'!C5*'Output-Calculation-sheet'!C41 -> #DIV/0! | D50: =D6/'Output-Calculation-sheet'!D5*'Output-Calculation-sheet'!D41 -> #DIV/0! | E50: =E6/'Output-Calculation-sheet'!E5*'Output-Calculation-sheet'!E41 -> #DIV/0! | F50: =F6/'Output-Calculation-sheet'!F5*'Output-Calculation-sheet'!F41 -> #DIV/0! | G50: =G6/'Output-Calculation-sheet'!G5*'Output-Calculation-sheet'!G41 -> #DIV/0! | H50: =H6/'Output-Calculation-sheet'!H5*'Output-Calculation-sheet'!H41 -> #DIV/0! | I50: =I6/'Output-Calculation-sheet'!I5*'Output-Calculation-sheet'!I41 -> #DIV/0! | ... Y50: =Y6/'Output-Calculation-sheet'!Y5*'Output-Calculation-sheet'!Y41 -> #DIV/0! | AA50: =SUM(B50:Y50)/1000 -> #DIV/0!
A51: 2030 | B51: =B7/'Output-Calculation-sheet'!B6*'Output-Calculation-sheet'!B42 -> #DIV/0! | C51: =C7/'Output-Calculation-sheet'!C6*'Output-Calculation-sheet'!C42 -> #DIV/0! | D51: =D7/'Output-Calculation-sheet'!D6*'Output-Calculation-sheet'!D42 -> #DIV/0! | E51: =E7/'Output-Calculation-sheet'!E6*'Output-Calculation-sheet'!E42 -> #DIV/0! | F51: =F7/'Output-Calculation-sheet'!F6*'Output-Calculation-sheet'!F42 -> #DIV/0! | G51: =G7/'Output-Calculation-sheet'!G6*'Output-Calculation-sheet'!G42 -> #DIV/0! | H51: =H7/'Output-Calculation-sheet'!H6*'Output-Calculation-sheet'!H42 -> #DIV/0! | I51: =I7/'Output-Calculation-sheet'!I6*'Output-Calculation-sheet'!I42 -> #DIV/0! | ... Y51: =Y7/'Output-Calculation-sheet'!Y6*'Output-Calculation-sheet'!Y42 -> #DIV/0! | AA51: =SUM(B51:Y51)/1000 -> #DIV/0!
A52: 2031 | B52: =B8/'Output-Calculation-sheet'!B7*'Output-Calculation-sheet'!B43 -> 0 | C52: =C8/'Output-Calculation-sheet'!C7*'Output-Calculation-sheet'!C43 -> 0 | D52: =D8/'Output-Calculation-sheet'!D7*'Output-Calculation-sheet'!D43 -> 0 | E52: =E8/'Output-Calculation-sheet'!E7*'Output-Calculation-sheet'!E43 -> 0 | F52: =F8/'Output-Calculation-sheet'!F7*'Output-Calculation-sheet'!F43 -> 0 | G52: =G8/'Output-Calculation-sheet'!G7*'Output-Calculation-sheet'!G43 -> 0 | H52: =H8/'Output-Calculation-sheet'!H7*'Output-Calculation-sheet'!H43 -> 0 | I52: =I8/'Output-Calculation-sheet'!I7*'Output-Calculation-sheet'!I43 -> 0 | ... Y52: =Y8/'Output-Calculation-sheet'!Y7*'Output-Calculation-sheet'!Y43 -> 0 | AA52: =SUM(B52:Y52)/1000 -> 0
A53: 2032 | B53: =B9/'Output-Calculation-sheet'!B8*'Output-Calculation-sheet'!B44 -> 0 | C53: =C9/'Output-Calculation-sheet'!C8*'Output-Calculation-sheet'!C44 -> 0 | D53: =D9/'Output-Calculation-sheet'!D8*'Output-Calculation-sheet'!D44 -> 0 | E53: =E9/'Output-Calculation-sheet'!E8*'Output-Calculation-sheet'!E44 -> 0 | F53: =F9/'Output-Calculation-sheet'!F8*'Output-Calculation-sheet'!F44 -> 0 | G53: =G9/'Output-Calculation-sheet'!G8*'Output-Calculation-sheet'!G44 -> 0 | H53: =H9/'Output-Calculation-sheet'!H8*'Output-Calculation-sheet'!H44 -> 0 | I53: =I9/'Output-Calculation-sheet'!I8*'Output-Calculation-sheet'!I44 -> 0 | ... Y53: =Y9/'Output-Calculation-sheet'!Y8*'Output-Calculation-sheet'!Y44 -> 0 | AA53: =SUM(B53:Y53)/1000 -> 0.10034114
A54: 2033 | B54: =B10/'Output-Calculation-sheet'!B9*'Output-Calculation-sheet'!B45 -> 0 | C54: =C10/'Output-Calculation-sheet'!C9*'Output-Calculation-sheet'!C45 -> 0 | D54: =D10/'Output-Calculation-sheet'!D9*'Output-Calculation-sheet'!D45 -> 0 | E54: =E10/'Output-Calculation-sheet'!E9*'Output-Calculation-sheet'!E45 -> 0 | F54: =F10/'Output-Calculation-sheet'!F9*'Output-Calculation-sheet'!F45 -> 0 | G54: =G10/'Output-Calculation-sheet'!G9*'Output-Calculation-sheet'!G45 -> 0 | H54: =H10/'Output-Calculation-sheet'!H9*'Output-Calculation-sheet'!H45 -> 0 | I54: =I10/'Output-Calculation-sheet'!I9*'Output-Calculation-sheet'!I45 -> 0 | ... Y54: =Y10/'Output-Calculation-sheet'!Y9*'Output-Calculation-sheet'!Y45 -> 11.442799 | AA54: =SUM(B54:Y54)/1000 -> 3.0208538
A55: 2034 | B55: =B11/'Output-Calculation-sheet'!B10*'Output-Calculation-sheet'!B46 -> 1088.7982 | C55: =C11/'Output-Calculation-sheet'!C10*'Output-Calculation-sheet'!C46 -> 0 | D55: =D11/'Output-Calculation-sheet'!D10*'Output-Calculation-sheet'!D46 -> 4837.0811 | E55: =E11/'Output-Calculation-sheet'!E10*'Output-Calculation-sheet'!E46 -> 6002.7631 | F55: =F11/'Output-Calculation-sheet'!F10*'Output-Calculation-sheet'!F46 -> 179.99529 | G55: =G11/'Output-Calculation-sheet'!G10*'Output-Calculation-sheet'!G46 -> 2153.3628 | H55: =H11/'Output-Calculation-sheet'!H10*'Output-Calculation-sheet'!H46 -> 371.18075 | I55: =I11/'Output-Calculation-sheet'!I10*'Output-Calculation-sheet'!I46 -> 1162.8778 | ... Y55: =Y11/'Output-Calculation-sheet'!Y10*'Output-Calculation-sheet'!Y46 -> 182.62723 | AA55: =SUM(B55:Y55)/1000 -> 27.338464
A56: 2035 | B56: =B12/'Output-Calculation-sheet'!B11*'Output-Calculation-sheet'!B47 -> 297.56292 | C56: =C12/'Output-Calculation-sheet'!C11*'Output-Calculation-sheet'!C47 -> 234.23553 | D56: =D12/'Output-Calculation-sheet'!D11*'Output-Calculation-sheet'!D47 -> 5413.1062 | E56: =E12/'Output-Calculation-sheet'!E11*'Output-Calculation-sheet'!E47 -> 6593.622 | F56: =F12/'Output-Calculation-sheet'!F11*'Output-Calculation-sheet'!F47 -> 1718.8655 | G56: =G12/'Output-Calculation-sheet'!G11*'Output-Calculation-sheet'!G47 -> 4242.6329 | H56: =H12/'Output-Calculation-sheet'!H11*'Output-Calculation-sheet'!H47 -> 88.010468 | I56: =I12/'Output-Calculation-sheet'!I11*'Output-Calculation-sheet'!I47 -> 2118.6796 | ... Y56: =Y12/'Output-Calculation-sheet'!Y11*'Output-Calculation-sheet'!Y47 -> 178.27592 | AA56: =SUM(B56:Y56)/1000 -> 35.528005
A58: Total cost of energy ($bn) | AA58: Total cost of energy ($bn)
A60: 2028 | B60: =B5*'Output-Calculation-sheet'!B49/10^9 -> 0 | C60: =C5*'Output-Calculation-sheet'!C49/10^9 -> 0 | D60: =D5*'Output-Calculation-sheet'!D49/10^9 -> 0 | E60: =E5*'Output-Calculation-sheet'!E49/10^9 -> 0 | F60: =F5*'Output-Calculation-sheet'!F49/10^9 -> 0 | G60: =G5*'Output-Calculation-sheet'!G49/10^9 -> 0 | H60: =H5*'Output-Calculation-sheet'!H49/10^9 -> 0 | I60: =I5*'Output-Calculation-sheet'!I49/10^9 -> 0 | ... Y60: =Y5*'Output-Calculation-sheet'!Y49/10^9 -> 0 | AA60: =SUM(B60:Y60) -> 0
A61: 2029 | B61: =B6*'Output-Calculation-sheet'!B50/10^9 -> 0 | C61: =C6*'Output-Calculation-sheet'!C50/10^9 -> 0 | D61: =D6*'Output-Calculation-sheet'!D50/10^9 -> 0 | E61: =E6*'Output-Calculation-sheet'!E50/10^9 -> 0 | F61: =F6*'Output-Calculation-sheet'!F50/10^9 -> 0 | G61: =G6*'Output-Calculation-sheet'!G50/10^9 -> 0 | H61: =H6*'Output-Calculation-sheet'!H50/10^9 -> 0 | I61: =I6*'Output-Calculation-sheet'!I50/10^9 -> 0 | ... Y61: =Y6*'Output-Calculation-sheet'!Y50/10^9 -> 0 | AA61: =SUM(B61:Y61) -> 0
A62: 2030 | B62: =B7*'Output-Calculation-sheet'!B51/10^9 -> 0 | C62: =C7*'Output-Calculation-sheet'!C51/10^9 -> 0 | D62: =D7*'Output-Calculation-sheet'!D51/10^9 -> 0 | E62: =E7*'Output-Calculation-sheet'!E51/10^9 -> 0 | F62: =F7*'Output-Calculation-sheet'!F51/10^9 -> 0 | G62: =G7*'Output-Calculation-sheet'!G51/10^9 -> 0 | H62: =H7*'Output-Calculation-sheet'!H51/10^9 -> 0 | I62: =I7*'Output-Calculation-sheet'!I51/10^9 -> 0 | ... Y62: =Y7*'Output-Calculation-sheet'!Y51/10^9 -> 0 | AA62: =SUM(B62:Y62) -> 0
A63: 2031 | B63: =B8*'Output-Calculation-sheet'!B52/10^9 -> 5.4777668 | C63: =C8*'Output-Calculation-sheet'!C52/10^9 -> 2.5810407 | D63: =D8*'Output-Calculation-sheet'!D52/10^9 -> 1.2825679 | E63: =E8*'Output-Calculation-sheet'!E52/10^9 -> 1.4673142 | F63: =F8*'Output-Calculation-sheet'!F52/10^9 -> 0.68587511 | G63: =G8*'Output-Calculation-sheet'!G52/10^9 -> 0.523162 | H63: =H8*'Output-Calculation-sheet'!H52/10^9 -> 0.7118879 | I63: =I8*'Output-Calculation-sheet'!I52/10^9 -> 0.41326321 | ... Y63: =Y8*'Output-Calculation-sheet'!Y52/10^9 -> 0.041879227 | AA63: =SUM(B63:Y63) -> 17.958161
A64: 2032 | B64: =B9*'Output-Calculation-sheet'!B53/10^9 -> 5.2658334 | C64: =C9*'Output-Calculation-sheet'!C53/10^9 -> 2.5312961 | D64: =D9*'Output-Calculation-sheet'!D53/10^9 -> 1.1066144 | E64: =E9*'Output-Calculation-sheet'!E53/10^9 -> 1.2921017 | F64: =F9*'Output-Calculation-sheet'!F53/10^9 -> 0.59292366 | G64: =G9*'Output-Calculation-sheet'!G53/10^9 -> 0.44395672 | H64: =H9*'Output-Calculation-sheet'!H53/10^9 -> 0.71565004 | I64: =I9*'Output-Calculation-sheet'!I53/10^9 -> 0.36001845 | ... Y64: =Y9*'Output-Calculation-sheet'!Y53/10^9 -> 0.038654154 | AA64: =SUM(B64:Y64) -> 16.840196
A65: 2033 | B65: =B10*'Output-Calculation-sheet'!B54/10^9 -> 5.1233292 | C65: =C10*'Output-Calculation-sheet'!C54/10^9 -> 2.474292 | D65: =D10*'Output-Calculation-sheet'!D54/10^9 -> 0.93837115 | E65: =E10*'Output-Calculation-sheet'!E54/10^9 -> 1.1950281 | F65: =F10*'Output-Calculation-sheet'!F54/10^9 -> 0.51351329 | G65: =G10*'Output-Calculation-sheet'!G54/10^9 -> 0.36559659 | H65: =H10*'Output-Calculation-sheet'!H54/10^9 -> 0.7246422 | I65: =I10*'Output-Calculation-sheet'!I54/10^9 -> 0.3205519 | ... Y65: =Y10*'Output-Calculation-sheet'!Y54/10^9 -> 0.038164207 | AA65: =SUM(B65:Y65) -> 16.012494
A66: 2034 | B66: =B11*'Output-Calculation-sheet'!B55/10^9 -> 5.0312227 | C66: =C11*'Output-Calculation-sheet'!C55/10^9 -> 2.4434805 | D66: =D11*'Output-Calculation-sheet'!D55/10^9 -> 0.98256034 | E66: =E11*'Output-Calculation-sheet'!E55/10^9 -> 1.2726116 | F66: =F11*'Output-Calculation-sheet'!F55/10^9 -> 0.50087086 | G66: =G11*'Output-Calculation-sheet'!G55/10^9 -> 0.36536319 | H66: =H11*'Output-Calculation-sheet'!H55/10^9 -> 0.73451519 | I66: =I11*'Output-Calculation-sheet'!I55/10^9 -> 0.33964861 | ... Y66: =Y11*'Output-Calculation-sheet'!Y55/10^9 -> 0.042978566 | AA66: =SUM(B66:Y66) -> 16.091616
A67: 2035 | B67: =B12*'Output-Calculation-sheet'!B56/10^9 -> 5.1346851 | C67: =C12*'Output-Calculation-sheet'!C56/10^9 -> 2.4018465 | D67: =D12*'Output-Calculation-sheet'!D56/10^9 -> 1.178311 | E67: =E12*'Output-Calculation-sheet'!E56/10^9 -> 1.583004 | F67: =F12*'Output-Calculation-sheet'!F56/10^9 -> 0.63265018 | G67: =G12*'Output-Calculation-sheet'!G56/10^9 -> 0.46611509 | H67: =H12*'Output-Calculation-sheet'!H56/10^9 -> 0.75620287 | I67: =I12*'Output-Calculation-sheet'!I56/10^9 -> 0.42711955 | ... Y67: =Y12*'Output-Calculation-sheet'!Y56/10^9 -> 0.05229183 | AA67: =SUM(B67:Y67) -> 17.421472
B68: =SUM(B60:B67) -> 26.032837 | C68: =SUM(C60:C67) -> 12.431956 | D68: =SUM(D60:D67) -> 5.4884247 | E68: =SUM(E60:E67) -> 6.8100596 | F68: =SUM(F60:F67) -> 2.9258331 | G68: =SUM(G60:G67) -> 2.1641936 | H68: =SUM(H60:H67) -> 3.6428982 | I68: =SUM(I60:I67) -> 1.8606017 | ... Y68: =SUM(Y60:Y67) -> 0.21396798
A69: Battery Interface Capacity (MW) | AA69: Total Battery Interface Capacity (GW)
A71: 2028 | B71: =B5/'Output-Calculation-sheet'!B4*'Output-Calculation-sheet'!B58 -> #DIV/0! | C71: =C5/'Output-Calculation-sheet'!C4*'Output-Calculation-sheet'!C58 -> #DIV/0! | D71: =D5/'Output-Calculation-sheet'!D4*'Output-Calculation-sheet'!D58 -> #DIV/0! | E71: =E5/'Output-Calculation-sheet'!E4*'Output-Calculation-sheet'!E58 -> #DIV/0! | F71: =F5/'Output-Calculation-sheet'!F4*'Output-Calculation-sheet'!F58 -> #DIV/0! | G71: =G5/'Output-Calculation-sheet'!G4*'Output-Calculation-sheet'!G58 -> #DIV/0! | H71: =H5/'Output-Calculation-sheet'!H4*'Output-Calculation-sheet'!H58 -> #DIV/0! | I71: =I5/'Output-Calculation-sheet'!I4*'Output-Calculation-sheet'!I58 -> #DIV/0! | ... Y71: =Y5/'Output-Calculation-sheet'!Y4*'Output-Calculation-sheet'!Y58 -> #DIV/0! | AA71: =SUM(B71:Y71)/1000 -> #DIV/0!
A72: 2029 | B72: =B6/'Output-Calculation-sheet'!B5*'Output-Calculation-sheet'!B59 -> #DIV/0! | C72: =C6/'Output-Calculation-sheet'!C5*'Output-Calculation-sheet'!C59 -> #DIV/0! | D72: =D6/'Output-Calculation-sheet'!D5*'Output-Calculation-sheet'!D59 -> #DIV/0! | E72: =E6/'Output-Calculation-sheet'!E5*'Output-Calculation-sheet'!E59 -> #DIV/0! | F72: =F6/'Output-Calculation-sheet'!F5*'Output-Calculation-sheet'!F59 -> #DIV/0! | G72: =G6/'Output-Calculation-sheet'!G5*'Output-Calculation-sheet'!G59 -> #DIV/0! | H72: =H6/'Output-Calculation-sheet'!H5*'Output-Calculation-sheet'!H59 -> #DIV/0! | I72: =I6/'Output-Calculation-sheet'!I5*'Output-Calculation-sheet'!I59 -> #DIV/0! | ... Y72: =Y6/'Output-Calculation-sheet'!Y5*'Output-Calculation-sheet'!Y59 -> #DIV/0! | AA72: =SUM(B72:Y72)/1000 -> #DIV/0!
A73: 2030 | B73: =B7/'Output-Calculation-sheet'!B6*'Output-Calculation-sheet'!B60 -> #DIV/0! | C73: =C7/'Output-Calculation-sheet'!C6*'Output-Calculation-sheet'!C60 -> #DIV/0! | D73: =D7/'Output-Calculation-sheet'!D6*'Output-Calculation-sheet'!D60 -> #DIV/0! | E73: =E7/'Output-Calculation-sheet'!E6*'Output-Calculation-sheet'!E60 -> #DIV/0! | F73: =F7/'Output-Calculation-sheet'!F6*'Output-Calculation-sheet'!F60 -> #DIV/0! | G73: =G7/'Output-Calculation-sheet'!G6*'Output-Calculation-sheet'!G60 -> #DIV/0! | H73: =H7/'Output-Calculation-sheet'!H6*'Output-Calculation-sheet'!H60 -> #DIV/0! | I73: =I7/'Output-Calculation-sheet'!I6*'Output-Calculation-sheet'!I60 -> #DIV/0! | ... Y73: =Y7/'Output-Calculation-sheet'!Y6*'Output-Calculation-sheet'!Y60 -> #DIV/0! | AA73: =SUM(B73:Y73)/1000 -> #DIV/0!
A74: 2031 | B74: =B8/'Output-Calculation-sheet'!B7*'Output-Calculation-sheet'!B61 -> 0 | C74: =C8/'Output-Calculation-sheet'!C7*'Output-Calculation-sheet'!C61 -> 0 | D74: =D8/'Output-Calculation-sheet'!D7*'Output-Calculation-sheet'!D61 -> 0 | E74: =E8/'Output-Calculation-sheet'!E7*'Output-Calculation-sheet'!E61 -> 0 | F74: =F8/'Output-Calculation-sheet'!F7*'Output-Calculation-sheet'!F61 -> 0 | G74: =G8/'Output-Calculation-sheet'!G7*'Output-Calculation-sheet'!G61 -> 0 | H74: =H8/'Output-Calculation-sheet'!H7*'Output-Calculation-sheet'!H61 -> 0 | I74: =I8/'Output-Calculation-sheet'!I7*'Output-Calculation-sheet'!I61 -> 0 | ... Y74: =Y8/'Output-Calculation-sheet'!Y7*'Output-Calculation-sheet'!Y61 -> 0 | AA74: =SUM(B74:Y74)/1000 -> 0
A75: 2032 | B75: =B9/'Output-Calculation-sheet'!B8*'Output-Calculation-sheet'!B62 -> 0 | C75: =C9/'Output-Calculation-sheet'!C8*'Output-Calculation-sheet'!C62 -> 0 | D75: =D9/'Output-Calculation-sheet'!D8*'Output-Calculation-sheet'!D62 -> 0 | E75: =E9/'Output-Calculation-sheet'!E8*'Output-Calculation-sheet'!E62 -> 0 | F75: =F9/'Output-Calculation-sheet'!F8*'Output-Calculation-sheet'!F62 -> 0 | G75: =G9/'Output-Calculation-sheet'!G8*'Output-Calculation-sheet'!G62 -> 0 | H75: =H9/'Output-Calculation-sheet'!H8*'Output-Calculation-sheet'!H62 -> 0 | I75: =I9/'Output-Calculation-sheet'!I8*'Output-Calculation-sheet'!I62 -> 0 | ... Y75: =Y9/'Output-Calculation-sheet'!Y8*'Output-Calculation-sheet'!Y62 -> 0 | AA75: =SUM(B75:Y75)/1000 -> 0.03675476
A76: 2033 | B76: =B10/'Output-Calculation-sheet'!B9*'Output-Calculation-sheet'!B63 -> 0 | C76: =C10/'Output-Calculation-sheet'!C9*'Output-Calculation-sheet'!C63 -> 0 | D76: =D10/'Output-Calculation-sheet'!D9*'Output-Calculation-sheet'!D63 -> 0 | E76: =E10/'Output-Calculation-sheet'!E9*'Output-Calculation-sheet'!E63 -> 0 | F76: =F10/'Output-Calculation-sheet'!F9*'Output-Calculation-sheet'!F63 -> 0 | G76: =G10/'Output-Calculation-sheet'!G9*'Output-Calculation-sheet'!G63 -> 0 | H76: =H10/'Output-Calculation-sheet'!H9*'Output-Calculation-sheet'!H63 -> 0 | I76: =I10/'Output-Calculation-sheet'!I9*'Output-Calculation-sheet'!I63 -> 0 | ... Y76: =Y10/'Output-Calculation-sheet'!Y9*'Output-Calculation-sheet'!Y63 -> 4.1914664 | AA76: =SUM(B76:Y76)/1000 -> 0.79148976
A77: 2034 | B77: =B11/'Output-Calculation-sheet'!B10*'Output-Calculation-sheet'!B64 -> 328.38878 | C77: =C11/'Output-Calculation-sheet'!C10*'Output-Calculation-sheet'!C64 -> 0 | D77: =D11/'Output-Calculation-sheet'!D10*'Output-Calculation-sheet'!D64 -> 1105.3508 | E77: =E11/'Output-Calculation-sheet'!E10*'Output-Calculation-sheet'!E64 -> 1383.8976 | F77: =F11/'Output-Calculation-sheet'!F10*'Output-Calculation-sheet'!F64 -> 98.898262 | G77: =G11/'Output-Calculation-sheet'!G10*'Output-Calculation-sheet'!G64 -> 583.67955 | H77: =H11/'Output-Calculation-sheet'!H10*'Output-Calculation-sheet'!H64 -> 90.882016 | I77: =I11/'Output-Calculation-sheet'!I10*'Output-Calculation-sheet'!I64 -> 345.31267 | ... Y77: =Y11/'Output-Calculation-sheet'!Y10*'Output-Calculation-sheet'!Y64 -> 36.778914 | AA77: =SUM(B77:Y77)/1000 -> 6.6164602
A78: 2035 | B78: =B12/'Output-Calculation-sheet'!B11*'Output-Calculation-sheet'!B65 -> 57.233687 | C78: =C12/'Output-Calculation-sheet'!C11*'Output-Calculation-sheet'!C65 -> 41.776596 | D78: =D12/'Output-Calculation-sheet'!D11*'Output-Calculation-sheet'!D65 -> 1204.1873 | E78: =E12/'Output-Calculation-sheet'!E11*'Output-Calculation-sheet'!E65 -> 1076.4288 | F78: =F12/'Output-Calculation-sheet'!F11*'Output-Calculation-sheet'!F65 -> 484.63619 | G78: =G12/'Output-Calculation-sheet'!G11*'Output-Calculation-sheet'!G65 -> 932.44664 | H78: =H12/'Output-Calculation-sheet'!H11*'Output-Calculation-sheet'!H65 -> 16.382671 | I78: =I12/'Output-Calculation-sheet'!I11*'Output-Calculation-sheet'!I65 -> 542.18802 | ... Y78: =Y12/'Output-Calculation-sheet'!Y11*'Output-Calculation-sheet'!Y65 -> 28.693541 | AA78: =SUM(B78:Y78)/1000 -> 7.6023604
A80: Heat Pump Capacity (MW) | AA80: Total Heat Pump Capacity (GW)
A82: 2028 | B82: =B5/'Output-Calculation-sheet'!B4*'Output-Calculation-sheet'!B67 -> #DIV/0! | C82: =C5/'Output-Calculation-sheet'!C4*'Output-Calculation-sheet'!C67 -> #DIV/0! | D82: =D5/'Output-Calculation-sheet'!D4*'Output-Calculation-sheet'!D67 -> #DIV/0! | E82: =E5/'Output-Calculation-sheet'!E4*'Output-Calculation-sheet'!E67 -> #DIV/0! | F82: =F5/'Output-Calculation-sheet'!F4*'Output-Calculation-sheet'!F67 -> #DIV/0! | G82: =G5/'Output-Calculation-sheet'!G4*'Output-Calculation-sheet'!G67 -> #DIV/0! | H82: =H5/'Output-Calculation-sheet'!H4*'Output-Calculation-sheet'!H67 -> #DIV/0! | I82: =I5/'Output-Calculation-sheet'!I4*'Output-Calculation-sheet'!I67 -> #DIV/0! | ... Y82: =Y5/'Output-Calculation-sheet'!Y4*'Output-Calculation-sheet'!Y67 -> #DIV/0! | AA82: =SUM(B82:Y82)/1000 -> #DIV/0!
A83: 2029 | B83: =B6/'Output-Calculation-sheet'!B5*'Output-Calculation-sheet'!B68 -> #DIV/0! | C83: =C6/'Output-Calculation-sheet'!C5*'Output-Calculation-sheet'!C68 -> #DIV/0! | D83: =D6/'Output-Calculation-sheet'!D5*'Output-Calculation-sheet'!D68 -> #DIV/0! | E83: =E6/'Output-Calculation-sheet'!E5*'Output-Calculation-sheet'!E68 -> #DIV/0! | F83: =F6/'Output-Calculation-sheet'!F5*'Output-Calculation-sheet'!F68 -> #DIV/0! | G83: =G6/'Output-Calculation-sheet'!G5*'Output-Calculation-sheet'!G68 -> #DIV/0! | H83: =H6/'Output-Calculation-sheet'!H5*'Output-Calculation-sheet'!H68 -> #DIV/0! | I83: =I6/'Output-Calculation-sheet'!I5*'Output-Calculation-sheet'!I68 -> #DIV/0! | ... Y83: =Y6/'Output-Calculation-sheet'!Y5*'Output-Calculation-sheet'!Y68 -> #DIV/0! | AA83: =SUM(B83:Y83)/1000 -> #DIV/0!
A84: 2030 | B84: =B7/'Output-Calculation-sheet'!B6*'Output-Calculation-sheet'!B69 -> #DIV/0! | C84: =C7/'Output-Calculation-sheet'!C6*'Output-Calculation-sheet'!C69 -> #DIV/0! | D84: =D7/'Output-Calculation-sheet'!D6*'Output-Calculation-sheet'!D69 -> #DIV/0! | E84: =E7/'Output-Calculation-sheet'!E6*'Output-Calculation-sheet'!E69 -> #DIV/0! | F84: =F7/'Output-Calculation-sheet'!F6*'Output-Calculation-sheet'!F69 -> #DIV/0! | G84: =G7/'Output-Calculation-sheet'!G6*'Output-Calculation-sheet'!G69 -> #DIV/0! | H84: =H7/'Output-Calculation-sheet'!H6*'Output-Calculation-sheet'!H69 -> #DIV/0! | I84: =I7/'Output-Calculation-sheet'!I6*'Output-Calculation-sheet'!I69 -> #DIV/0! | ... Y84: =Y7/'Output-Calculation-sheet'!Y6*'Output-Calculation-sheet'!Y69 -> #DIV/0! | AA84: =SUM(B84:Y84)/1000 -> #DIV/0!
A85: 2031 | B85: =B8/'Output-Calculation-sheet'!B7*'Output-Calculation-sheet'!B70 -> 0 | C85: =C8/'Output-Calculation-sheet'!C7*'Output-Calculation-sheet'!C70 -> 0 | D85: =D8/'Output-Calculation-sheet'!D7*'Output-Calculation-sheet'!D70 -> 0 | E85: =E8/'Output-Calculation-sheet'!E7*'Output-Calculation-sheet'!E70 -> 0 | F85: =F8/'Output-Calculation-sheet'!F7*'Output-Calculation-sheet'!F70 -> 0 | G85: =G8/'Output-Calculation-sheet'!G7*'Output-Calculation-sheet'!G70 -> 0 | H85: =H8/'Output-Calculation-sheet'!H7*'Output-Calculation-sheet'!H70 -> 0 | I85: =I8/'Output-Calculation-sheet'!I7*'Output-Calculation-sheet'!I70 -> 0 | ... Y85: =Y8/'Output-Calculation-sheet'!Y7*'Output-Calculation-sheet'!Y70 -> 0 | AA85: =SUM(B85:Y85)/1000 -> 0
A86: 2032 | B86: =B9/'Output-Calculation-sheet'!B8*'Output-Calculation-sheet'!B71 -> 0 | C86: =C9/'Output-Calculation-sheet'!C8*'Output-Calculation-sheet'!C71 -> 0 | D86: =D9/'Output-Calculation-sheet'!D8*'Output-Calculation-sheet'!D71 -> 0 | E86: =E9/'Output-Calculation-sheet'!E8*'Output-Calculation-sheet'!E71 -> 0 | F86: =F9/'Output-Calculation-sheet'!F8*'Output-Calculation-sheet'!F71 -> 0 | G86: =G9/'Output-Calculation-sheet'!G8*'Output-Calculation-sheet'!G71 -> 0 | H86: =H9/'Output-Calculation-sheet'!H8*'Output-Calculation-sheet'!H71 -> 0 | I86: =I9/'Output-Calculation-sheet'!I8*'Output-Calculation-sheet'!I71 -> 0 | ... Y86: =Y9/'Output-Calculation-sheet'!Y8*'Output-Calculation-sheet'!Y71 -> 0 | AA86: =SUM(B86:Y86)/1000 -> 0
A87: 2033 | B87: =B10/'Output-Calculation-sheet'!B9*'Output-Calculation-sheet'!B72 -> 0 | C87: =C10/'Output-Calculation-sheet'!C9*'Output-Calculation-sheet'!C72 -> 0 | D87: =D10/'Output-Calculation-sheet'!D9*'Output-Calculation-sheet'!D72 -> 0 | E87: =E10/'Output-Calculation-sheet'!E9*'Output-Calculation-sheet'!E72 -> 0 | F87: =F10/'Output-Calculation-sheet'!F9*'Output-Calculation-sheet'!F72 -> 0 | G87: =G10/'Output-Calculation-sheet'!G9*'Output-Calculation-sheet'!G72 -> 0 | H87: =H10/'Output-Calculation-sheet'!H9*'Output-Calculation-sheet'!H72 -> 0 | I87: =I10/'Output-Calculation-sheet'!I9*'Output-Calculation-sheet'!I72 -> 0 | ... Y87: =Y10/'Output-Calculation-sheet'!Y9*'Output-Calculation-sheet'!Y72 -> 0 | AA87: =SUM(B87:Y87)/1000 -> 0
A88: 2034 | B88: =B11/'Output-Calculation-sheet'!B10*'Output-Calculation-sheet'!B73 -> 0 | C88: =C11/'Output-Calculation-sheet'!C10*'Output-Calculation-sheet'!C73 -> 0 | D88: =D11/'Output-Calculation-sheet'!D10*'Output-Calculation-sheet'!D73 -> 0 | E88: =E11/'Output-Calculation-sheet'!E10*'Output-Calculation-sheet'!E73 -> 0 | F88: =F11/'Output-Calculation-sheet'!F10*'Output-Calculation-sheet'!F73 -> 0 | G88: =G11/'Output-Calculation-sheet'!G10*'Output-Calculation-sheet'!G73 -> 0 | H88: =H11/'Output-Calculation-sheet'!H10*'Output-Calculation-sheet'!H73 -> 0 | I88: =I11/'Output-Calculation-sheet'!I10*'Output-Calculation-sheet'!I73 -> 0 | ... Y88: =Y11/'Output-Calculation-sheet'!Y10*'Output-Calculation-sheet'!Y73 -> 0 | AA88: =SUM(B88:Y88)/1000 -> 0
A89: 2035 | B89: =B12/'Output-Calculation-sheet'!B11*'Output-Calculation-sheet'!B74 -> 14.515264 | C89: =C12/'Output-Calculation-sheet'!C11*'Output-Calculation-sheet'!C74 -> 3.4446402 | D89: =D12/'Output-Calculation-sheet'!D11*'Output-Calculation-sheet'!D74 -> 76.28391 | E89: =E12/'Output-Calculation-sheet'!E11*'Output-Calculation-sheet'!E74 -> 53.35038 | F89: =F12/'Output-Calculation-sheet'!F11*'Output-Calculation-sheet'!F74 -> 32.02855 | G89: =G12/'Output-Calculation-sheet'!G11*'Output-Calculation-sheet'!G74 -> 28.459354 | H89: =H12/'Output-Calculation-sheet'!H11*'Output-Calculation-sheet'!H74 -> 4.2414683 | I89: =I12/'Output-Calculation-sheet'!I11*'Output-Calculation-sheet'!I74 -> 26.581946 | ... Y89: =Y12/'Output-Calculation-sheet'!Y11*'Output-Calculation-sheet'!Y74 -> 1.6993372 | AA89: =SUM(B89:Y89)/1000 -> 0.38383929
A91: Emissions avoided (kgCO2) | AA91: Total avoided emissions (GtCO2)
A93: 2028 | B93: =B5/'Output-Calculation-sheet'!B4*'Output-Calculation-sheet'!B76 -> #DIV/0! | C93: =C5/'Output-Calculation-sheet'!C4*'Output-Calculation-sheet'!C76 -> #DIV/0! | D93: =D5/'Output-Calculation-sheet'!D4*'Output-Calculation-sheet'!D76 -> #DIV/0! | E93: =E5/'Output-Calculation-sheet'!E4*'Output-Calculation-sheet'!E76 -> #DIV/0! | F93: =F5/'Output-Calculation-sheet'!F4*'Output-Calculation-sheet'!F76 -> #DIV/0! | G93: =G5/'Output-Calculation-sheet'!G4*'Output-Calculation-sheet'!G76 -> #DIV/0! | H93: =H5/'Output-Calculation-sheet'!H4*'Output-Calculation-sheet'!H76 -> #DIV/0! | I93: =I5/'Output-Calculation-sheet'!I4*'Output-Calculation-sheet'!I76 -> #DIV/0! | ... Y93: =Y5/'Output-Calculation-sheet'!Y4*'Output-Calculation-sheet'!Y76 -> #DIV/0! | AA93: =SUM(B93:Y93)/10^9 -> #DIV/0!
A94: 2029 | B94: =B6/'Output-Calculation-sheet'!B5*'Output-Calculation-sheet'!B77 -> #DIV/0! | C94: =C6/'Output-Calculation-sheet'!C5*'Output-Calculation-sheet'!C77 -> #DIV/0! | D94: =D6/'Output-Calculation-sheet'!D5*'Output-Calculation-sheet'!D77 -> #DIV/0! | E94: =E6/'Output-Calculation-sheet'!E5*'Output-Calculation-sheet'!E77 -> #DIV/0! | F94: =F6/'Output-Calculation-sheet'!F5*'Output-Calculation-sheet'!F77 -> #DIV/0! | G94: =G6/'Output-Calculation-sheet'!G5*'Output-Calculation-sheet'!G77 -> #DIV/0! | H94: =H6/'Output-Calculation-sheet'!H5*'Output-Calculation-sheet'!H77 -> #DIV/0! | I94: =I6/'Output-Calculation-sheet'!I5*'Output-Calculation-sheet'!I77 -> #DIV/0! | ... Y94: =Y6/'Output-Calculation-sheet'!Y5*'Output-Calculation-sheet'!Y77 -> #DIV/0! | AA94: =SUM(B94:Y94)/10^9 -> #DIV/0!
A95: 2030 | B95: =B7/'Output-Calculation-sheet'!B6*'Output-Calculation-sheet'!B78 -> #DIV/0! | C95: =C7/'Output-Calculation-sheet'!C6*'Output-Calculation-sheet'!C78 -> #DIV/0! | D95: =D7/'Output-Calculation-sheet'!D6*'Output-Calculation-sheet'!D78 -> #DIV/0! | E95: =E7/'Output-Calculation-sheet'!E6*'Output-Calculation-sheet'!E78 -> #DIV/0! | F95: =F7/'Output-Calculation-sheet'!F6*'Output-Calculation-sheet'!F78 -> #DIV/0! | G95: =G7/'Output-Calculation-sheet'!G6*'Output-Calculation-sheet'!G78 -> #DIV/0! | H95: =H7/'Output-Calculation-sheet'!H6*'Output-Calculation-sheet'!H78 -> #DIV/0! | I95: =I7/'Output-Calculation-sheet'!I6*'Output-Calculation-sheet'!I78 -> #DIV/0! | ... Y95: =Y7/'Output-Calculation-sheet'!Y6*'Output-Calculation-sheet'!Y78 -> #DIV/0! | AA95: =SUM(B95:Y95)/10^9 -> #DIV/0!
A96: 2031 | B96: =B8/'Output-Calculation-sheet'!B7*'Output-Calculation-sheet'!B79 -> 9.0899051e+09 | C96: =C8/'Output-Calculation-sheet'!C7*'Output-Calculation-sheet'!C79 -> 3.0751621e+09 | D96: =D8/'Output-Calculation-sheet'!D7*'Output-Calculation-sheet'!D79 -> 3.2102504e+09 | E96: =E8/'Output-Calculation-sheet'!E7*'Output-Calculation-sheet'!E79 -> 5.7075608e+09 | F96: =F8/'Output-Calculation-sheet'!F7*'Output-Calculation-sheet'!F79 -> 2.3623026e+09 | G96: =G8/'Output-Calculation-sheet'!G7*'Output-Calculation-sheet'!G79 -> 1.8400435e+09 | H96: =H8/'Output-Calculation-sheet'!H7*'Output-Calculation-sheet'!H79 -> 1.5749756e+09 | I96: =I8/'Output-Calculation-sheet'!I7*'Output-Calculation-sheet'!I79 -> 1.2817828e+09 | ... Y96: =Y8/'Output-Calculation-sheet'!Y7*'Output-Calculation-sheet'!Y79 -> 2.0264e+08 | AA96: =SUM(B96:Y96)/10^9 -> 38.595238
A97: 2032 | B97: =B9/'Output-Calculation-sheet'!B8*'Output-Calculation-sheet'!B80 -> 1.1390061e+10 | C97: =C9/'Output-Calculation-sheet'!C8*'Output-Calculation-sheet'!C80 -> 3.8795229e+09 | D97: =D9/'Output-Calculation-sheet'!D8*'Output-Calculation-sheet'!D80 -> 3.8655476e+09 | E97: =E9/'Output-Calculation-sheet'!E8*'Output-Calculation-sheet'!E80 -> 7.0695187e+09 | F97: =F9/'Output-Calculation-sheet'!F8*'Output-Calculation-sheet'!F80 -> 2.9204177e+09 | G97: =G9/'Output-Calculation-sheet'!G8*'Output-Calculation-sheet'!G80 -> 2.2106009e+09 | H97: =H9/'Output-Calculation-sheet'!H8*'Output-Calculation-sheet'!H80 -> 1.9448841e+09 | I97: =I9/'Output-Calculation-sheet'!I8*'Output-Calculation-sheet'!I80 -> 1.5998424e+09 | ... Y97: =Y9/'Output-Calculation-sheet'!Y8*'Output-Calculation-sheet'!Y80 -> 2.4820275e+08 | AA97: =SUM(B97:Y97)/10^9 -> 47.7279
A98: 2033 | B98: =B10/'Output-Calculation-sheet'!B9*'Output-Calculation-sheet'!B81 -> 1.36334e+10 | C98: =C10/'Output-Calculation-sheet'!C9*'Output-Calculation-sheet'!C81 -> 4.6742145e+09 | D98: =D10/'Output-Calculation-sheet'!D9*'Output-Calculation-sheet'!D81 -> 4.4484075e+09 | E98: =E10/'Output-Calculation-sheet'!E9*'Output-Calculation-sheet'!E81 -> 8.3677431e+09 | F98: =F10/'Output-Calculation-sheet'!F9*'Output-Calculation-sheet'!F81 -> 3.4510598e+09 | G98: =G10/'Output-Calculation-sheet'!G9*'Output-Calculation-sheet'!G81 -> 2.5338773e+09 | H98: =H10/'Output-Calculation-sheet'!H9*'Output-Calculation-sheet'!H81 -> 2.2957183e+09 | I98: =I10/'Output-Calculation-sheet'!I9*'Output-Calculation-sheet'!I81 -> 1.9084119e+09 | ... Y98: =Y10/'Output-Calculation-sheet'!Y9*'Output-Calculation-sheet'!Y81 -> 2.9015915e+08 | AA98: =SUM(B98:Y98)/10^9 -> 56.404075
A99: 2034 | B99: =B11/'Output-Calculation-sheet'!B10*'Output-Calculation-sheet'!B82 -> 1.5887336e+10 | C99: =C11/'Output-Calculation-sheet'!C10*'Output-Calculation-sheet'!C82 -> 5.4817939e+09 | D99: =D11/'Output-Calculation-sheet'!D10*'Output-Calculation-sheet'!D82 -> 4.9868658e+09 | E99: =E11/'Output-Calculation-sheet'!E10*'Output-Calculation-sheet'!E82 -> 9.6466659e+09 | F99: =F11/'Output-Calculation-sheet'!F10*'Output-Calculation-sheet'!F82 -> 3.9729675e+09 | G99: =G11/'Output-Calculation-sheet'!G10*'Output-Calculation-sheet'!G82 -> 2.8245015e+09 | H99: =H11/'Output-Calculation-sheet'!H10*'Output-Calculation-sheet'!H82 -> 2.6400136e+09 | I99: =I11/'Output-Calculation-sheet'!I10*'Output-Calculation-sheet'!I82 -> 2.2174199e+09 | ... Y99: =Y11/'Output-Calculation-sheet'!Y10*'Output-Calculation-sheet'!Y82 -> 3.2998685e+08 | AA99: =SUM(B99:Y99)/10^9 -> 64.925712
A100: 2035 | B100: =B12/'Output-Calculation-sheet'!B11*'Output-Calculation-sheet'!B83 -> 1.8149836e+10 | C100: =C12/'Output-Calculation-sheet'!C11*'Output-Calculation-sheet'!C83 -> 6.3013354e+09 | D100: =D12/'Output-Calculation-sheet'!D11*'Output-Calculation-sheet'!D83 -> 5.4844805e+09 | E100: =E12/'Output-Calculation-sheet'!E11*'Output-Calculation-sheet'!E83 -> 1.0907226e+10 | F100: =F12/'Output-Calculation-sheet'!F11*'Output-Calculation-sheet'!F83 -> 4.4867956e+09 | G100: =G12/'Output-Calculation-sheet'!G11*'Output-Calculation-sheet'!G83 -> 3.0833115e+09 | H100: =H12/'Output-Calculation-sheet'!H11*'Output-Calculation-sheet'!H83 -> 2.9782509e+09 | I100: =I12/'Output-Calculation-sheet'!I11*'Output-Calculation-sheet'!I83 -> 2.5269793e+09 | ... Y100: =Y12/'Output-Calculation-sheet'!Y11*'Output-Calculation-sheet'!Y83 -> 3.6763863e+08 | AA100: =SUM(B100:Y100)/10^9 -> 73.300417
A102: Nuclear Capacity (MW) | AA102: Total Nuclear Capacity (GW)
A104: 2028 | B104: =B5/'Output-Calculation-sheet'!B4*'Output-Calculation-sheet'!B85 -> #DIV/0! | C104: =C5/'Output-Calculation-sheet'!C4*'Output-Calculation-sheet'!C85 -> #DIV/0! | D104: =D5/'Output-Calculation-sheet'!D4*'Output-Calculation-sheet'!D85 -> #DIV/0! | E104: =E5/'Output-Calculation-sheet'!E4*'Output-Calculation-sheet'!E85 -> #DIV/0! | F104: =F5/'Output-Calculation-sheet'!F4*'Output-Calculation-sheet'!F85 -> #DIV/0! | G104: =G5/'Output-Calculation-sheet'!G4*'Output-Calculation-sheet'!G85 -> #DIV/0! | H104: =H5/'Output-Calculation-sheet'!H4*'Output-Calculation-sheet'!H85 -> #DIV/0! | I104: =I5/'Output-Calculation-sheet'!I4*'Output-Calculation-sheet'!I85 -> #DIV/0! | ... Y104: =Y5/'Output-Calculation-sheet'!Y4*'Output-Calculation-sheet'!Y85 -> #DIV/0! | AA104: =SUM(B104:Y104)/1000 -> #DIV/0!
A105: 2029 | B105: =B6/'Output-Calculation-sheet'!B5*'Output-Calculation-sheet'!B86 -> #DIV/0! | C105: =C6/'Output-Calculation-sheet'!C5*'Output-Calculation-sheet'!C86 -> #DIV/0! | D105: =D6/'Output-Calculation-sheet'!D5*'Output-Calculation-sheet'!D86 -> #DIV/0! | E105: =E6/'Output-Calculation-sheet'!E5*'Output-Calculation-sheet'!E86 -> #DIV/0! | F105: =F6/'Output-Calculation-sheet'!F5*'Output-Calculation-sheet'!F86 -> #DIV/0! | G105: =G6/'Output-Calculation-sheet'!G5*'Output-Calculation-sheet'!G86 -> #DIV/0! | H105: =H6/'Output-Calculation-sheet'!H5*'Output-Calculation-sheet'!H86 -> #DIV/0! | I105: =I6/'Output-Calculation-sheet'!I5*'Output-Calculation-sheet'!I86 -> #DIV/0! | ... Y105: =Y6/'Output-Calculation-sheet'!Y5*'Output-Calculation-sheet'!Y86 -> #DIV/0! | AA105: =SUM(B105:Y105)/1000 -> #DIV/0!
A106: 2030 | B106: =B7/'Output-Calculation-sheet'!B6*'Output-Calculation-sheet'!B87 -> #DIV/0! | C106: =C7/'Output-Calculation-sheet'!C6*'Output-Calculation-sheet'!C87 -> #DIV/0! | D106: =D7/'Output-Calculation-sheet'!D6*'Output-Calculation-sheet'!D87 -> #DIV/0! | E106: =E7/'Output-Calculation-sheet'!E6*'Output-Calculation-sheet'!E87 -> #DIV/0! | F106: =F7/'Output-Calculation-sheet'!F6*'Output-Calculation-sheet'!F87 -> #DIV/0! | G106: =G7/'Output-Calculation-sheet'!G6*'Output-Calculation-sheet'!G87 -> #DIV/0! | H106: =H7/'Output-Calculation-sheet'!H6*'Output-Calculation-sheet'!H87 -> #DIV/0! | I106: =I7/'Output-Calculation-sheet'!I6*'Output-Calculation-sheet'!I87 -> #DIV/0! | ... Y106: =Y7/'Output-Calculation-sheet'!Y6*'Output-Calculation-sheet'!Y87 -> #DIV/0! | AA106: =SUM(B106:Y106)/1000 -> #DIV/0!
A107: 2031 | B107: =B8/'Output-Calculation-sheet'!B7*'Output-Calculation-sheet'!B88 -> 0 | C107: =C8/'Output-Calculation-sheet'!C7*'Output-Calculation-sheet'!C88 -> 1326.2612 | D107: =D8/'Output-Calculation-sheet'!D7*'Output-Calculation-sheet'!D88 -> 0 | E107: =E8/'Output-Calculation-sheet'!E7*'Output-Calculation-sheet'!E88 -> 0 | F107: =F8/'Output-Calculation-sheet'!F7*'Output-Calculation-sheet'!F88 -> 0 | G107: =G8/'Output-Calculation-sheet'!G7*'Output-Calculation-sheet'!G88 -> 0 | H107: =H8/'Output-Calculation-sheet'!H7*'Output-Calculation-sheet'!H88 -> 408.26432 | I107: =I8/'Output-Calculation-sheet'!I7*'Output-Calculation-sheet'!I88 -> 0 | ... Y107: =Y8/'Output-Calculation-sheet'!Y7*'Output-Calculation-sheet'!Y88 -> 0 | AA107: =SUM(B107:Y107)/1000 -> 2.4658977
A108: 2032 | B108: =B9/'Output-Calculation-sheet'!B8*'Output-Calculation-sheet'!B89 -> 560.54487 | C108: =C9/'Output-Calculation-sheet'!C8*'Output-Calculation-sheet'!C89 -> 2128.3806 | D108: =D9/'Output-Calculation-sheet'!D8*'Output-Calculation-sheet'!D89 -> 0 | E108: =E9/'Output-Calculation-sheet'!E8*'Output-Calculation-sheet'!E89 -> 0 | F108: =F9/'Output-Calculation-sheet'!F8*'Output-Calculation-sheet'!F89 -> 0 | G108: =G9/'Output-Calculation-sheet'!G8*'Output-Calculation-sheet'!G89 -> 0 | H108: =H9/'Output-Calculation-sheet'!H8*'Output-Calculation-sheet'!H89 -> 573.28385 | I108: =I9/'Output-Calculation-sheet'!I8*'Output-Calculation-sheet'!I89 -> 0 | ... Y108: =Y9/'Output-Calculation-sheet'!Y8*'Output-Calculation-sheet'!Y89 -> 0 | AA108: =SUM(B108:Y108)/1000 -> 4.5173742
A109: 2033 | B109: =B10/'Output-Calculation-sheet'!B9*'Output-Calculation-sheet'!B90 -> 2796.8511 | C109: =C10/'Output-Calculation-sheet'!C9*'Output-Calculation-sheet'!C90 -> 2654.9005 | D109: =D10/'Output-Calculation-sheet'!D9*'Output-Calculation-sheet'!D90 -> 0 | E109: =E10/'Output-Calculation-sheet'!E9*'Output-Calculation-sheet'!E90 -> 0 | F109: =F10/'Output-Calculation-sheet'!F9*'Output-Calculation-sheet'!F90 -> 0 | G109: =G10/'Output-Calculation-sheet'!G9*'Output-Calculation-sheet'!G90 -> 0 | H109: =H10/'Output-Calculation-sheet'!H9*'Output-Calculation-sheet'!H90 -> 817.26073 | I109: =I10/'Output-Calculation-sheet'!I9*'Output-Calculation-sheet'!I90 -> 0 | ... Y109: =Y10/'Output-Calculation-sheet'!Y9*'Output-Calculation-sheet'!Y90 -> 0 | AA109: =SUM(B109:Y109)/1000 -> 8.169626
A110: 2034 | B110: =B11/'Output-Calculation-sheet'!B10*'Output-Calculation-sheet'!B91 -> 5030.2475 | C110: =C11/'Output-Calculation-sheet'!C10*'Output-Calculation-sheet'!C91 -> 3448.5705 | D110: =D11/'Output-Calculation-sheet'!D10*'Output-Calculation-sheet'!D91 -> 0 | E110: =E11/'Output-Calculation-sheet'!E10*'Output-Calculation-sheet'!E91 -> 0 | F110: =F11/'Output-Calculation-sheet'!F10*'Output-Calculation-sheet'!F91 -> 0 | G110: =G11/'Output-Calculation-sheet'!G10*'Output-Calculation-sheet'!G91 -> 0 | H110: =H11/'Output-Calculation-sheet'!H10*'Output-Calculation-sheet'!H91 -> 979.91719 | I110: =I11/'Output-Calculation-sheet'!I10*'Output-Calculation-sheet'!I91 -> 0 | ... Y110: =Y11/'Output-Calculation-sheet'!Y10*'Output-Calculation-sheet'!Y91 -> 11.897036 | AA110: =SUM(B110:Y110)/1000 -> 12.33631
A111: 2035 | B111: =B12/'Output-Calculation-sheet'!B11*'Output-Calculation-sheet'!B92 -> 8382.5651 | C111: =C12/'Output-Calculation-sheet'!C11*'Output-Calculation-sheet'!C92 -> 3978.5594 | D111: =D12/'Output-Calculation-sheet'!D11*'Output-Calculation-sheet'!D92 -> 0 | E111: =E12/'Output-Calculation-sheet'!E11*'Output-Calculation-sheet'!E92 -> 1493.8106 | F111: =F12/'Output-Calculation-sheet'!F11*'Output-Calculation-sheet'!F92 -> 0 | G111: =G12/'Output-Calculation-sheet'!G11*'Output-Calculation-sheet'!G92 -> 0 | H111: =H12/'Output-Calculation-sheet'!H11*'Output-Calculation-sheet'!H92 -> 1224.724 | I111: =I12/'Output-Calculation-sheet'!I11*'Output-Calculation-sheet'!I92 -> 0 | ... Y111: =Y12/'Output-Calculation-sheet'!Y11*'Output-Calculation-sheet'!Y92 -> 59.476803 | AA111: =SUM(B111:Y111)/1000 -> 19.197846
A113: Solar Power Supplied (kWh) | AA113: Total Solar Power Supplied (GWh)
A115: 2028 | B115: =B5/'Output-Calculation-sheet'!B4*'Output-Calculation-sheet'!B94 -> #DIV/0! | C115: =C5/'Output-Calculation-sheet'!C4*'Output-Calculation-sheet'!C94 -> #DIV/0! | D115: =D5/'Output-Calculation-sheet'!D4*'Output-Calculation-sheet'!D94 -> #DIV/0! | E115: =E5/'Output-Calculation-sheet'!E4*'Output-Calculation-sheet'!E94 -> #DIV/0! | F115: =F5/'Output-Calculation-sheet'!F4*'Output-Calculation-sheet'!F94 -> #DIV/0! | G115: =G5/'Output-Calculation-sheet'!G4*'Output-Calculation-sheet'!G94 -> #DIV/0! | H115: =H5/'Output-Calculation-sheet'!H4*'Output-Calculation-sheet'!H94 -> #DIV/0! | I115: =I5/'Output-Calculation-sheet'!I4*'Output-Calculation-sheet'!I94 -> #DIV/0! | ... Y115: =Y5/'Output-Calculation-sheet'!Y4*'Output-Calculation-sheet'!Y94 -> #DIV/0! | AA115: =SUM(B115:Y115)/10^6 -> #DIV/0!
A116: 2029 | B116: =B6/'Output-Calculation-sheet'!B5*'Output-Calculation-sheet'!B95 -> #DIV/0! | C116: =C6/'Output-Calculation-sheet'!C5*'Output-Calculation-sheet'!C95 -> #DIV/0! | D116: =D6/'Output-Calculation-sheet'!D5*'Output-Calculation-sheet'!D95 -> #DIV/0! | E116: =E6/'Output-Calculation-sheet'!E5*'Output-Calculation-sheet'!E95 -> #DIV/0! | F116: =F6/'Output-Calculation-sheet'!F5*'Output-Calculation-sheet'!F95 -> #DIV/0! | G116: =G6/'Output-Calculation-sheet'!G5*'Output-Calculation-sheet'!G95 -> #DIV/0! | H116: =H6/'Output-Calculation-sheet'!H5*'Output-Calculation-sheet'!H95 -> #DIV/0! | I116: =I6/'Output-Calculation-sheet'!I5*'Output-Calculation-sheet'!I95 -> #DIV/0! | ... Y116: =Y6/'Output-Calculation-sheet'!Y5*'Output-Calculation-sheet'!Y95 -> #DIV/0! | AA116: =SUM(B116:Y116)/10^6 -> #DIV/0!
A117: 2030 | B117: =B7/'Output-Calculation-sheet'!B6*'Output-Calculation-sheet'!B96 -> #DIV/0! | C117: =C7/'Output-Calculation-sheet'!C6*'Output-Calculation-sheet'!C96 -> #DIV/0! | D117: =D7/'Output-Calculation-sheet'!D6*'Output-Calculation-sheet'!D96 -> #DIV/0! | E117: =E7/'Output-Calculation-sheet'!E6*'Output-Calculation-sheet'!E96 -> #DIV/0! | F117: =F7/'Output-Calculation-sheet'!F6*'Output-Calculation-sheet'!F96 -> #DIV/0! | G117: =G7/'Output-Calculation-sheet'!G6*'Output-Calculation-sheet'!G96 -> #DIV/0! | H117: =H7/'Output-Calculation-sheet'!H6*'Output-Calculation-sheet'!H96 -> #DIV/0! | I117: =I7/'Output-Calculation-sheet'!I6*'Output-Calculation-sheet'!I96 -> #DIV/0! | ... Y117: =Y7/'Output-Calculation-sheet'!Y6*'Output-Calculation-sheet'!Y96 -> #DIV/0! | AA117: =SUM(B117:Y117)/10^6 -> #DIV/0!
A118: 2031 | B118: =B8/'Output-Calculation-sheet'!B7*'Output-Calculation-sheet'!B97 -> 1.0635636e+09 | C118: =C8/'Output-Calculation-sheet'!C7*'Output-Calculation-sheet'!C97 -> 6.2347296e+09 | D118: =D8/'Output-Calculation-sheet'!D7*'Output-Calculation-sheet'!D97 -> 0 | E118: =E8/'Output-Calculation-sheet'!E7*'Output-Calculation-sheet'!E97 -> 0 | F118: =F8/'Output-Calculation-sheet'!F7*'Output-Calculation-sheet'!F97 -> 0 | G118: =G8/'Output-Calculation-sheet'!G7*'Output-Calculation-sheet'!G97 -> 0 | H118: =H8/'Output-Calculation-sheet'!H7*'Output-Calculation-sheet'!H97 -> 1.9182983e+09 | I118: =I8/'Output-Calculation-sheet'!I7*'Output-Calculation-sheet'!I97 -> 0 | ... Y118: =Y8/'Output-Calculation-sheet'!Y7*'Output-Calculation-sheet'!Y97 -> 0 | AA118: =SUM(B118:Y118)/10^6 -> 12812.178
A119: 2032 | B119: =B9/'Output-Calculation-sheet'!B8*'Output-Calculation-sheet'!B98 -> 4.2052367e+09 | C119: =C9/'Output-Calculation-sheet'!C8*'Output-Calculation-sheet'!C98 -> 3.3424071e+09 | D119: =D9/'Output-Calculation-sheet'!D8*'Output-Calculation-sheet'!D98 -> 0 | E119: =E9/'Output-Calculation-sheet'!E8*'Output-Calculation-sheet'!E98 -> 0 | F119: =F9/'Output-Calculation-sheet'!F8*'Output-Calculation-sheet'!F98 -> 0 | G119: =G9/'Output-Calculation-sheet'!G8*'Output-Calculation-sheet'!G98 -> 0 | H119: =H9/'Output-Calculation-sheet'!H8*'Output-Calculation-sheet'!H98 -> 1.9980984e+09 | I119: =I9/'Output-Calculation-sheet'!I8*'Output-Calculation-sheet'!I98 -> 0 | ... Y119: =Y9/'Output-Calculation-sheet'!Y8*'Output-Calculation-sheet'!Y98 -> 0 | AA119: =SUM(B119:Y119)/10^6 -> 13075.479
A120: 2033 | B120: =B10/'Output-Calculation-sheet'!B9*'Output-Calculation-sheet'!B99 -> 4.023643e+09 | C120: =C10/'Output-Calculation-sheet'!C9*'Output-Calculation-sheet'!C99 -> 3.3076844e+09 | D120: =D10/'Output-Calculation-sheet'!D9*'Output-Calculation-sheet'!D99 -> 0 | E120: =E10/'Output-Calculation-sheet'!E9*'Output-Calculation-sheet'!E99 -> 0 | F120: =F10/'Output-Calculation-sheet'!F9*'Output-Calculation-sheet'!F99 -> 0 | G120: =G10/'Output-Calculation-sheet'!G9*'Output-Calculation-sheet'!G99 -> 0 | H120: =H10/'Output-Calculation-sheet'!H9*'Output-Calculation-sheet'!H99 -> 1.0845114e+09 | I120: =I10/'Output-Calculation-sheet'!I9*'Output-Calculation-sheet'!I99 -> 0 | ... Y120: =Y10/'Output-Calculation-sheet'!Y9*'Output-Calculation-sheet'!Y99 -> 0 | AA120: =SUM(B120:Y120)/10^6 -> 10997.996
A121: 2034 | B121: =B11/'Output-Calculation-sheet'!B10*'Output-Calculation-sheet'!B100 -> 3.7763309e+09 | C121: =C11/'Output-Calculation-sheet'!C10*'Output-Calculation-sheet'!C100 -> 4.5272496e+08 | D121: =D11/'Output-Calculation-sheet'!D10*'Output-Calculation-sheet'!D100 -> 0 | E121: =E11/'Output-Calculation-sheet'!E10*'Output-Calculation-sheet'!E100 -> 5.3428715e+08 | F121: =F11/'Output-Calculation-sheet'!F10*'Output-Calculation-sheet'!F100 -> 0 | G121: =G11/'Output-Calculation-sheet'!G10*'Output-Calculation-sheet'!G100 -> 0 | H121: =H11/'Output-Calculation-sheet'!H10*'Output-Calculation-sheet'!H100 -> 1.1920671e+09 | I121: =I11/'Output-Calculation-sheet'!I10*'Output-Calculation-sheet'!I100 -> 0 | ... Y121: =Y11/'Output-Calculation-sheet'!Y10*'Output-Calculation-sheet'!Y100 -> 12092758 | AA121: =SUM(B121:Y121)/10^6 -> 8392.0105
...

Sheet Peak 2035-Fast-Medium
A1: Country | B1: Virginia | C1: Oregon | D1: Iowa | E1: Ohio | F1: Texas | G1: Nebraska | H1: Georgia | I1: Oklahoma | J1: Illinois | K1: New Mexico | L1: New York | M1: Alabama | N1: Tennessee | O1: Washington | P1: Utah | Q1: South Carolina | R1: Arizona | S1: North Carolina | T1: Colorado | U1: Nevada | V1: California | W1: Wyoming | X1: Pennsylvania | Y1: Missouri
A3: Year
A5: 2028 | B5: 5.115808e+10 | C5: 2.4108262e+10 | D5: 2.1486979e+10 | E5: 1.7047737e+10 | F5: 1.097424e+10 | G5: 7.7108023e+09 | H5: 7.5215916e+09 | I5: 7.0251479e+09 | J5: 6.8377937e+09 | K5: 6.7722425e+09 | L5: 5.432781e+09 | M5: 5.1892426e+09 | N5: 5.0932266e+09 | O5: 4.6842562e+09 | P5: 4.6365976e+09 | Q5: 4.5616627e+09 | R5: 4.3885293e+09 | S5: 2.9168414e+09 | T5: 1.6131856e+09 | U5: 1.4050296e+09 | V5: 1.0819009e+09 | W5: 9.3668638e+08 | X5: 5.6201183e+08 | Y5: 5.4655088e+08
A6: 2029 | B6: 6.8020613e+10 | C6: 3.2054736e+10 | D6: 2.8569435e+10 | E6: 2.2666948e+10 | F6: 1.4591528e+10 | G6: 1.0252408e+10 | H6: 1.000083e+10 | I6: 9.3407506e+09 | J6: 9.0916415e+09 | K6: 9.0044835e+09 | L6: 7.2235138e+09 | M6: 6.8997011e+09 | N6: 6.7720367e+09 | O6: 6.228263e+09 | P6: 6.1648954e+09 | Q6: 6.0652607e+09 | R6: 5.8350598e+09 | S6: 3.8782796e+09 | T6: 2.1449178e+09 | U6: 1.8681501e+09 | V6: 1.4385129e+09 | W6: 1.2454334e+09 | X6: 7.4726004e+08 | Y6: 7.2670292e+08
A7: 2030 | B7: 8.3034356e+10 | C7: 3.9129967e+10 | D7: 3.4875379e+10 | E7: 2.7670074e+10 | F7: 1.781222e+10 | G7: 1.2515354e+10 | H7: 1.2208248e+10 | I7: 1.1402473e+10 | J7: 1.109838e+10 | K7: 1.0991984e+10 | L7: 8.8179125e+09 | M7: 8.4226268e+09 | N7: 8.2667838e+09 | O7: 7.6029866e+09 | P7: 7.5256322e+09 | Q7: 7.4040058e+09 | R7: 7.1229942e+09 | S7: 4.7343068e+09 | T7: 2.6183514e+09 | U7: 2.2804946e+09 | V7: 1.7560265e+09 | W7: 1.5203297e+09 | X7: 9.1219784e+08 | Y7: 8.8710328e+08
A8: 2031 | B8: 9.4207141e+10 | C8: 4.4395145e+10 | D8: 3.9568076e+10 | E8: 3.1393253e+10 | F8: 2.0208964e+10 | G8: 1.4199372e+10 | H8: 1.3850943e+10 | I8: 1.2936746e+10 | J8: 1.2591735e+10 | K8: 1.2471023e+10 | L8: 1.0004417e+10 | M8: 9.5559431e+09 | N8: 9.3791306e+09 | O8: 8.6260153e+09 | P8: 8.5382524e+09 | Q8: 8.4002605e+09 | R8: 8.0814369e+09 | S8: 5.371337e+09 | T8: 2.9706667e+09 | U8: 2.5873492e+09 | V8: 1.9923106e+09 | W8: 1.7248995e+09 | X8: 1.0349397e+09 | Y8: 1.0064685e+09
A9: 2032 | B9: 9.9380644e+10 | C9: 4.6833161e+10 | D9: 4.1741007e+10 | E9: 3.3117253e+10 | F9: 2.1318764e+10 | G9: 1.4979149e+10 | H9: 1.4611585e+10 | I9: 1.3647184e+10 | J9: 1.3283226e+10 | K9: 1.3155885e+10 | L9: 1.0553822e+10 | M9: 1.008072e+10 | N9: 9.8941973e+09 | O9: 9.0997238e+09 | P9: 9.0071413e+09 | Q9: 8.8615713e+09 | R9: 8.5252392e+09 | S9: 5.6663107e+09 | T9: 3.1338046e+09 | U9: 2.7294367e+09 | V9: 2.1017209e+09 | W9: 1.8196245e+09 | X9: 1.0917747e+09 | Y9: 1.06174e+09
A10: 2033 | B10: 1.0005965e+11 | C10: 4.7153144e+10 | D10: 4.2026198e+10 | E10: 3.3343524e+10 | F10: 2.1464423e+10 | G10: 1.5081493e+10 | H10: 1.4711417e+10 | I10: 1.3740427e+10 | J10: 1.3373983e+10 | K10: 1.3245772e+10 | L10: 1.062593e+10 | M10: 1.0149595e+10 | N10: 9.9617985e+09 | O10: 9.1618968e+09 | P10: 9.0686817e+09 | Q10: 8.9221172e+09 | R10: 8.5834871e+09 | S10: 5.7050252e+09 | T10: 3.1552161e+09 | U10: 2.7480854e+09 | V10: 2.1160807e+09 | W10: 1.8320569e+09 | X10: 1.0992341e+09 | Y10: 1.0689942e+09
A11: 2034 | B11: 9.6236314e+10 | C11: 4.5351394e+10 | D11: 4.0420352e+10 | E11: 3.2069448e+10 | F11: 2.0644254e+10 | G11: 1.450522e+10 | H11: 1.4149285e+10 | I11: 1.3215397e+10 | J11: 1.2862955e+10 | K11: 1.2739643e+10 | L11: 1.0219907e+10 | M11: 9.7617732e+09 | N11: 9.5811522e+09 | O11: 8.8118152e+09 | P11: 8.7221619e+09 | Q11: 8.5811977e+09 | R11: 8.2555069e+09 | S11: 5.4870328e+09 | T11: 3.0346533e+09 | U11: 2.6430794e+09 | V11: 2.035224e+09 | W11: 1.7620529e+09 | X11: 1.0572318e+09 | Y11: 1.0281473e+09
A12: 2035 | B12: 8.8070102e+10 | C12: 4.1503064e+10 | D12: 3.699045e+10 | E12: 2.9348168e+10 | F12: 1.8892469e+10 | G12: 1.3274367e+10 | H12: 1.2948636e+10 | I12: 1.2093993e+10 | J12: 1.1771458e+10 | K12: 1.165861e+10 | L12: 9.3526883e+09 | M12: 8.9334298e+09 | N12: 8.7681356e+09 | O12: 8.0640813e+09 | P12: 7.9820357e+09 | Q12: 7.8530331e+09 | R12: 7.554979e+09 | S12: 5.0214261e+09 | T12: 2.7771453e+09 | U12: 2.4187987e+09 | V12: 1.8625234e+09 | W12: 1.6125325e+09 | X12: 9.6751948e+08 | Y12: 9.4090302e+08
A14: Solar Capacity (MW) | AA14: Total Solar Capacity (GW)
A16: 2028 | B16: =B5/'Output-Calculation-sheet'!B4*'Output-Calculation-sheet'!B22 -> #DIV/0! | C16: =C5/'Output-Calculation-sheet'!C4*'Output-Calculation-sheet'!C22 -> #DIV/0! | D16: =D5/'Output-Calculation-sheet'!D4*'Output-Calculation-sheet'!D22 -> #DIV/0! | E16: =E5/'Output-Calculation-sheet'!E4*'Output-Calculation-sheet'!E22 -> #DIV/0! | F16: =F5/'Output-Calculation-sheet'!F4*'Output-Calculation-sheet'!F22 -> #DIV/0! | G16: =G5/'Output-Calculation-sheet'!G4*'Output-Calculation-sheet'!G22 -> #DIV/0! | H16: =H5/'Output-Calculation-sheet'!H4*'Output-Calculation-sheet'!H22 -> #DIV/0! | I16: =I5/'Output-Calculation-sheet'!I4*'Output-Calculation-sheet'!I22 -> #DIV/0! | ... Y16: =Y5/'Output-Calculation-sheet'!Y4*'Output-Calculation-sheet'!Y22 -> #DIV/0! | AA16: =SUM(B16:Y16)/1000 -> #DIV/0!
A17: 2029 | B17: =B6/'Output-Calculation-sheet'!B5*'Output-Calculation-sheet'!B23 -> #DIV/0! | C17: =C6/'Output-Calculation-sheet'!C5*'Output-Calculation-sheet'!C23 -> #DIV/0! | D17: =D6/'Output-Calculation-sheet'!D5*'Output-Calculation-sheet'!D23 -> #DIV/0! | E17: =E6/'Output-Calculation-sheet'!E5*'Output-Calculation-sheet'!E23 -> #DIV/0! | F17: =F6/'Output-Calculation-sheet'!F5*'Output-Calculation-sheet'!F23 -> #DIV/0! | G17: =G6/'Output-Calculation-sheet'!G5*'Output-Calculation-sheet'!G23 -> #DIV/0! | H17: =H6/'Output-Calculation-sheet'!H5*'Output-Calculation-sheet'!H23 -> #DIV/0! | I17: =I6/'Output-Calculation-sheet'!I5*'Output-Calculation-sheet'!I23 -> #DIV/0! | ... Y17: =Y6/'Output-Calculation-sheet'!Y5*'Output-Calculation-sheet'!Y23 -> #DIV/0! | AA17: =SUM(B17:Y17)/1000 -> #DIV/0!
A18: 2030 | B18: =B7/'Output-Calculation-sheet'!B6*'Output-Calculation-sheet'!B24 -> #DIV/0! | C18: =C7/'Output-Calculation-sheet'!C6*'Output-Calculation-sheet'!C24 -> #DIV/0! | D18: =D7/'Output-Calculation-sheet'!D6*'Output-Calculation-sheet'!D24 -> #DIV/0! | E18: =E7/'Output-Calculation-sheet'!E6*'Output-Calculation-sheet'!E24 -> #DIV/0! | F18: =F7/'Output-Calculation-sheet'!F6*'Output-Calculation-sheet'!F24 -> #DIV/0! | G18: =G7/'Output-Calculation-sheet'!G6*'Output-Calculation-sheet'!G24 -> #DIV/0! | H18: =H7/'Output-Calculation-sheet'!H6*'Output-Calculation-sheet'!H24 -> #DIV/0! | I18: =I7/'Output-Calculation-sheet'!I6*'Output-Calculation-sheet'!I24 -> #DIV/0! | ... Y18: =Y7/'Output-Calculation-sheet'!Y6*'Output-Calculation-sheet'!Y24 -> #DIV/0! | AA18: =SUM(B18:Y18)/1000 -> #DIV/0!
A19: 2031 | B19: =B8/'Output-Calculation-sheet'!B7*'Output-Calculation-sheet'!B25 -> 1047.3376 | C19: =C8/'Output-Calculation-sheet'!C7*'Output-Calculation-sheet'!C25 -> 4927.6883 | D19: =D8/'Output-Calculation-sheet'!D7*'Output-Calculation-sheet'!D25 -> 0 | E19: =E8/'Output-Calculation-sheet'!E7*'Output-Calculation-sheet'!E25 -> 0 | F19: =F8/'Output-Calculation-sheet'!F7*'Output-Calculation-sheet'!F25 -> 0 | G19: =G8/'Output-Calculation-sheet'!G7*'Output-Calculation-sheet'!G25 -> 0 | H19: =H8/'Output-Calculation-sheet'!H7*'Output-Calculation-sheet'!H25 -> 1492.656 | I19: =I8/'Output-Calculation-sheet'!I7*'Output-Calculation-sheet'!I25 -> 0 | ... Y19: =Y8/'Output-Calculation-sheet'!Y7*'Output-Calculation-sheet'!Y25 -> 0 | AA19: =SUM(B19:Y19)/1000 -> 10.419541
A20: 2032 | B20: =B9/'Output-Calculation-sheet'!B8*'Output-Calculation-sheet'!B26 -> 4987.9685 | C20: =C9/'Output-Calculation-sheet'!C8*'Output-Calculation-sheet'!C26 -> 2735.2802 | D20: =D9/'Output-Calculation-sheet'!D8*'Output-Calculation-sheet'!D26 -> 0 | E20: =E9/'Output-Calculation-sheet'!E8*'Output-Calculation-sheet'!E26 -> 0 | F20: =F9/'Output-Calculation-sheet'!F8*'Output-Calculation-sheet'!F26 -> 0 | G20: =G9/'Output-Calculation-sheet'!G8*'Output-Calculation-sheet'!G26 -> 0 | H20: =H9/'Output-Calculation-sheet'!H8*'Output-Calculation-sheet'!H26 -> 1642.0022 | I20: =I9/'Output-Calculation-sheet'!I8*'Output-Calculation-sheet'!I26 -> 0 | ... Y20: =Y9/'Output-Calculation-sheet'!Y8*'Output-Calculation-sheet'!Y26 -> 0 | AA20: =SUM(B20:Y20)/1000 -> 12.344394
A21: 2033 | B21: =B10/'Output-Calculation-sheet'!B9*'Output-Calculation-sheet'!B27 -> 4443.3679 | C21: =C10/'Output-Calculation-sheet'!C9*'Output-Calculation-sheet'!C27 -> 2731.0819 | D21: =D10/'Output-Calculation-sheet'!D9*'Output-Calculation-sheet'!D27 -> 0 | E21: =E10/'Output-Calculation-sheet'!E9*'Output-Calculation-sheet'!E27 -> 0 | F21: =F10/'Output-Calculation-sheet'!F9*'Output-Calculation-sheet'!F27 -> 0 | G21: =G10/'Output-Calculation-sheet'!G9*'Output-Calculation-sheet'!G27 -> 0 | H21: =H10/'Output-Calculation-sheet'!H9*'Output-Calculation-sheet'!H27 -> 895.45839 | I21: =I10/'Output-Calculation-sheet'!I9*'Output-Calculation-sheet'!I27 -> 0 | ... Y21: =Y10/'Output-Calculation-sheet'!Y9*'Output-Calculation-sheet'!Y27 -> 0 | AA21: =SUM(B21:Y21)/1000 -> 10.256528
A22: 2034 | B22: =B11/'Output-Calculation-sheet'!B10*'Output-Calculation-sheet'!B28 -> 3571.6614 | C22: =C11/'Output-Calculation-sheet'!C10*'Output-Calculation-sheet'!C28 -> 359.81584 | D22: =D11/'Output-Calculation-sheet'!D10*'Output-Calculation-sheet'!D28 -> 0 | E22: =E11/'Output-Calculation-sheet'!E10*'Output-Calculation-sheet'!E28 -> 1217.8348 | F22: =F11/'Output-Calculation-sheet'!F10*'Output-Calculation-sheet'!F28 -> 0 | G22: =G11/'Output-Calculation-sheet'!G10*'Output-Calculation-sheet'!G28 -> 0 | H22: =H11/'Output-Calculation-sheet'!H10*'Output-Calculation-sheet'!H28 -> 947.4233 | I22: =I11/'Output-Calculation-sheet'!I10*'Output-Calculation-sheet'!I28 -> 0 | ... Y22: =Y11/'Output-Calculation-sheet'!Y10*'Output-Calculation-sheet'!Y28 -> 27.006376 | AA22: =SUM(B22:Y22)/1000 -> 8.5100867
A23: 2035 | B23: =B12/'Output-Calculation-sheet'!B11*'Output-Calculation-sheet'!B29 -> 722.0452 | C23: =C12/'Output-Calculation-sheet'!C11*'Output-Calculation-sheet'!C29 -> 135.69816 | D23: =D12/'Output-Calculation-sheet'!D11*'Output-Calculation-sheet'!D29 -> 0 | E23: =E12/'Output-Calculation-sheet'!E11*'Output-Calculation-sheet'!E29 -> 1828.2189 | F23: =F12/'Output-Calculation-sheet'!F11*'Output-Calculation-sheet'!F29 -> 0 | G23: =G12/'Output-Calculation-sheet'!G11*'Output-Calculation-sheet'!G29 -> 0 | H23: =H12/'Output-Calculation-sheet'!H11*'Output-Calculation-sheet'!H29 -> 220.11588 | I23: =I12/'Output-Calculation-sheet'!I11*'Output-Calculation-sheet'!I29 -> 0 | ... Y23: =Y12/'Output-Calculation-sheet'!Y11*'Output-Calculation-sheet'!Y29 -> 56.655656 | AA23: =SUM(B23:Y23)/1000 -> 4.7637861
A25: Wind Capacity (MW) | AA25: Total Wind Capacity (GW)
A27: 2028 | B27: =B5/'Output-Calculation-sheet'!B4*'Output-Calculation-sheet'!B13 -> #DIV/0! | C27: =C5/'Output-Calculation-sheet'!C4*'Output-Calculation-sheet'!C13 -> #DIV/0! | D27: =D5/'Output-Calculation-sheet'!D4*'Output-Calculation-sheet'!D13 -> #DIV/0! | E27: =E5/'Output-Calculation-sheet'!E4*'Output-Calculation-sheet'!E13 -> #DIV/0! | F27: =F5/'Output-Calculation-sheet'!F4*'Output-Calculation-sheet'!F13 -> #DIV/0! | G27: =G5/'Output-Calculation-sheet'!G4*'Output-Calculation-sheet'!G13 -> #DIV/0! | H27: =H5/'Output-Calculation-sheet'!H4*'Output-Calculation-sheet'!H13 -> #DIV/0! | I27: =I5/'Output-Calculation-sheet'!I4*'Output-Calculation-sheet'!I13 -> #DIV/0! | ... Y27: =Y5/'Output-Calculation-sheet'!Y4*'Output-Calculation-sheet'!Y13 -> #DIV/0! | AA27: =SUM(B27:Y27)/1000 -> #DIV/0!
A28: 2029 | B28: =B6/'Output-Calculation-sheet'!B5*'Output-Calculation-sheet'!B14 -> #DIV/0! | C28: =C6/'Output-Calculation-sheet'!C5*'Output-Calculation-sheet'!C14 -> #DIV/0! | D28: =D6/'Output-Calculation-sheet'!D5*'Output-Calculation-sheet'!D14 -> #DIV/0! | E28: =E6/'Output-Calculation-sheet'!E5*'Output-Calculation-sheet'!E14 -> #DIV/0! | F28: =F6/'Output-Calculation-sheet'!F5*'Output-Calculation-sheet'!F14 -> #DIV/0! | G28: =G6/'Output-Calculation-sheet'!G5*'Output-Calculation-sheet'!G14 -> #DIV/0! | H28: =H6/'Output-Calculation-sheet'!H5*'Output-Calculation-sheet'!H14 -> #DIV/0! | I28: =I6/'Output-Calculation-sheet'!I5*'Output-Calculation-sheet'!I14 -> #DIV/0! | ... Y28: =Y6/'Output-Calculation-sheet'!Y5*'Output-Calculation-sheet'!Y14 -> #DIV/0! | AA28: =SUM(B28:Y28)/1000 -> #DIV/0!
A29: 2030 | B29: =B7/'Output-Calculation-sheet'!B6*'Output-Calculation-sheet'!B15 -> #DIV/0! | C29: =C7/'Output-Calculation-sheet'!C6*'Output-Calculation-sheet'!C15 -> #DIV/0! | D29: =D7/'Output-Calculation-sheet'!D6*'Output-Calculation-sheet'!D15 -> #DIV/0! | E29: =E7/'Output-Calculation-sheet'!E6*'Output-Calculation-sheet'!E15 -> #DIV/0! | F29: =F7/'Output-Calculation-sheet'!F6*'Output-Calculation-sheet'!F15 -> #DIV/0! | G29: =G7/'Output-Calculation-sheet'!G6*'Output-Calculation-sheet'!G15 -> #DIV/0! | H29: =H7/'Output-Calculation-sheet'!H6*'Output-Calculation-sheet'!H15 -> #DIV/0! | I29: =I7/'Output-Calculation-sheet'!I6*'Output-Calculation-sheet'!I15 -> #DIV/0! | ... Y29: =Y7/'Output-Calculation-sheet'!Y6*'Output-Calculation-sheet'!Y15 -> #DIV/0! | AA29: =SUM(B29:Y29)/1000 -> #DIV/0!
A30: 2031 | B30: =B8/'Output-Calculation-sheet'!B7*'Output-Calculation-sheet'!B16 -> 18256.142 | C30: =C8/'Output-Calculation-sheet'!C7*'Output-Calculation-sheet'!C16 -> 0 | D30: =D8/'Output-Calculation-sheet'!D7*'Output-Calculation-sheet'!D16 -> 3074.07 | E30: =E8/'Output-Calculation-sheet'!E7*'Output-Calculation-sheet'!E16 -> 3307.5299 | F30: =F8/'Output-Calculation-sheet'!F7*'Output-Calculation-sheet'!F16 -> 1668.6937 | G30: =G8/'Output-Calculation-sheet'!G7*'Output-Calculation-sheet'!G16 -> 1092.7817 | H30: =H8/'Output-Calculation-sheet'!H7*'Output-Calculation-sheet'!H16 -> 0 | I30: =I8/'Output-Calculation-sheet'!I7*'Output-Calculation-sheet'!I16 -> 1065.3115 | ... Y30: =Y8/'Output-Calculation-sheet'!Y7*'Output-Calculation-sheet'!Y16 -> 114.05945 | AA30: =SUM(B30:Y30)/1000 -> 38.551956
A31: 2032 | B31: =B9/'Output-Calculation-sheet'!B8*'Output-Calculation-sheet'!B17 -> 20971.485 | C31: =C9/'Output-Calculation-sheet'!C8*'Output-Calculation-sheet'!C17 -> 0 | D31: =D9/'Output-Calculation-sheet'!D8*'Output-Calculation-sheet'!D17 -> 4053.606 | E31: =E9/'Output-Calculation-sheet'!E8*'Output-Calculation-sheet'!E17 -> 4764.4385 | F31: =F9/'Output-Calculation-sheet'!F8*'Output-Calculation-sheet'!F17 -> 2200.4152 | G31: =G9/'Output-Calculation-sheet'!G8*'Output-Calculation-sheet'!G17 -> 1440.9918 | H31: =H9/'Output-Calculation-sheet'!H8*'Output-Calculation-sheet'!H17 -> 0 | I31: =I9/'Output-Calculation-sheet'!I8*'Output-Calculation-sheet'!I17 -> 1404.7684 | ... Y31: =Y9/'Output-Calculation-sheet'!Y8*'Output-Calculation-sheet'!Y17 -> 171.70215 | AA31: =SUM(B31:Y31)/1000 -> 48.048159
A32: 2033 | B32: =B10/'Output-Calculation-sheet'!B9*'Output-Calculation-sheet'!B18 -> 16072.836 | C32: =C10/'Output-Calculation-sheet'!C9*'Output-Calculation-sheet'!C18 -> 0 | D32: =D10/'Output-Calculation-sheet'!D9*'Output-Calculation-sheet'!D18 -> 5067.9511 | E32: =E10/'Output-Calculation-sheet'!E9*'Output-Calculation-sheet'!E18 -> 7079.7019 | F32: =F10/'Output-Calculation-sheet'!F9*'Output-Calculation-sheet'!F18 -> 2857.978 | G32: =G10/'Output-Calculation-sheet'!G9*'Output-Calculation-sheet'!G18 -> 1782.935 | H32: =H10/'Output-Calculation-sheet'!H9*'Output-Calculation-sheet'!H18 -> 0 | I32: =I10/'Output-Calculation-sheet'!I9*'Output-Calculation-sheet'!I18 -> 1882.3623 | ... Y32: =Y10/'Output-Calculation-sheet'!Y9*'Output-Calculation-sheet'!Y18 -> 256.53855 | AA32: =SUM(B32:Y32)/1000 -> 51.096992
A33: 2034 | B33: =B11/'Output-Calculation-sheet'!B10*'Output-Calculation-sheet'!B19 -> 10779.765 | C33: =C11/'Output-Calculation-sheet'!C10*'Output-Calculation-sheet'!C19 -> 0 | D33: =D11/'Output-Calculation-sheet'!D10*'Output-Calculation-sheet'!D19 -> 7171.1339 | E33: =E11/'Output-Calculation-sheet'!E10*'Output-Calculation-sheet'!E19 -> 8873.4742 | F33: =F11/'Output-Calculation-sheet'!F10*'Output-Calculation-sheet'!F19 -> 4070.1442 | G33: =G11/'Output-Calculation-sheet'!G10*'Output-Calculation-sheet'!G19 -> 2440.868 | H33: =H11/'Output-Calculation-sheet'!H10*'Output-Calculation-sheet'!H19 -> 0 | I33: =I11/'Output-Calculation-sheet'!I10*'Output-Calculation-sheet'!I19 -> 2663.6279 | ... Y33: =Y11/'Output-Calculation-sheet'!Y10*'Output-Calculation-sheet'!Y19 -> 264.7552 | AA33: =SUM(B33:Y33)/1000 -> 53.40233
A34: 2035 | B34: =B12/'Output-Calculation-sheet'!B11*'Output-Calculation-sheet'!B20 -> 147.58302 | C34: =C12/'Output-Calculation-sheet'!C11*'Output-Calculation-sheet'!C20 -> 0 | D34: =D12/'Output-Calculation-sheet'!D11*'Output-Calculation-sheet'!D20 -> 6573.2948 | E34: =E12/'Output-Calculation-sheet'!E11*'Output-Calculation-sheet'!E20 -> 3879.7756 | F34: =F12/'Output-Calculation-sheet'!F11*'Output-Calculation-sheet'!F20 -> 4489.4825 | G34: =G12/'Output-Calculation-sheet'!G11*'Output-Calculation-sheet'!G20 -> 2421.0641 | H34: =H12/'Output-Calculation-sheet'!H11*'Output-Calculation-sheet'!H20 -> 0 | I34: =I12/'Output-Calculation-sheet'!I11*'Output-Calculation-sheet'!I20 -> 2635.8002 | ... Y34: =Y12/'Output-Calculation-sheet'!Y11*'Output-Calculation-sheet'!Y20 -> 98.193457 | AA34: =SUM(B34:Y34)/1000 -> 34.448936
A36: DAC Capacity (ktCO2/yr) | AA36: Total DAC Capacity (ktCO2/yr)
A38: 2028 | B38: =B5/'Output-Calculation-sheet'!B4*'Output-Calculation-sheet'!B31*0.0114 -> #DIV/0! | C38: =C5/'Output-Calculation-sheet'!C4*'Output-Calculation-sheet'!C31*0.0114 -> #DIV/0! | D38: =D5/'Output-Calculation-sheet'!D4*'Output-Calculation-sheet'!D31*0.0114 -> #DIV/0! | E38: =E5/'Output-Calculation-sheet'!E4*'Output-Calculation-sheet'!E31*0.0114 -> #DIV/0! | F38: =F5/'Output-Calculation-sheet'!F4*'Output-Calculation-sheet'!F31*0.0114 -> #DIV/0! | G38: =G5/'Output-Calculation-sheet'!G4*'Output-Calculation-sheet'!G31*0.0114 -> #DIV/0! | H38: =H5/'Output-Calculation-sheet'!H4*'Output-Calculation-sheet'!H31*0.0114 -> #DIV/0! | I38: =I5/'Output-Calculation-sheet'!I4*'Output-Calculation-sheet'!I31*0.0114 -> #DIV/0! | ... Y38: =Y5/'Output-Calculation-sheet'!Y4*'Output-Calculation-sheet'!Y31*0.0114 -> #DIV/0! | AA38: =SUM(B38:Y38) -> #DIV/0!
A39: 2029 | B39: =B6/'Output-Calculation-sheet'!B5*'Output-Calculation-sheet'!B32*0.0114 -> #DIV/0! | C39: =C6/'Output-Calculation-sheet'!C5*'Output-Calculation-sheet'!C32*0.0114 -> #DIV/0! | D39: =D6/'Output-Calculation-sheet'!D5*'Output-Calculation-sheet'!D32*0.0114 -> #DIV/0! | E39: =E6/'Output-Calculation-sheet'!E5*'Output-Calculation-sheet'!E32*0.0114 -> #DIV/0! | F39: =F6/'Output-Calculation-sheet'!F5*'Output-Calculation-sheet'!F32*0.0114 -> #DIV/0! | G39: =G6/'Output-Calculation-sheet'!G5*'Output-Calculation-sheet'!G32*0.0114 -> #DIV/0! | H39: =H6/'Output-Calculation-sheet'!H5*'Output-Calculation-sheet'!H32*0.0114 -> #DIV/0! | I39: =I6/'Output-Calculation-sheet'!I5*'Output-Calculation-sheet'!I32*0.0114 -> #DIV/0! | ... Y39: =Y6/'Output-Calculation-sheet'!Y5*'Output-Calculation-sheet'!Y32*0.0114 -> #DIV/0! | AA39: =SUM(B39:Y39) -> #DIV/0!
A40: 2030 | B40: =B7/'Output-Calculation-sheet'!B6*'Output-Calculation-sheet'!B33*0.0114 -> #DIV/0! | C40: =C7/'Output-Calculation-sheet'!C6*'Output-Calculation-sheet'!C33*0.0114 -> #DIV/0! | D40: =D7/'Output-Calculation-sheet'!D6*'Output-Calculation-sheet'!D33*0.0114 -> #DIV/0! | E40: =E7/'Output-Calculation-sheet'!E6*'Output-Calculation-sheet'!E33*0.0114 -> #DIV/0! | F40: =F7/'Output-Calculation-sheet'!F6*'Output-Calculation-sheet'!F33*0.0114 -> #DIV/0! | G40: =G7/'Output-Calculation-sheet'!G6*'Output-Calculation-sheet'!G33*0.0114 -> #DIV/0! | H40: =H7/'Output-Calculation-sheet'!H6*'Output-Calculation-sheet'!H33*0.0114 -> #DIV/0! | I40: =I7/'Output-Calculation-sheet'!I6*'Output-Calculation-sheet'!I33*0.0114 -> #DIV/0! | ... Y40: =Y7/'Output-Calculation-sheet'!Y6*'Output-Calculation-sheet'!Y33*0.0114 -> #DIV/0! | AA40: =SUM(B40:Y40) -> #DIV/0!
A41: 2031 | B41: =B8/'Output-Calculation-sheet'!B7*'Output-Calculation-sheet'!B34*0.0114 -> 0 | C41: =C8/'Output-Calculation-sheet'!C7*'Output-Calculation-sheet'!C34*0.0114 -> 0 | D41: =D8/'Output-Calculation-sheet'!D7*'Output-Calculation-sheet'!D34*0.0114 -> 0 | E41: =E8/'Output-Calculation-sheet'!E7*'Output-Calculation-sheet'!E34*0.0114 -> 0 | F41: =F8/'Output-Calculation-sheet'!F7*'Output-Calculation-sheet'!F34*0.0114 -> 0 | G41: =G8/'Output-Calculation-sheet'!G7*'Output-Calculation-sheet'!G34*0.0114 -> 0 | H41: =H8/'Output-Calculation-sheet'!H7*'Output-Calculation-sheet'!H34*0.0114 -> 0 | I41: =I8/'Output-Calculation-sheet'!I7*'Output-Calculation-sheet'!I34*0.0114 -> 0 | ... Y41: =Y8/'Output-Calculation-sheet'!Y7*'Output-Calculation-sheet'!Y34*0.0114 -> 0 | AA41: =SUM(B41:Y41) -> 0
A42: 2032 | B42: =B9/'Output-Calculation-sheet'!B8*'Output-Calculation-sheet'!B35*0.0114 -> 0 | C42: =C9/'Output-Calculation-sheet'!C8*'Output-Calculation-sheet'!C35*0.0114 -> 0 | D42: =D9/'Output-Calculation-sheet'!D8*'Output-Calculation-sheet'!D35*0.0114 -> 0 | E42: =E9/'Output-Calculation-sheet'!E8*'Output-Calculation-sheet'!E35*0.0114 -> 0 | F42: =F9/'Output-Calculation-sheet'!F8*'Output-Calculation-sheet'!F35*0.0114 -> 0 | G42: =G9/'Output-Calculation-sheet'!G8*'Output-Calculation-sheet'!G35*0.0114 -> 0 | H42: =H9/'Output-Calculation-sheet'!H8*'Output-Calculation-sheet'!H35*0.0114 -> 0 | I42: =I9/'Output-Calculation-sheet'!I8*'Output-Calculation-sheet'!I35*0.0114 -> 0 | ... Y42: =Y9/'Output-Calculation-sheet'!Y8*'Output-Calculation-sheet'!Y35*0.0114 -> 0 | AA42: =SUM(B42:Y42) -> 0
A43: 2033 | B43: =B10/'Output-Calculation-sheet'!B9*'Output-Calculation-sheet'!B36*0.0114 -> 0 | C43: =C10/'Output-Calculation-sheet'!C9*'Output-Calculation-sheet'!C36*0.0114 -> 0 | D43: =D10/'Output-Calculation-sheet'!D9*'Output-Calculation-sheet'!D36*0.0114 -> 0 | E43: =E10/'Output-Calculation-sheet'!E9*'Output-Calculation-sheet'!E36*0.0114 -> 0 | F43: =F10/'Output-Calculation-sheet'!F9*'Output-Calculation-sheet'!F36*0.0114 -> 0 | G43: =G10/'Output-Calculation-sheet'!G9*'Output-Calculation-sheet'!G36*0.0114 -> 0 | H43: =H10/'Output-Calculation-sheet'!H9*'Output-Calculation-sheet'!H36*0.0114 -> 0 | I43: =I10/'Output-Calculation-sheet'!I9*'Output-Calculation-sheet'!I36*0.0114 -> 0 | ... Y43: =Y10/'Output-Calculation-sheet'!Y9*'Output-Calculation-sheet'!Y36*0.0114 -> 0 | AA43: =SUM(B43:Y43) -> 0
A44: 2034 | B44: =B11/'Output-Calculation-sheet'!B10*'Output-Calculation-sheet'!B37*0.0114 -> 0 | C44: =C11/'Output-Calculation-sheet'!C10*'Output-Calculation-sheet'!C37*0.0114 -> 0 | D44: =D11/'Output-Calculation-sheet'!D10*'Output-Calculation-sheet'!D37*0.0114 -> 0 | E44: =E11/'Output-Calculation-sheet'!E10*'Output-Calculation-sheet'!E37*0.0114 -> 0 | F44: =F11/'Output-Calculation-sheet'!F10*'Output-Calculation-sheet'!F37*0.0114 -> 0 | G44: =G11/'Output-Calculation-sheet'!G10*'Output-Calculation-sheet'!G37*0.0114 -> 0 | H44: =H11/'Output-Calculation-sheet'!H10*'Output-Calculation-sheet'!H37*0.0114 -> 0 | I44: =I11/'Output-Calculation-sheet'!I10*'Output-Calculation-sheet'!I37*0.0114 -> 0 | ... Y44: =Y11/'Output-Calculation-sheet'!Y10*'Output-Calculation-sheet'!Y37*0.0114 -> 0 | AA44: =SUM(B44:Y44) -> 0
A45: 2035 | B45: =B12/'Output-Calculation-sheet'!B11*'Output-Calculation-sheet'!B38*0.0114 -> 0.098004682 | C45: =C12/'Output-Calculation-sheet'!C11*'Output-Calculation-sheet'!C38*0.0114 -> 0.04651529 | D45: =D12/'Output-Calculation-sheet'!D11*'Output-Calculation-sheet'!D38*0.0114 -> 0.16481806 | E45: =E12/'Output-Calculation-sheet'!E11*'Output-Calculation-sheet'!E38*0.0114 -> 0.098239912 | F45: =F12/'Output-Calculation-sheet'!F11*'Output-Calculation-sheet'!F38*0.0114 -> 0.061786146 | G45: =G12/'Output-Calculation-sheet'!G11*'Output-Calculation-sheet'!G38*0.0114 -> 0.059123964 | H45: =H12/'Output-Calculation-sheet'!H11*'Output-Calculation-sheet'!H38*0.0114 -> 0.014318849 | I45: =I12/'Output-Calculation-sheet'!I11*'Output-Calculation-sheet'!I38*0.0114 -> 0.053178352 | ... Y45: =Y12/'Output-Calculation-sheet'!Y11*'Output-Calculation-sheet'!Y38*0.0114 -> 0.0031291762 | AA45: =SUM(B45:Y45) -> 0.92154267
A47: Battery Storage Capacity (MWh) | AA47: Total Battery Storage Capacity (GWh)
A49: 2028 | B49: =B5/'Output-Calculation-sheet'!B4*'Output-Calculation-sheet'!B40 -> #DIV/0! | C49: =C5/'Output-Calculation-sheet'!C4*'Output-Calculation-sheet'!C40 -> #DIV/0! | D49: =D5/'Output-Calculation-sheet'!D4*'Output-Calculation-sheet'!D40 -> #DIV/0! | E49: =E5/'Output-Calculation-sheet'!E4*'Output-Calculation-sheet'!E40 -> #DIV/0! | F49: =F5/'Output-Calculation-sheet'!F4*'Output-Calculation-sheet'!F40 -> #DIV/0! | G49: =G5/'Output-Calculation-sheet'!G4*'Output-Calculation-sheet'!G40 -> #DIV/0! | H49: =H5/'Output-Calculation-sheet'!H4*'Output-Calculation-sheet'!H40 -> #DIV/0! | I49: =I5/'Output-Calculation-sheet'!I4*'Output-Calculation-sheet'!I40 -> #DIV/0! | ... Y49: =Y5/'Output-Calculation-sheet'!Y4*'Output-Calculation-sheet'!Y40 -> #DIV/0! | AA49: =SUM(B49:Y49)/1000 -> #DIV/0!
A50: 2029 | B50: =B6/'Output-Calculation-sheet'!B5*'Output-Calculation-sheet'!B41 -> #DIV/0! | C50: =C6/'Output-Calculation-sheet'!C5*'Output-Calculation-sheet'!C41 -> #DIV/0! | D50: =D6/'Output-Calculation-sheet'!D5*'Output-Calculation-sheet'!D41 -> #DIV/0! | E50: =E6/'Output-Calculation-sheet'!E5*'Output-Calculation-sheet'!E41 -> #DIV/0! | F50: =F6/'Output-Calculation-sheet'!F5*'Output-Calculation-sheet'!F41 -> #DIV/0! | G50: =G6/'Output-Calculation-sheet'!G5*'Output-Calculation-sheet'!G41 -> #DIV/0! | H50: =H6/'Output-Calculation-sheet'!H5*'Output-Calculation-sheet'!H41 -> #DIV/0! | I50: =I6/'Output-Calculation-sheet'!I5*'Output-Calculation-sheet'!I41 -> #DIV/0! | ... Y50: =Y6/'Output-Calculation-sheet'!Y5*'Output-Calculation-sheet'!Y41 -> #DIV/0! | AA50: =SUM(B50:Y50)/1000 -> #DIV/0!
A51: 2030 | B51: =B7/'Output-Calculation-sheet'!B6*'Output-Calculation-sheet'!B42 -> #DIV/0! | C51: =C7/'Output-Calculation-sheet'!C6*'Output-Calculation-sheet'!C42 -> #DIV/0! | D51: =D7/'Output-Calculation-sheet'!D6*'Output-Calculation-sheet'!D42 -> #DIV/0! | E51: =E7/'Output-Calculation-sheet'!E6*'Output-Calculation-sheet'!E42 -> #DIV/0! | F51: =F7/'Output-Calculation-sheet'!F6*'Output-Calculation-sheet'!F42 -> #DIV/0! | G51: =G7/'Output-Calculation-sheet'!G6*'Output-Calculation-sheet'!G42 -> #DIV/0! | H51: =H7/'Output-Calculation-sheet'!H6*'Output-Calculation-sheet'!H42 -> #DIV/0! | I51: =I7/'Output-Calculation-sheet'!I6*'Output-Calculation-sheet'!I42 -> #DIV/0! | ... Y51: =Y7/'Output-Calculation-sheet'!Y6*'Output-Calculation-sheet'!Y42 -> #DIV/0! | AA51: =SUM(B51:Y51)/1000 -> #DIV/0!
A52: 2031 | B52: =B8/'Output-Calculation-sheet'!B7*'Output-Calculation-sheet'!B43 -> 0 | C52: =C8/'Output-Calculation-sheet'!C7*'Output-Calculation-sheet'!C43 -> 0 | D52: =D8/'Output-Calculation-sheet'!D7*'Output-Calculation-sheet'!D43 -> 0 | E52: =E8/'Output-Calculation-sheet'!E7*'Output-Calculation-sheet'!E43 -> 0 | F52: =F8/'Output-Calculation-sheet'!F7*'Output-Calculation-sheet'!F43 -> 0 | G52: =G8/'Output-Calculation-sheet'!G7*'Output-Calculation-sheet'!G43 -> 0 | H52: =H8/'Output-Calculation-sheet'!H7*'Output-Calculation-sheet'!H43 -> 0 | I52: =I8/'Output-Calculation-sheet'!I7*'Output-Calculation-sheet'!I43 -> 0 | ... Y52: =Y8/'Output-Calculation-sheet'!Y7*'Output-Calculation-sheet'!Y43 -> 0 | AA52: =SUM(B52:Y52)/1000 -> 0
A53: 2032 | B53: =B9/'Output-Calculation-sheet'!B8*'Output-Calculation-sheet'!B44 -> 0 | C53: =C9/'Output-Calculation-sheet'!C8*'Output-Calculation-sheet'!C44 -> 0 | D53: =D9/'Output-Calculation-sheet'!D8*'Output-Calculation-sheet'!D44 -> 0 | E53: =E9/'Output-Calculation-sheet'!E8*'Output-Calculation-sheet'!E44 -> 0 | F53: =F9/'Output-Calculation-sheet'!F8*'Output-Calculation-sheet'!F44 -> 0 | G53: =G9/'Output-Calculation-sheet'!G8*'Output-Calculation-sheet'!G44 -> 0 | H53: =H9/'Output-Calculation-sheet'!H8*'Output-Calculation-sheet'!H44 -> 0 | I53: =I9/'Output-Calculation-sheet'!I8*'Output-Calculation-sheet'!I44 -> 0 | ... Y53: =Y9/'Output-Calculation-sheet'!Y8*'Output-Calculation-sheet'!Y44 -> 0 | AA53: =SUM(B53:Y53)/1000 -> 0.13371331
A54: 2033 | B54: =B10/'Output-Calculation-sheet'!B9*'Output-Calculation-sheet'!B45 -> 0 | C54: =C10/'Output-Calculation-sheet'!C9*'Output-Calculation-sheet'!C45 -> 0 | D54: =D10/'Output-Calculation-sheet'!D9*'Output-Calculation-sheet'!D45 -> 0 | E54: =E10/'Output-Calculation-sheet'!E9*'Output-Calculation-sheet'!E45 -> 0 | F54: =F10/'Output-Calculation-sheet'!F9*'Output-Calculation-sheet'!F45 -> 0 | G54: =G10/'Output-Calculation-sheet'!G9*'Output-Calculation-sheet'!G45 -> 0 | H54: =H10/'Output-Calculation-sheet'!H9*'Output-Calculation-sheet'!H45 -> 0 | I54: =I10/'Output-Calculation-sheet'!I9*'Output-Calculation-sheet'!I45 -> 0 | ... Y54: =Y10/'Output-Calculation-sheet'!Y9*'Output-Calculation-sheet'!Y45 -> 15.384951 | AA54: =SUM(B54:Y54)/1000 -> 4.0615664
A55: 2034 | B55: =B11/'Output-Calculation-sheet'!B10*'Output-Calculation-sheet'!B46 -> 1409.1062 | C55: =C11/'Output-Calculation-sheet'!C10*'Output-Calculation-sheet'!C46 -> 0 | D55: =D11/'Output-Calculation-sheet'!D10*'Output-Calculation-sheet'!D46 -> 6260.0774 | E55: =E11/'Output-Calculation-sheet'!E10*'Output-Calculation-sheet'!E46 -> 7768.6855 | F55: =F11/'Output-Calculation-sheet'!F10*'Output-Calculation-sheet'!F46 -> 232.9472 | G55: =G11/'Output-Calculation-sheet'!G10*'Output-Calculation-sheet'!G46 -> 2786.8497 | H55: =H11/'Output-Calculation-sheet'!H10*'Output-Calculation-sheet'!H46 -> 480.37653 | I55: =I11/'Output-Calculation-sheet'!I10*'Output-Calculation-sheet'!I46 -> 1504.9789 | ... Y55: =Y11/'Output-Calculation-sheet'!Y10*'Output-Calculation-sheet'!Y46 -> 236.3534 | AA55: =SUM(B55:Y55)/1000 -> 35.381028
A56: 2035 | B56: =B12/'Output-Calculation-sheet'!B11*'Output-Calculation-sheet'!B47 -> 352.47298 | C56: =C12/'Output-Calculation-sheet'!C11*'Output-Calculation-sheet'!C47 -> 277.45963 | D56: =D12/'Output-Calculation-sheet'!D11*'Output-Calculation-sheet'!D47 -> 6412.0009 | E56: =E12/'Output-Calculation-sheet'!E11*'Output-Calculation-sheet'!E47 -> 7810.3602 | F56: =F12/'Output-Calculation-sheet'!F11*'Output-Calculation-sheet'!F47 -> 2036.0522 | G56: =G12/'Output-Calculation-sheet'!G11*'Output-Calculation-sheet'!G47 -> 5025.537 | H56: =H12/'Output-Calculation-sheet'!H11*'Output-Calculation-sheet'!H47 -> 104.25127 | I56: =I12/'Output-Calculation-sheet'!I11*'Output-Calculation-sheet'!I47 -> 2509.645 | ... Y56: =Y12/'Output-Calculation-sheet'!Y11*'Output-Calculation-sheet'!Y47 -> 211.17364 | AA56: =SUM(B56:Y56)/1000 -> 42.08408
A58: Total cost of energy ($bn) | AA58: Total cost of energy ($bn)
A60: 2028 | B60: =B5*'Output-Calculation-sheet'!B49/10^9 -> 0 | C60: =C5*'Output-Calculation-sheet'!C49/10^9 -> 0 | D60: =D5*'Output-Calculation-sheet'!D49/10^9 -> 0 | E60: =E5*'Output-Calculation-sheet'!E49/10^9 -> 0 | F60: =F5*'Output-Calculation-sheet'!F49/10^9 -> 0 | G60: =G5*'Output-Calculation-sheet'!G49/10^9 -> 0 | H60: =H5*'Output-Calculation-sheet'!H49/10^9 -> 0 | I60: =I5*'Output-Calculation-sheet'!I49/10^9 -> 0 | ... Y60: =Y5*'Output-Calculation-sheet'!Y49/10^9 -> 0 | AA60: =SUM(B60:Y60) -> 0
A61: 2029 | B61: =B6*'Output-Calculation-sheet'!B50/10^9 -> 0 | C61: =C6*'Output-Calculation-sheet'!C50/10^9 -> 0 | D61: =D6*'Output-Calculation-sheet'!D50/10^9 -> 0 | E61: =E6*'Output-Calculation-sheet'!E50/10^9 -> 0 | F61: =F6*'Output-Calculation-sheet'!F50/10^9 -> 0 | G61: =G6*'Output-Calculation-sheet'!G50/10^9 -> 0 | H61: =H6*'Output-Calculation-sheet'!H50/10^9 -> 0 | I61: =I6*'Output-Calculation-sheet'!I50/10^9 -> 0 | ... Y61: =Y6*'Output-Calculation-sheet'!Y50/10^9 -> 0 | AA61: =SUM(B61:Y61) -> 0
A62: 2030 | B62: =B7*'Output-Calculation-sheet'!B51/10^9 -> 0 | C62: =C7*'Output-Calculation-sheet'!C51/10^9 -> 0 | D62: =D7*'Output-Calculation-sheet'!D51/10^9 -> 0 | E62: =E7*'Output-Calculation-sheet'!E51/10^9 -> 0 | F62: =F7*'Output-Calculation-sheet'!F51/10^9 -> 0 | G62: =G7*'Output-Calculation-sheet'!G51/10^9 -> 0 | H62: =H7*'Output-Calculation-sheet'!H51/10^9 -> 0 | I62: =I7*'Output-Calculation-sheet'!I51/10^9 -> 0 | ... Y62: =Y7*'Output-Calculation-sheet'!Y51/10^9 -> 0 | AA62: =SUM(B62:Y62) -> 0
A63: 2031 | B63: =B8*'Output-Calculation-sheet'!B52/10^9 -> 6.9403508 | C63: =C8*'Output-Calculation-sheet'!C52/10^9 -> 3.2701882 | D63: =D8*'Output-Calculation-sheet'!D52/10^9 -> 1.6250182 | E63: =E8*'Output-Calculation-sheet'!E52/10^9 -> 1.8590925 | F63: =F8*'Output-Calculation-sheet'!F52/10^9 -> 0.86900631 | G63: =G8*'Output-Calculation-sheet'!G52/10^9 -> 0.66284819 | H63: =H8*'Output-Calculation-sheet'!H52/10^9 -> 0.90196461 | I63: =I8*'Output-Calculation-sheet'!I52/10^9 -> 0.52360603 | ... Y63: =Y8*'Output-Calculation-sheet'!Y52/10^9 -> 0.053061136 | AA63: =SUM(B63:Y63) -> 22.753057
A64: 2032 | B64: =B9*'Output-Calculation-sheet'!B53/10^9 -> 7.017182 | C64: =C9*'Output-Calculation-sheet'!C53/10^9 -> 3.3731727 | D64: =D9*'Output-Calculation-sheet'!D53/10^9 -> 1.4746601 | E64: =E9*'Output-Calculation-sheet'!E53/10^9 -> 1.7218381 | F64: =F9*'Output-Calculation-sheet'!F53/10^9 -> 0.79012245 | G64: =G9*'Output-Calculation-sheet'!G53/10^9 -> 0.59161102 | H64: =H9*'Output-Calculation-sheet'!H53/10^9 -> 0.95366605 | I64: =I9*'Output-Calculation-sheet'!I53/10^9 -> 0.47975596 | ... Y64: =Y9*'Output-Calculation-sheet'!Y53/10^9 -> 0.051510029 | AA64: =SUM(B64:Y64) -> 22.441029
A65: 2033 | B65: =B10*'Output-Calculation-sheet'!B54/10^9 -> 6.8883644 | C65: =C10*'Output-Calculation-sheet'!C54/10^9 -> 3.3267089 | D65: =D10*'Output-Calculation-sheet'!D54/10^9 -> 1.2616488 | E65: =E10*'Output-Calculation-sheet'!E54/10^9 -> 1.6067265 | F65: =F10*'Output-Calculation-sheet'!F54/10^9 -> 0.69042346 | G65: =G10*'Output-Calculation-sheet'!G54/10^9 -> 0.49154806 | H65: =H10*'Output-Calculation-sheet'!H54/10^9 -> 0.97428826 | I65: =I10*'Output-Calculation-sheet'!I54/10^9 -> 0.43098505 | ... Y65: =Y10*'Output-Calculation-sheet'!Y54/10^9 -> 0.051312136 | AA65: =SUM(B65:Y65) -> 21.528949
A66: 2034 | B66: =B11*'Output-Calculation-sheet'!B55/10^9 -> 6.5113326 | C66: =C11*'Output-Calculation-sheet'!C55/10^9 -> 3.1623157 | D66: =D11*'Output-Calculation-sheet'!D55/10^9 -> 1.2716148 | E66: =E11*'Output-Calculation-sheet'!E55/10^9 -> 1.6469948 | F66: =F11*'Output-Calculation-sheet'!F55/10^9 -> 0.64821951 | G66: =G11*'Output-Calculation-sheet'!G55/10^9 -> 0.47284753 | H66: =H11*'Output-Calculation-sheet'!H55/10^9 -> 0.95059848 | I66: =I11*'Output-Calculation-sheet'!I55/10^9 -> 0.43956811 | ... Y66: =Y11*'Output-Calculation-sheet'!Y55/10^9 -> 0.055622212 | AA66: =SUM(B66:Y66) -> 20.825526
A67: 2035 | B67: =B12*'Output-Calculation-sheet'!B56/10^9 -> 6.0822019 | C67: =C12*'Output-Calculation-sheet'!C56/10^9 -> 2.8450655 | D67: =D12*'Output-Calculation-sheet'!D56/10^9 -> 1.3957478 | E67: =E12*'Output-Calculation-sheet'!E56/10^9 -> 1.8751199 | F67: =F12*'Output-Calculation-sheet'!F56/10^9 -> 0.74939477 | G67: =G12*'Output-Calculation-sheet'!G56/10^9 -> 0.55212852 | H67: =H12*'Output-Calculation-sheet'!H56/10^9 -> 0.89574695 | I67: =I12*'Output-Calculation-sheet'!I56/10^9 -> 0.50593703 | ... Y67: =Y12*'Output-Calculation-sheet'!Y56/10^9 -> 0.061941377 | AA67: =SUM(B67:Y67) -> 20.636302
B68: =SUM(B60:B67) -> 33.439432 | C68: =SUM(C60:C67) -> 15.977451 | D68: =SUM(D60:D67) -> 7.0286897 | E68: =SUM(E60:E67) -> 8.7097718 | F68: =SUM(F60:F67) -> 3.7471665 | G68: =SUM(G60:G67) -> 2.7709833 | H68: =SUM(H60:H67) -> 4.6762644 | I68: =SUM(I60:I67) -> 2.3798522 | ... Y68: =SUM(Y60:Y67) -> 0.27344689
A69: Battery Interface Capacity (MW) | AA69: Total Battery Interface Capacity (GW)
A71: 2028 | B71: =B5/'Output-Calculation-sheet'!B4*'Output-Calculation-sheet'!B58 -> #DIV/0! | C71: =C5/'Output-Calculation-sheet'!C4*'Output-Calculation-sheet'!C58 -> #DIV/0! | D71: =D5/'Output-Calculation-sheet'!D4*'Output-Calculation-sheet'!D58 -> #DIV/0! | E71: =E5/'Output-Calculation-sheet'!E4*'Output-Calculation-sheet'!E58 -> #DIV/0! | F71: =F5/'Output-Calculation-sheet'!F4*'Output-Calculation-sheet'!F58 -> #DIV/0! | G71: =G5/'Output-Calculation-sheet'!G4*'Output-Calculation-sheet'!G58 -> #DIV/0! | H71: =H5/'Output-Calculation-sheet'!H4*'Output-Calculation-sheet'!H58 -> #DIV/0! | I71: =I5/'Output-Calculation-sheet'!I4*'Output-Calculation-sheet'!I58 -> #DIV/0! | ... Y71: =Y5/'Output-Calculation-sheet'!Y4*'Output-Calculation-sheet'!Y58 -> #DIV/0! | AA71: =SUM(B71:Y71)/1000 -> #DIV/0!
A72: 2029 | B72: =B6/'Output-Calculation-sheet'!B5*'Output-Calculation-sheet'!B59 -> #DIV/0! | C72: =C6/'Output-Calculation-sheet'!C5*'Output-Calculation-sheet'!C59 -> #DIV/0! | D72: =D6/'Output-Calculation-sheet'!D5*'Output-Calculation-sheet'!D59 -> #DIV/0! | E72: =E6/'Output-Calculation-sheet'!E5*'Output-Calculation-sheet'!E59 -> #DIV/0! | F72: =F6/'Output-Calculation-sheet'!F5*'Output-Calculation-sheet'!F59 -> #DIV/0! | G72: =G6/'Output-Calculation-sheet'!G5*'Output-Calculation-sheet'!G59 -> #DIV/0! | H72: =H6/'Output-Calculation-sheet'!H5*'Output-Calculation-sheet'!H59 -> #DIV/0! | I72: =I6/'Output-Calculation-sheet'!I5*'Output-Calculation-sheet'!I59 -> #DIV/0! | ... Y72: =Y6/'Output-Calculation-sheet'!Y5*'Output-Calculation-sheet'!Y59 -> #DIV/0! | AA72: =SUM(B72:Y72)/1000 -> #DIV/0!
A73: 2030 | B73: =B7/'Output-Calculation-sheet'!B6*'Output-Calculation-sheet'!B60 -> #DIV/0! | C73: =C7/'Output-Calculation-sheet'!C6*'Output-Calculation-sheet'!C60 -> #DIV/0! | D73: =D7/'Output-Calculation-sheet'!D6*'Output-Calculation-sheet'!D60 -> #DIV/0! | E73: =E7/'Output-Calculation-sheet'!E6*'Output-Calculation-sheet'!E60 -> #DIV/0! | F73: =F7/'Output-Calculation-sheet'!F6*'Output-Calculation-sheet'!F60 -> #DIV/0! | G73: =G7/'Output-Calculation-sheet'!G6*'Output-Calculation-sheet'!G60 -> #DIV/0! | H73: =H7/'Output-Calculation-sheet'!H6*'Output-Calculation-sheet'!H60 -> #DIV/0! | I73: =I7/'Output-Calculation-sheet'!I6*'Output-Calculation-sheet'!I60 -> #DIV/0! | ... Y73: =Y7/'Output-Calculation-sheet'!Y6*'Output-Calculation-sheet'!Y60 -> #DIV/0! | AA73: =SUM(B73:Y73)/1000 -> #DIV/0!
A74: 2031 | B74: =B8/'Output-Calculation-sheet'!B7*'Output-Calculation-sheet'!B61 -> 0 | C74: =C8/'Output-Calculation-sheet'!C7*'Output-Calculation-sheet'!C61 -> 0 | D74: =D8/'Output-Calculation-sheet'!D7*'Output-Calculation-sheet'!D61 -> 0 | E74: =E8/'Output-Calculation-sheet'!E7*'Output-Calculation-sheet'!E61 -> 0 | F74: =F8/'Output-Calculation-sheet'!F7*'Output-Calculation-sheet'!F61 -> 0 | G74: =G8/'Output-Calculation-sheet'!G7*'Output-Calculation-sheet'!G61 -> 0 | H74: =H8/'Output-Calculation-sheet'!H7*'Output-Calculation-sheet'!H61 -> 0 | I74: =I8/'Output-Calculation-sheet'!I7*'Output-Calculation-sheet'!I61 -> 0 | ... Y74: =Y8/'Output-Calculation-sheet'!Y7*'Output-Calculation-sheet'!Y61 -> 0 | AA74: =SUM(B74:Y74)/1000 -> 0
A75: 2032 | B75: =B9/'Output-Calculation-sheet'!B8*'Output-Calculation-sheet'!B62 -> 0 | C75: =C9/'Output-Calculation-sheet'!C8*'Output-Calculation-sheet'!C62 -> 0 | D75: =D9/'Output-Calculation-sheet'!D8*'Output-Calculation-sheet'!D62 -> 0 | E75: =E9/'Output-Calculation-sheet'!E8*'Output-Calculation-sheet'!E62 -> 0 | F75: =F9/'Output-Calculation-sheet'!F8*'Output-Calculation-sheet'!F62 -> 0 | G75: =G9/'Output-Calculation-sheet'!G8*'Output-Calculation-sheet'!G62 -> 0 | H75: =H9/'Output-Calculation-sheet'!H8*'Output-Calculation-sheet'!H62 -> 0 | I75: =I9/'Output-Calculation-sheet'!I8*'Output-Calculation-sheet'!I62 -> 0 | ... Y75: =Y9/'Output-Calculation-sheet'!Y8*'Output-Calculation-sheet'!Y62 -> 0 | AA75: =SUM(B75:Y75)/1000 -> 0.048978921
A76: 2033 | B76: =B10/'Output-Calculation-sheet'!B9*'Output-Calculation-sheet'!B63 -> 0 | C76: =C10/'Output-Calculation-sheet'!C9*'Output-Calculation-sheet'!C63 -> 0 | D76: =D10/'Output-Calculation-sheet'!D9*'Output-Calculation-sheet'!D63 -> 0 | E76: =E10/'Output-Calculation-sheet'!E9*'Output-Calculation-sheet'!E63 -> 0 | F76: =F10/'Output-Calculation-sheet'!F9*'Output-Calculation-sheet'!F63 -> 0 | G76: =G10/'Output-Calculation-sheet'!G9*'Output-Calculation-sheet'!G63 -> 0 | H76: =H10/'Output-Calculation-sheet'!H9*'Output-Calculation-sheet'!H63 -> 0 | I76: =I10/'Output-Calculation-sheet'!I9*'Output-Calculation-sheet'!I63 -> 0 | ... Y76: =Y10/'Output-Calculation-sheet'!Y9*'Output-Calculation-sheet'!Y63 -> 5.635466 | AA76: =SUM(B76:Y76)/1000 -> 1.0641654
A77: 2034 | B77: =B11/'Output-Calculation-sheet'!B10*'Output-Calculation-sheet'!B64 -> 424.99581 | C77: =C11/'Output-Calculation-sheet'!C10*'Output-Calculation-sheet'!C64 -> 0 | D77: =D11/'Output-Calculation-sheet'!D10*'Output-Calculation-sheet'!D64 -> 1430.5284 | E77: =E11/'Output-Calculation-sheet'!E10*'Output-Calculation-sheet'!E64 -> 1791.0194 | F77: =F11/'Output-Calculation-sheet'!F10*'Output-Calculation-sheet'!F64 -> 127.99264 | G77: =G11/'Output-Calculation-sheet'!G10*'Output-Calculation-sheet'!G64 -> 755.38928 | H77: =H11/'Output-Calculation-sheet'!H10*'Output-Calculation-sheet'!H64 -> 117.61814 | I77: =I11/'Output-Calculation-sheet'!I10*'Output-Calculation-sheet'!I64 -> 446.89845 | ... Y77: =Y11/'Output-Calculation-sheet'!Y10*'Output-Calculation-sheet'!Y64 -> 47.598716 | AA77: =SUM(B77:Y77)/1000 -> 8.5629231
A78: 2035 | B78: =B12/'Output-Calculation-sheet'!B11*'Output-Calculation-sheet'!B65 -> 67.795169 | C78: =C12/'Output-Calculation-sheet'!C11*'Output-Calculation-sheet'!C65 -> 49.485741 | D78: =D12/'Output-Calculation-sheet'!D11*'Output-Calculation-sheet'!D65 -> 1426.3991 | E78: =E12/'Output-Calculation-sheet'!E11*'Output-Calculation-sheet'!E65 -> 1275.065 | F78: =F12/'Output-Calculation-sheet'!F11*'Output-Calculation-sheet'!F65 -> 574.06737 | G78: =G12/'Output-Calculation-sheet'!G11*'Output-Calculation-sheet'!G65 -> 1104.5134 | H78: =H12/'Output-Calculation-sheet'!H11*'Output-Calculation-sheet'!H65 -> 19.405809 | I78: =I12/'Output-Calculation-sheet'!I11*'Output-Calculation-sheet'!I65 -> 642.23939 | ... Y78: =Y12/'Output-Calculation-sheet'!Y11*'Output-Calculation-sheet'!Y65 -> 33.988435 | AA78: =SUM(B78:Y78)/1000 -> 9.0052438
A80: Heat Pump Capacity (MW) | AA80: Total Heat Pump Capacity (GW)
A82: 2028 | B82: =B5/'Output-Calculation-sheet'!B4*'Output-Calculation-sheet'!B67 -> #DIV/0! | C82: =C5/'Output-Calculation-sheet'!C4*'Output-Calculation-sheet'!C67 -> #DIV/0! | D82: =D5/'Output-Calculation-sheet'!D4*'Output-Calculation-sheet'!D67 -> #DIV/0! | E82: =E5/'Output-Calculation-sheet'!E4*'Output-Calculation-sheet'!E67 -> #DIV/0! | F82: =F5/'Output-Calculation-sheet'!F4*'Output-Calculation-sheet'!F67 -> #DIV/0! | G82: =G5/'Output-Calculation-sheet'!G4*'Output-Calculation-sheet'!G67 -> #DIV/0! | H82: =H5/'Output-Calculation-sheet'!H4*'Output-Calculation-sheet'!H67 -> #DIV/0! | I82: =I5/'Output-Calculation-sheet'!I4*'Output-Calculation-sheet'!I67 -> #DIV/0! | ... Y82: =Y5/'Output-Calculation-sheet'!Y4*'Output-Calculation-sheet'!Y67 -> #DIV/0! | AA82: =SUM(B82:Y82)/1000 -> #DIV/0!
A83: 2029 | B83: =B6/'Output-Calculation-sheet'!B5*'Output-Calculation-sheet'!B68 -> #DIV/0! | C83: =C6/'Output-Calculation-sheet'!C5*'Output-Calculation-sheet'!C68 -> #DIV/0! | D83: =D6/'Output-Calculation-sheet'!D5*'Output-Calculation-sheet'!D68 -> #DIV/0! | E83: =E6/'Output-Calculation-sheet'!E5*'Output-Calculation-sheet'!E68 -> #DIV/0! | F83: =F6/'Output-Calculation-sheet'!F5*'Output-Calculation-sheet'!F68 -> #DIV/0! | G83: =G6/'Output-Calculation-sheet'!G5*'Output-Calculation-sheet'!G68 -> #DIV/0! | H83: =H6/'Output-Calculation-sheet'!H5*'Output-Calculation-sheet'!H68 -> #DIV/0! | I83: =I6/'Output-Calculation-sheet'!I5*'Output-Calculation-sheet'!I68 -> #DIV/0! | ... Y83: =Y6/'Output-Calculation-sheet'!Y5*'Output-Calculation-sheet'!Y68 -> #DIV/0! | AA83: =SUM(B83:Y83)/1000 -> #DIV/0!
A84: 2030 | B84: =B7/'Output-Calculation-sheet'!B6*'Output-Calculation-sheet'!B69 -> #DIV/0! | C84: =C7/'Output-Calculation-sheet'!C6*'Output-Calculation-sheet'!C69 -> #DIV/0! | D84: =D7/'Output-Calculation-sheet'!D6*'Output-Calculation-sheet'!D69 -> #DIV/0! | E84: =E7/'Output-Calculation-sheet'!E6*'Output-Calculation-sheet'!E69 -> #DIV/0! | F84: =F7/'Output-Calculation-sheet'!F6*'Output-Calculation-sheet'!F69 -> #DIV/0! | G84: =G7/'Output-Calculation-sheet'!G6*'Output-Calculation-sheet'!G69 -> #DIV/0! | H84: =H7/'Output-Calculation-sheet'!H6*'Output-Calculation-sheet'!H69 -> #DIV/0! | I84: =I7/'Output-Calculation-sheet'!I6*'Output-Calculation-sheet'!I69 -> #DIV/0! | ... Y84: =Y7/'Output-Calculation-sheet'!Y6*'Output-Calculation-sheet'!Y69 -> #DIV/0! | AA84: =SUM(B84:Y84)/1000 -> #DIV/0!
A85: 2031 | B85: =B8/'Output-Calculation-sheet'!B7*'Output-Calculation-sheet'!B70 -> 0 | C85: =C8/'Output-Calculation-sheet'!C7*'Output-Calculation-sheet'!C70 -> 0 | D85: =D8/'Output-Calculation-sheet'!D7*'Output-Calculation-sheet'!D70 -> 0 | E85: =E8/'Output-Calculation-sheet'!E7*'Output-Calculation-sheet'!E70 -> 0 | F85: =F8/'Output-Calculation-sheet'!F7*'Output-Calculation-sheet'!F70 -> 0 | G85: =G8/'Output-Calculation-sheet'!G7*'Output-Calculation-sheet'!G70 -> 0 | H85: =H8/'Output-Calculation-sheet'!H7*'Output-Calculation-sheet'!H70 -> 0 | I85: =I8/'Output-Calculation-sheet'!I7*'Output-Calculation-sheet'!I70 -> 0 | ... Y85: =Y8/'Output-Calculation-sheet'!Y7*'Output-Calculation-sheet'!Y70 -> 0 | AA85: =SUM(B85:Y85)/1000 -> 0
A86: 2032 | B86: =B9/'Output-Calculation-sheet'!B8*'Output-Calculation-sheet'!B71 -> 0 | C86: =C9/'Output-Calculation-sheet'!C8*'Output-Calculation-sheet'!C71 -> 0 | D86: =D9/'Output-Calculation-sheet'!D8*'Output-Calculation-sheet'!D71 -> 0 | E86: =E9/'Output-Calculation-sheet'!E8*'Output-Calculation-sheet'!E71 -> 0 | F86: =F9/'Output-Calculation-sheet'!F8*'Output-Calculation-sheet'!F71 -> 0 | G86: =G9/'Output-Calculation-sheet'!G8*'Output-Calculation-sheet'!G71 -> 0 | H86: =H9/'Output-Calculation-sheet'!H8*'Output-Calculation-sheet'!H71 -> 0 | I86: =I9/'Output-Calculation-sheet'!I8*'Output-Calculation-sheet'!I71 -> 0 | ... Y86: =Y9/'Output-Calculation-sheet'!Y8*'Output-Calculation-sheet'!Y71 -> 0 | AA86: =SUM(B86:Y86)/1000 -> 0
A87: 2033 | B87: =B10/'Output-Calculation-sheet'!B9*'Output-Calculation-sheet'!B72 -> 0 | C87: =C10/'Output-Calculation-sheet'!C9*'Output-Calculation-sheet'!C72 -> 0 | D87: =D10/'Output-Calculation-sheet'!D9*'Output-Calculation-sheet'!D72 -> 0 | E87: =E10/'Output-Calculation-sheet'!E9*'Output-Calculation-sheet'!E72 -> 0 | F87: =F10/'Output-Calculation-sheet'!F9*'Output-Calculation-sheet'!F72 -> 0 | G87: =G10/'Output-Calculation-sheet'!G9*'Output-Calculation-sheet'!G72 -> 0 | H87: =H10/'Output-Calculation-sheet'!H9*'Output-Calculation-sheet'!H72 -> 0 | I87: =I10/'Output-Calculation-sheet'!I9*'Output-Calculation-sheet'!I72 -> 0 | ... Y87: =Y10/'Output-Calculation-sheet'!Y9*'Output-Calculation-sheet'!Y72 -> 0 | AA87: =SUM(B87:Y87)/1000 -> 0
A88: 2034 | B88: =B11/'Output-Calculation-sheet'!B10*'Output-Calculation-sheet'!B73 -> 0 | C88: =C11/'Output-Calculation-sheet'!C10*'Output-Calculation-sheet'!C73 -> 0 | D88: =D11/'Output-Calculation-sheet'!D10*'Output-Calculation-sheet'!D73 -> 0 | E88: =E11/'Output-Calculation-sheet'!E10*'Output-Calculation-sheet'!E73 -> 0 | F88: =F11/'Output-Calculation-sheet'!F10*'Output-Calculation-sheet'!F73 -> 0 | G88: =G11/'Output-Calculation-sheet'!G10*'Output-Calculation-sheet'!G73 -> 0 | H88: =H11/'Output-Calculation-sheet'!H10*'Output-Calculation-sheet'!H73 -> 0 | I88: =I11/'Output-Calculation-sheet'!I10*'Output-Calculation-sheet'!I73 -> 0 | ... Y88: =Y11/'Output-Calculation-sheet'!Y10*'Output-Calculation-sheet'!Y73 -> 0 | AA88: =SUM(B88:Y88)/1000 -> 0
A89: 2035 | B89: =B12/'Output-Calculation-sheet'!B11*'Output-Calculation-sheet'!B74 -> 17.193804 | C89: =C12/'Output-Calculation-sheet'!C11*'Output-Calculation-sheet'!C74 -> 4.0802886 | D89: =D12/'Output-Calculation-sheet'!D11*'Output-Calculation-sheet'!D74 -> 90.360779 | E89: =E12/'Output-Calculation-sheet'!E11*'Output-Calculation-sheet'!E74 -> 63.195265 | F89: =F12/'Output-Calculation-sheet'!F11*'Output-Calculation-sheet'!F74 -> 37.938861 | G89: =G12/'Output-Calculation-sheet'!G11*'Output-Calculation-sheet'!G74 -> 33.711032 | H89: =H12/'Output-Calculation-sheet'!H11*'Output-Calculation-sheet'!H74 -> 5.0241576 | I89: =I12/'Output-Calculation-sheet'!I11*'Output-Calculation-sheet'!I74 -> 31.487182 | ... Y89: =Y12/'Output-Calculation-sheet'!Y11*'Output-Calculation-sheet'!Y74 -> 2.0129203 | AA89: =SUM(B89:Y89)/1000 -> 0.45467016
A91: Emissions avoided (kgCO2) | AA91: Total avoided emissions (GtCO2)
A93: 2028 | B93: =B5/'Output-Calculation-sheet'!B4*'Output-Calculation-sheet'!B76 -> #DIV/0! | C93: =C5/'Output-Calculation-sheet'!C4*'Output-Calculation-sheet'!C76 -> #DIV/0! | D93: =D5/'Output-Calculation-sheet'!D4*'Output-Calculation-sheet'!D76 -> #DIV/0! | E93: =E5/'Output-Calculation-sheet'!E4*'Output-Calculation-sheet'!E76 -> #DIV/0! | F93: =F5/'Output-Calculation-sheet'!F4*'Output-Calculation-sheet'!F76 -> #DIV/0! | G93: =G5/'Output-Calculation-sheet'!G4*'Output-Calculation-sheet'!G76 -> #DIV/0! | H93: =H5/'Output-Calculation-sheet'!H4*'Output-Calculation-sheet'!H76 -> #DIV/0! | I93: =I5/'Output-Calculation-sheet'!I4*'Output-Calculation-sheet'!I76 -> #DIV/0! | ... Y93: =Y5/'Output-Calculation-sheet'!Y4*'Output-Calculation-sheet'!Y76 -> #DIV/0! | AA93: =SUM(B93:Y93)/10^9 -> #DIV/0!
A94: 2029 | B94: =B6/'Output-Calculation-sheet'!B5*'Output-Calculation-sheet'!B77 -> #DIV/0! | C94: =C6/'Output-Calculation-sheet'!C5*'Output-Calculation-sheet'!C77 -> #DIV/0! | D94: =D6/'Output-Calculation-sheet'!D5*'Output-Calculation-sheet'!D77 -> #DIV/0! | E94: =E6/'Output-Calculation-sheet'!E5*'Output-Calculation-sheet'!E77 -> #DIV/0! | F94: =F6/'Output-Calculation-sheet'!F5*'Output-Calculation-sheet'!F77 -> #DIV/0! | G94: =G6/'Output-Calculation-sheet'!G5*'Output-Calculation-sheet'!G77 -> #DIV/0! | H94: =H6/'Output-Calculation-sheet'!H5*'Output-Calculation-sheet'!H77 -> #DIV/0! | I94: =I6/'Output-Calculation-sheet'!I5*'Output-Calculation-sheet'!I77 -> #DIV/0! | ... Y94: =Y6/'Output-Calculation-sheet'!Y5*'Output-Calculation-sheet'!Y77 -> #DIV/0! | AA94: =SUM(B94:Y94)/10^9 -> #DIV/0!
A95: 2030 | B95: =B7/'Output-Calculation-sheet'!B6*'Output-Calculation-sheet'!B78 -> #DIV/0! | C95: =C7/'Output-Calculation-sheet'!C6*'Output-Calculation-sheet'!C78 -> #DIV/0! | D95: =D7/'Output-Calculation-sheet'!D6*'Output-Calculation-sheet'!D78 -> #DIV/0! | E95: =E7/'Output-Calculation-sheet'!E6*'Output-Calculation-sheet'!E78 -> #DIV/0! | F95: =F7/'Output-Calculation-sheet'!F6*'Output-Calculation-sheet'!F78 -> #DIV/0! | G95: =G7/'Output-Calculation-sheet'!G6*'Output-Calculation-sheet'!G78 -> #DIV/0! | H95: =H7/'Output-Calculation-sheet'!H6*'Output-Calculation-sheet'!H78 -> #DIV/0! | I95: =I7/'Output-Calculation-sheet'!I6*'Output-Calculation-sheet'!I78 -> #DIV/0! | ... Y95: =Y7/'Output-Calculation-sheet'!Y6*'Output-Calculation-sheet'!Y78 -> #DIV/0! | AA95: =SUM(B95:Y95)/10^9 -> #DIV/0!
A96: 2031 | B96: =B8/'Output-Calculation-sheet'!B7*'Output-Calculation-sheet'!B79 -> 1.1516943e+10 | C96: =C8/'Output-Calculation-sheet'!C7*'Output-Calculation-sheet'!C79 -> 3.8962418e+09 | D96: =D8/'Output-Calculation-sheet'!D7*'Output-Calculation-sheet'!D79 -> 4.0673992e+09 | E96: =E8/'Output-Calculation-sheet'!E7*'Output-Calculation-sheet'!E79 -> 7.2315007e+09 | F96: =F8/'Output-Calculation-sheet'!F7*'Output-Calculation-sheet'!F79 -> 2.9930462e+09 | G96: =G8/'Output-Calculation-sheet'!G7*'Output-Calculation-sheet'!G79 -> 2.331342e+09 | H96: =H8/'Output-Calculation-sheet'!H7*'Output-Calculation-sheet'!H79 -> 1.9954999e+09 | I96: =I8/'Output-Calculation-sheet'!I7*'Output-Calculation-sheet'!I79 -> 1.6240235e+09 | ... Y96: =Y8/'Output-Calculation-sheet'!Y7*'Output-Calculation-sheet'!Y79 -> 2.5674563e+08 | AA96: =SUM(B96:Y96)/10^9 -> 48.90031
A97: 2032 | B97: =B9/'Output-Calculation-sheet'!B8*'Output-Calculation-sheet'!B80 -> 1.5178249e+10 | C97: =C9/'Output-Calculation-sheet'!C8*'Output-Calculation-sheet'!C80 -> 5.1698024e+09 | D97: =D9/'Output-Calculation-sheet'!D8*'Output-Calculation-sheet'!D80 -> 5.151179e+09 | E97: =E9/'Output-Calculation-sheet'!E8*'Output-Calculation-sheet'!E80 -> 9.4207498e+09 | F97: =F9/'Output-Calculation-sheet'!F8*'Output-Calculation-sheet'!F80 -> 3.8917111e+09 | G97: =G9/'Output-Calculation-sheet'!G8*'Output-Calculation-sheet'!G80 -> 2.9458183e+09 | H97: =H9/'Output-Calculation-sheet'!H8*'Output-Calculation-sheet'!H80 -> 2.5917276e+09 | I97: =I9/'Output-Calculation-sheet'!I8*'Output-Calculation-sheet'!I80 -> 2.1319295e+09 | ... Y97: =Y9/'Output-Calculation-sheet'!Y8*'Output-Calculation-sheet'!Y80 -> 3.307518e+08 | AA97: =SUM(B97:Y97)/10^9 -> 63.601587
A98: 2033 | B98: =B10/'Output-Calculation-sheet'!B9*'Output-Calculation-sheet'!B81 -> 1.8330234e+10 | C98: =C10/'Output-Calculation-sheet'!C9*'Output-Calculation-sheet'!C81 -> 6.2845254e+09 | D98: =D10/'Output-Calculation-sheet'!D9*'Output-Calculation-sheet'!D81 -> 5.9809258e+09 | E98: =E10/'Output-Calculation-sheet'!E9*'Output-Calculation-sheet'!E81 -> 1.1250509e+10 | F98: =F10/'Output-Calculation-sheet'!F9*'Output-Calculation-sheet'!F81 -> 4.6399824e+09 | G98: =G10/'Output-Calculation-sheet'!G9*'Output-Calculation-sheet'!G81 -> 3.406822e+09 | H98: =H10/'Output-Calculation-sheet'!H9*'Output-Calculation-sheet'!H81 -> 3.0866149e+09 | I98: =I10/'Output-Calculation-sheet'!I9*'Output-Calculation-sheet'!I81 -> 2.5658778e+09 | ... Y98: =Y10/'Output-Calculation-sheet'!Y9*'Output-Calculation-sheet'!Y81 -> 3.9012171e+08 | AA98: =SUM(B98:Y98)/10^9 -> 75.83581
A99: 2034 | B99: =B11/'Output-Calculation-sheet'!B10*'Output-Calculation-sheet'!B82 -> 2.0561151e+10 | C99: =C11/'Output-Calculation-sheet'!C10*'Output-Calculation-sheet'!C82 -> 7.094455e+09 | D99: =D11/'Output-Calculation-sheet'!D10*'Output-Calculation-sheet'!D82 -> 6.4539265e+09 | E99: =E11/'Output-Calculation-sheet'!E10*'Output-Calculation-sheet'!E82 -> 1.248457e+10 | F99: =F11/'Output-Calculation-sheet'!F10*'Output-Calculation-sheet'!F82 -> 5.1417546e+09 | G99: =G11/'Output-Calculation-sheet'!G10*'Output-Calculation-sheet'!G82 -> 3.6554273e+09 | H99: =H11/'Output-Calculation-sheet'!H10*'Output-Calculation-sheet'!H82 -> 3.4166657e+09 | I99: =I11/'Output-Calculation-sheet'!I10*'Output-Calculation-sheet'!I82 -> 2.8697514e+09 | ... Y99: =Y11/'Output-Calculation-sheet'!Y10*'Output-Calculation-sheet'!Y82 -> 4.2706401e+08 | AA99: =SUM(B99:Y99)/10^9 -> 84.025877
A100: 2035 | B100: =B12/'Output-Calculation-sheet'!B11*'Output-Calculation-sheet'!B83 -> 2.1499072e+10 | C100: =C12/'Output-Calculation-sheet'!C11*'Output-Calculation-sheet'!C83 -> 7.4641373e+09 | D100: =D12/'Output-Calculation-sheet'!D11*'Output-Calculation-sheet'!D83 -> 6.496546e+09 | E100: =E12/'Output-Calculation-sheet'!E11*'Output-Calculation-sheet'!E83 -> 1.2919965e+10 | F100: =F12/'Output-Calculation-sheet'!F11*'Output-Calculation-sheet'!F83 -> 5.3147557e+09 | G100: =G12/'Output-Calculation-sheet'!G11*'Output-Calculation-sheet'!G83 -> 3.6522831e+09 | H100: =H12/'Output-Calculation-sheet'!H11*'Output-Calculation-sheet'!H83 -> 3.5278353e+09 | I100: =I12/'Output-Calculation-sheet'!I11*'Output-Calculation-sheet'!I83 -> 2.9932893e+09 | ... Y100: =Y12/'Output-Calculation-sheet'!Y11*'Output-Calculation-sheet'!Y83 -> 4.3547995e+08 | AA100: =SUM(B100:Y100)/10^9 -> 86.826734
A102: Nuclear Capacity (MW) | AA102: Total Nuclear Capacity (GW)
A104: 2028 | B104: =B5/'Output-Calculation-sheet'!B4*'Output-Calculation-sheet'!B85 -> #DIV/0! | C104: =C5/'Output-Calculation-sheet'!C4*'Output-Calculation-sheet'!C85 -> #DIV/0! | D104: =D5/'Output-Calculation-sheet'!D4*'Output-Calculation-sheet'!D85 -> #DIV/0! | E104: =E5/'Output-Calculation-sheet'!E4*'Output-Calculation-sheet'!E85 -> #DIV/0! | F104: =F5/'Output-Calculation-sheet'!F4*'Output-Calculation-sheet'!F85 -> #DIV/0! | G104: =G5/'Output-Calculation-sheet'!G4*'Output-Calculation-sheet'!G85 -> #DIV/0! | H104: =H5/'Output-Calculation-sheet'!H4*'Output-Calculation-sheet'!H85 -> #DIV/0! | I104: =I5/'Output-Calculation-sheet'!I4*'Output-Calculation-sheet'!I85 -> #DIV/0! | ... Y104: =Y5/'Output-Calculation-sheet'!Y4*'Output-Calculation-sheet'!Y85 -> #DIV/0! | AA104: =SUM(B104:Y104)/1000 -> #DIV/0!
A105: 2029 | B105: =B6/'Output-Calculation-sheet'!B5*'Output-Calculation-sheet'!B86 -> #DIV/0! | C105: =C6/'Output-Calculation-sheet'!C5*'Output-Calculation-sheet'!C86 -> #DIV/0! | D105: =D6/'Output-Calculation-sheet'!D5*'Output-Calculation-sheet'!D86 -> #DIV/0! | E105: =E6/'Output-Calculation-sheet'!E5*'Output-Calculation-sheet'!E86 -> #DIV/0! | F105: =F6/'Output-Calculation-sheet'!F5*'Output-Calculation-sheet'!F86 -> #DIV/0! | G105: =G6/'Output-Calculation-sheet'!G5*'Output-Calculation-sheet'!G86 -> #DIV/0! | H105: =H6/'Output-Calculation-sheet'!H5*'Output-Calculation-sheet'!H86 -> #DIV/0! | I105: =I6/'Output-Calculation-sheet'!I5*'Output-Calculation-sheet'!I86 -> #DIV/0! | ... Y105: =Y6/'Output-Calculation-sheet'!Y5*'Output-Calculation-sheet'!Y86 -> #DIV/0! | AA105: =SUM(B105:Y105)/1000 -> #DIV/0!
A106: 2030 | B106: =B7/'Output-Calculation-sheet'!B6*'Output-Calculation-sheet'!B87 -> #DIV/0! | C106: =C7/'Output-Calculation-sheet'!C6*'Output-Calculation-sheet'!C87 -> #DIV/0! | D106: =D7/'Output-Calculation-sheet'!D6*'Output-Calculation-sheet'!D87 -> #DIV/0! | E106: =E7/'Output-Calculation-sheet'!E6*'Output-Calculation-sheet'!E87 -> #DIV/0! | F106: =F7/'Output-Calculation-sheet'!F6*'Output-Calculation-sheet'!F87 -> #DIV/0! | G106: =G7/'Output-Calculation-sheet'!G6*'Output-Calculation-sheet'!G87 -> #DIV/0! | H106: =H7/'Output-Calculation-sheet'!H6*'Output-Calculation-sheet'!H87 -> #DIV/0! | I106: =I7/'Output-Calculation-sheet'!I6*'Output-Calculation-sheet'!I87 -> #DIV/0! | ... Y106: =Y7/'Output-Calculation-sheet'!Y6*'Output-Calculation-sheet'!Y87 -> #DIV/0! | AA106: =SUM(B106:Y106)/1000 -> #DIV/0!
A107: 2031 | B107: =B8/'Output-Calculation-sheet'!B7*'Output-Calculation-sheet'!B88 -> 0 | C107: =C8/'Output-Calculation-sheet'!C7*'Output-Calculation-sheet'!C88 -> 1680.3778 | D107: =D8/'Output-Calculation-sheet'!D7*'Output-Calculation-sheet'!D88 -> 0 | E107: =E8/'Output-Calculation-sheet'!E7*'Output-Calculation-sheet'!E88 -> 0 | F107: =F8/'Output-Calculation-sheet'!F7*'Output-Calculation-sheet'!F88 -> 0 | G107: =G8/'Output-Calculation-sheet'!G7*'Output-Calculation-sheet'!G88 -> 0 | H107: =H8/'Output-Calculation-sheet'!H7*'Output-Calculation-sheet'!H88 -> 517.27241 | I107: =I8/'Output-Calculation-sheet'!I7*'Output-Calculation-sheet'!I88 -> 0 | ... Y107: =Y8/'Output-Calculation-sheet'!Y7*'Output-Calculation-sheet'!Y88 -> 0 | AA107: =SUM(B107:Y107)/1000 -> 3.1243016
A108: 2032 | B108: =B9/'Output-Calculation-sheet'!B8*'Output-Calculation-sheet'!B89 -> 746.97489 | C108: =C9/'Output-Calculation-sheet'!C8*'Output-Calculation-sheet'!C89 -> 2836.2526 | D108: =D9/'Output-Calculation-sheet'!D8*'Output-Calculation-sheet'!D89 -> 0 | E108: =E9/'Output-Calculation-sheet'!E8*'Output-Calculation-sheet'!E89 -> 0 | F108: =F9/'Output-Calculation-sheet'!F8*'Output-Calculation-sheet'!F89 -> 0 | G108: =G9/'Output-Calculation-sheet'!G8*'Output-Calculation-sheet'!G89 -> 0 | H108: =H9/'Output-Calculation-sheet'!H8*'Output-Calculation-sheet'!H89 -> 763.9507 | I108: =I9/'Output-Calculation-sheet'!I8*'Output-Calculation-sheet'!I89 -> 0 | ... Y108: =Y9/'Output-Calculation-sheet'!Y8*'Output-Calculation-sheet'!Y89 -> 0 | AA108: =SUM(B108:Y108)/1000 -> 6.0197948
A109: 2033 | B109: =B10/'Output-Calculation-sheet'!B9*'Output-Calculation-sheet'!B90 -> 3760.3927 | C109: =C10/'Output-Calculation-sheet'!C9*'Output-Calculation-sheet'!C90 -> 3569.5388 | D109: =D10/'Output-Calculation-sheet'!D9*'Output-Calculation-sheet'!D90 -> 0 | E109: =E10/'Output-Calculation-sheet'!E9*'Output-Calculation-sheet'!E90 -> 0 | F109: =F10/'Output-Calculation-sheet'!F9*'Output-Calculation-sheet'!F90 -> 0 | G109: =G10/'Output-Calculation-sheet'!G9*'Output-Calculation-sheet'!G90 -> 0 | H109: =H10/'Output-Calculation-sheet'!H9*'Output-Calculation-sheet'!H90 -> 1098.8147 | I109: =I10/'Output-Calculation-sheet'!I9*'Output-Calculation-sheet'!I90 -> 0 | ... Y109: =Y10/'Output-Calculation-sheet'!Y9*'Output-Calculation-sheet'!Y90 -> 0 | AA109: =SUM(B109:Y109)/1000 -> 10.984139
A110: 2034 | B110: =B11/'Output-Calculation-sheet'!B10*'Output-Calculation-sheet'!B91 -> 6510.0704 | C110: =C11/'Output-Calculation-sheet'!C10*'Output-Calculation-sheet'!C91 -> 4463.0879 | D110: =D11/'Output-Calculation-sheet'!D10*'Output-Calculation-sheet'!D91 -> 0 | E110: =E11/'Output-Calculation-sheet'!E10*'Output-Calculation-sheet'!E91 -> 0 | F110: =F11/'Output-Calculation-sheet'!F10*'Output-Calculation-sheet'!F91 -> 0 | G110: =G11/'Output-Calculation-sheet'!G10*'Output-Calculation-sheet'!G91 -> 0 | H110: =H11/'Output-Calculation-sheet'!H10*'Output-Calculation-sheet'!H91 -> 1268.194 | I110: =I11/'Output-Calculation-sheet'!I10*'Output-Calculation-sheet'!I91 -> 0 | ... Y110: =Y11/'Output-Calculation-sheet'!Y10*'Output-Calculation-sheet'!Y91 -> 15.396965 | AA110: =SUM(B110:Y110)/1000 -> 15.965466
A111: 2035 | B111: =B12/'Output-Calculation-sheet'!B11*'Output-Calculation-sheet'!B92 -> 9929.4217 | C111: =C12/'Output-Calculation-sheet'!C11*'Output-Calculation-sheet'!C92 -> 4712.7334 | D111: =D12/'Output-Calculation-sheet'!D11*'Output-Calculation-sheet'!D92 -> 0 | E111: =E12/'Output-Calculation-sheet'!E11*'Output-Calculation-sheet'!E92 -> 1769.4674 | F111: =F12/'Output-Calculation-sheet'!F11*'Output-Calculation-sheet'!F92 -> 0 | G111: =G12/'Output-Calculation-sheet'!G11*'Output-Calculation-sheet'!G92 -> 0 | H111: =H12/'Output-Calculation-sheet'!H11*'Output-Calculation-sheet'!H92 -> 1450.7255 | I111: =I12/'Output-Calculation-sheet'!I11*'Output-Calculation-sheet'!I92 -> 0 | ... Y111: =Y12/'Output-Calculation-sheet'!Y11*'Output-Calculation-sheet'!Y92 -> 70.452212 | AA111: =SUM(B111:Y111)/1000 -> 22.740474
A113: Solar Power Supplied (kWh) | AA113: Total Solar Power Supplied (GWh)
A115: 2028 | B115: =B5/'Output-Calculation-sheet'!B4*'Output-Calculation-sheet'!B94 -> #DIV/0! | C115: =C5/'Output-Calculation-sheet'!C4*'Output-Calculation-sheet'!C94 -> #DIV/0! | D115: =D5/'Output-Calculation-sheet'!D4*'Output-Calculation-sheet'!D94 -> #DIV/0! | E115: =E5/'Output-Calculation-sheet'!E4*'Output-Calculation-sheet'!E94 -> #DIV/0! | F115: =F5/'Output-Calculation-sheet'!F4*'Output-Calculation-sheet'!F94 -> #DIV/0! | G115: =G5/'Output-Calculation-sheet'!G4*'Output-Calculation-sheet'!G94 -> #DIV/0! | H115: =H5/'Output-Calculation-sheet'!H4*'Output-Calculation-sheet'!H94 -> #DIV/0! | I115: =I5/'Output-Calculation-sheet'!I4*'Output-Calculation-sheet'!I94 -> #DIV/0! | ... Y115: =Y5/'Output-Calculation-sheet'!Y4*'Output-Calculation-sheet'!Y94 -> #DIV/0! | AA115: =SUM(B115:Y115)/10^6 -> #DIV/0!
A116: 2029 | B116: =B6/'Output-Calculation-sheet'!B5*'Output-Calculation-sheet'!B95 -> #DIV/0! | C116: =C6/'Output-Calculation-sheet'!C5*'Output-Calculation-sheet'!C95 -> #DIV/0! | D116: =D6/'Output-Calculation-sheet'!D5*'Output-Calculation-sheet'!D95 -> #DIV/0! | E116: =E6/'Output-Calculation-sheet'!E5*'Output-Calculation-sheet'!E95 -> #DIV/0! | F116: =F6/'Output-Calculation-sheet'!F5*'Output-Calculation-sheet'!F95 -> #DIV/0! | G116: =G6/'Output-Calculation-sheet'!G5*'Output-Calculation-sheet'!G95 -> #DIV/0! | H116: =H6/'Output-Calculation-sheet'!H5*'Output-Calculation-sheet'!H95 -> #DIV/0! | I116: =I6/'Output-Calculation-sheet'!I5*'Output-Calculation-sheet'!I95 -> #DIV/0! | ... Y116: =Y6/'Output-Calculation-sheet'!Y5*'Output-Calculation-sheet'!Y95 -> #DIV/0! | AA116: =SUM(B116:Y116)/10^6 -> #DIV/0!
A117: 2030 | B117: =B7/'Output-Calculation-sheet'!B6*'Output-Calculation-sheet'!B96 -> #DIV/0! | C117: =C7/'Output-Calculation-sheet'!C6*'Output-Calculation-sheet'!C96 -> #DIV/0! | D117: =D7/'Output-Calculation-sheet'!D6*'Output-Calculation-sheet'!D96 -> #DIV/0! | E117: =E7/'Output-Calculation-sheet'!E6*'Output-Calculation-sheet'!E96 -> #DIV/0! | F117: =F7/'Output-Calculation-sheet'!F6*'Output-Calculation-sheet'!F96 -> #DIV/0! | G117: =G7/'Output-Calculation-sheet'!G6*'Output-Calculation-sheet'!G96 -> #DIV/0! | H117: =H7/'Output-Calculation-sheet'!H6*'Output-Calculation-sheet'!H96 -> #DIV/0! | I117: =I7/'Output-Calculation-sheet'!I6*'Output-Calculation-sheet'!I96 -> #DIV/0! | ... Y117: =Y7/'Output-Calculation-sheet'!Y6*'Output-Calculation-sheet'!Y96 -> #DIV/0! | AA117: =SUM(B117:Y117)/10^6 -> #DIV/0!
A118: 2031 | B118: =B8/'Output-Calculation-sheet'!B7*'Output-Calculation-sheet'!B97 -> 1.347539e+09 | C118: =C8/'Output-Calculation-sheet'!C7*'Output-Calculation-sheet'!C97 -> 7.8994255e+09 | D118: =D8/'Output-Calculation-sheet'!D7*'Output-Calculation-sheet'!D97 -> 0 | E118: =E8/'Output-Calculation-sheet'!E7*'Output-Calculation-sheet'!E97 -> 0 | F118: =F8/'Output-Calculation-sheet'!F7*'Output-Calculation-sheet'!F97 -> 0 | G118: =G8/'Output-Calculation-sheet'!G7*'Output-Calculation-sheet'!G97 -> 0 | H118: =H8/'Output-Calculation-sheet'!H7*'Output-Calculation-sheet'!H97 -> 2.4304911e+09 | I118: =I8/'Output-Calculation-sheet'!I7*'Output-Calculation-sheet'!I97 -> 0 | ... Y118: =Y8/'Output-Calculation-sheet'!Y7*'Output-Calculation-sheet'!Y97 -> 0 | AA118: =SUM(B118:Y118)/10^6 -> 16233.077
A119: 2032 | B119: =B9/'Output-Calculation-sheet'!B8*'Output-Calculation-sheet'!B98 -> 5.6038445e+09 | C119: =C9/'Output-Calculation-sheet'!C8*'Output-Calculation-sheet'!C98 -> 4.4540488e+09 | D119: =D9/'Output-Calculation-sheet'!D8*'Output-Calculation-sheet'!D98 -> 0 | E119: =E9/'Output-Calculation-sheet'!E8*'Output-Calculation-sheet'!E98 -> 0 | F119: =F9/'Output-Calculation-sheet'!F8*'Output-Calculation-sheet'!F98 -> 0 | G119: =G9/'Output-Calculation-sheet'!G8*'Output-Calculation-sheet'!G98 -> 0 | H119: =H9/'Output-Calculation-sheet'!H8*'Output-Calculation-sheet'!H98 -> 2.6626403e+09 | I119: =I9/'Output-Calculation-sheet'!I8*'Output-Calculation-sheet'!I98 -> 0 | ... Y119: =Y9/'Output-Calculation-sheet'!Y8*'Output-Calculation-sheet'!Y98 -> 0 | AA119: =SUM(B119:Y119)/10^6 -> 17424.215
A120: 2033 | B120: =B10/'Output-Calculation-sheet'!B9*'Output-Calculation-sheet'!B99 -> 5.4098259e+09 | C120: =C10/'Output-Calculation-sheet'!C9*'Output-Calculation-sheet'!C99 -> 4.4472128e+09 | D120: =D10/'Output-Calculation-sheet'!D9*'Output-Calculation-sheet'!D99 -> 0 | E120: =E10/'Output-Calculation-sheet'!E9*'Output-Calculation-sheet'!E99 -> 0 | F120: =F10/'Output-Calculation-sheet'!F9*'Output-Calculation-sheet'!F99 -> 0 | G120: =G10/'Output-Calculation-sheet'!G9*'Output-Calculation-sheet'!G99 -> 0 | H120: =H10/'Output-Calculation-sheet'!H9*'Output-Calculation-sheet'!H99 -> 1.4581357e+09 | I120: =I10/'Output-Calculation-sheet'!I9*'Output-Calculation-sheet'!I99 -> 0 | ... Y120: =Y10/'Output-Calculation-sheet'!Y9*'Output-Calculation-sheet'!Y99 -> 0 | AA120: =SUM(B120:Y120)/10^6 -> 14786.909
A121: 2034 | B121: =B11/'Output-Calculation-sheet'!B10*'Output-Calculation-sheet'!B100 -> 4.8872705e+09 | C121: =C11/'Output-Calculation-sheet'!C10*'Output-Calculation-sheet'!C100 -> 5.8590981e+08 | D121: =D11/'Output-Calculation-sheet'!D10*'Output-Calculation-sheet'!D100 -> 0 | E121: =E11/'Output-Calculation-sheet'!E10*'Output-Calculation-sheet'!E100 -> 6.9146637e+08 | F121: =F11/'Output-Calculation-sheet'!F10*'Output-Calculation-sheet'!F100 -> 0 | G121: =G11/'Output-Calculation-sheet'!G10*'Output-Calculation-sheet'!G100 -> 0 | H121: =H11/'Output-Calculation-sheet'!H10*'Output-Calculation-sheet'!H100 -> 1.5427553e+09 | I121: =I11/'Output-Calculation-sheet'!I10*'Output-Calculation-sheet'!I100 -> 0 | ... Y121: =Y11/'Output-Calculation-sheet'!Y10*'Output-Calculation-sheet'!Y100 -> 15650265 | AA121: =SUM(B121:Y121)/10^6 -> 10860.813
...

Sheet Peak 2035-Nominal-Medium
A1: Country | B1: Virginia | C1: Oregon | D1: Iowa | E1: Ohio | F1: Texas | G1: Nebraska | H1: Georgia | I1: Oklahoma | J1: Illinois | K1: New Mexico | L1: New York | M1: Alabama | N1: Tennessee | O1: Washington | P1: Utah | Q1: South Carolina | R1: Arizona | S1: North Carolina | T1: Colorado | U1: Nevada | V1: California | W1: Wyoming | X1: Pennsylvania | Y1: Missouri
A3: Year
A5: 2028 | B5: 5.115808e+10 | C5: 2.4108262e+10 | D5: 2.1486979e+10 | E5: 1.7047737e+10 | F5: 1.097424e+10 | G5: 7.7108023e+09 | H5: 7.5215916e+09 | I5: 7.0251479e+09 | J5: 6.8377937e+09 | K5: 6.7722425e+09 | L5: 5.432781e+09 | M5: 5.1892426e+09 | N5: 5.0932266e+09 | O5: 4.6842562e+09 | P5: 4.6365976e+09 | Q5: 4.5616627e+09 | R5: 4.3885293e+09 | S5: 2.9168414e+09 | T5: 1.6131856e+09 | U5: 1.4050296e+09 | V5: 1.0819009e+09 | W5: 9.3668638e+08 | X5: 5.6201183e+08 | Y5: 5.4655088e+08
A6: 2029 | B6: 6.8020613e+10 | C6: 3.2054736e+10 | D6: 2.8569435e+10 | E6: 2.2666948e+10 | F6: 1.4591528e+10 | G6: 1.0252408e+10 | H6: 1.000083e+10 | I6: 9.3407506e+09 | J6: 9.0916415e+09 | K6: 9.0044835e+09 | L6: 7.2235138e+09 | M6: 6.8997011e+09 | N6: 6.7720367e+09 | O6: 6.228263e+09 | P6: 6.1648954e+09 | Q6: 6.0652607e+09 | R6: 5.8350598e+09 | S6: 3.8782796e+09 | T6: 2.1449178e+09 | U6: 1.8681501e+09 | V6: 1.4385129e+09 | W6: 1.2454334e+09 | X6: 7.4726004e+08 | Y6: 7.2670292e+08
A7: 2030 | B7: 8.3034356e+10 | C7: 3.9129967e+10 | D7: 3.4875379e+10 | E7: 2.7670074e+10 | F7: 1.781222e+10 | G7: 1.2515354e+10 | H7: 1.2208248e+10 | I7: 1.1402473e+10 | J7: 1.109838e+10 | K7: 1.0991984e+10 | L7: 8.8179125e+09 | M7: 8.4226268e+09 | N7: 8.2667838e+09 | O7: 7.6029866e+09 | P7: 7.5256322e+09 | Q7: 7.4040058e+09 | R7: 7.1229942e+09 | S7: 4.7343068e+09 | T7: 2.6183514e+09 | U7: 2.2804946e+09 | V7: 1.7560265e+09 | W7: 1.5203297e+09 | X7: 9.1219784e+08 | Y7: 8.8710328e+08
A8: 2031 | B8: 9.5717262e+10 | C8: 4.510679e+10 | D8: 4.0202344e+10 | E8: 3.1896481e+10 | F8: 2.0532909e+10 | G8: 1.4426986e+10 | H8: 1.4072971e+10 | I8: 1.3144119e+10 | J8: 1.2793578e+10 | K8: 1.2670931e+10 | L8: 1.0164786e+10 | M8: 9.7091229e+09 | N8: 9.5294761e+09 | O8: 8.7642885e+09 | P8: 8.6751188e+09 | Q8: 8.5349149e+09 | R8: 8.2109807e+09 | S8: 5.4574384e+09 | T8: 3.0182859e+09 | U8: 2.6288239e+09 | V8: 2.024247e+09 | W8: 1.7525493e+09 | X8: 1.0515296e+09 | Y8: 1.022602e+09
A9: 2032 | B9: 1.0505162e+11 | C9: 4.9505608e+10 | D9: 4.412288e+10 | E9: 3.5007028e+10 | F9: 2.253528e+10 | G9: 1.5833906e+10 | H9: 1.5445368e+10 | I9: 1.4425935e+10 | J9: 1.4041209e+10 | K9: 1.3906601e+10 | L9: 1.1156056e+10 | M9: 1.0655957e+10 | N9: 1.0458791e+10 | O9: 9.6189826e+09 | P9: 9.521117e+09 | Q9: 9.3672404e+09 | R9: 9.0117161e+09 | S9: 5.9896482e+09 | T9: 3.3126294e+09 | U9: 2.885187e+09 | V9: 2.2216517e+09 | W9: 1.923458e+09 | X9: 1.1540748e+09 | Y9: 1.1223262e+09
A10: 2033 | B10: 1.1284456e+11 | C10: 5.3178034e+10 | D10: 4.7396004e+10 | E10: 3.760392e+10 | F10: 2.4206993e+10 | G10: 1.7008497e+10 | H10: 1.6591136e+10 | I10: 1.549608e+10 | J10: 1.5082814e+10 | K10: 1.4938221e+10 | L10: 1.1983635e+10 | M10: 1.1446438e+10 | N10: 1.1234646e+10 | O10: 1.0332538e+10 | P10: 1.0227413e+10 | Q10: 1.0062121e+10 | R10: 9.6802235e+09 | S10: 6.4339724e+09 | T10: 3.5583669e+09 | U10: 3.099216e+09 | V10: 2.3864583e+09 | W10: 2.066144e+09 | X10: 1.2396864e+09 | Y10: 1.2055826e+09
A11: 2034 | B11: 1.1962455e+11 | C11: 5.6373108e+10 | D11: 5.0243679e+10 | E11: 3.9863261e+10 | F11: 2.5661411e+10 | G11: 1.8030412e+10 | H11: 1.7587975e+10 | I11: 1.6427124e+10 | J11: 1.5989028e+10 | K11: 1.5835748e+10 | L11: 1.2703643e+10 | M11: 1.2134169e+10 | N11: 1.1909652e+10 | O11: 1.0953344e+10 | P11: 1.0841902e+10 | Q11: 1.0666679e+10 | R11: 1.0261836e+10 | S11: 6.8205421e+09 | T11: 3.7721628e+09 | U11: 3.2854249e+09 | V11: 2.5298429e+09 | W11: 2.1902833e+09 | X11: 1.31417e+09 | Y11: 1.2780171e+09
A12: 2035 | B12: 1.255454e+11 | C12: 5.9163311e+10 | D12: 5.2730504e+10 | E12: 4.1836304e+10 | F12: 2.693153e+10 | G12: 1.8922832e+10 | H12: 1.8458496e+10 | I12: 1.724019e+10 | J12: 1.678041e+10 | K12: 1.6619543e+10 | L12: 1.3332413e+10 | M12: 1.2734753e+10 | N12: 1.2499124e+10 | O12: 1.1495483e+10 | P12: 1.1378525e+10 | Q12: 1.119463e+10 | R12: 1.0769749e+10 | S12: 7.1581268e+09 | T12: 3.9588671e+09 | U12: 3.4480379e+09 | V12: 2.6550582e+09 | W12: 2.298692e+09 | X12: 1.3792152e+09 | Y12: 1.341273e+09
A14: Solar Capacity (MW) | AA14: Total Solar Capacity (GW)
A16: 2028 | B16: =B5/'Output-Calculation-sheet'!B4*'Output-Calculation-sheet'!B22 -> #DIV/0! | C16: =C5/'Output-Calculation-sheet'!C4*'Output-Calculation-sheet'!C22 -> #DIV/0! | D16: =D5/'Output-Calculation-sheet'!D4*'Output-Calculation-sheet'!D22 -> #DIV/0! | E16: =E5/'Output-Calculation-sheet'!E4*'Output-Calculation-sheet'!E22 -> #DIV/0! | F16: =F5/'Output-Calculation-sheet'!F4*'Output-Calculation-sheet'!F22 -> #DIV/0! | G16: =G5/'Output-Calculation-sheet'!G4*'Output-Calculation-sheet'!G22 -> #DIV/0! | H16: =H5/'Output-Calculation-sheet'!H4*'Output-Calculation-sheet'!H22 -> #DIV/0! | I16: =I5/'Output-Calculation-sheet'!I4*'Output-Calculation-sheet'!I22 -> #DIV/0! | ... Y16: =Y5/'Output-Calculation-sheet'!Y4*'Output-Calculation-sheet'!Y22 -> #DIV/0! | AA16: =SUM(B16:Y16)/1000 -> #DIV/0!
A17: 2029 | B17: =B6/'Output-Calculation-sheet'!B5*'Output-Calculation-sheet'!B23 -> #DIV/0! | C17: =C6/'Output-Calculation-sheet'!C5*'Output-Calculation-sheet'!C23 -> #DIV/0! | D17: =D6/'Output-Calculation-sheet'!D5*'Output-Calculation-sheet'!D23 -> #DIV/0! | E17: =E6/'Output-Calculation-sheet'!E5*'Output-Calculation-sheet'!E23 -> #DIV/0! | F17: =F6/'Output-Calculation-sheet'!F5*'Output-Calculation-sheet'!F23 -> #DIV/0! | G17: =G6/'Output-Calculation-sheet'!G5*'Output-Calculation-sheet'!G23 -> #DIV/0! | H17: =H6/'Output-Calculation-sheet'!H5*'Output-Calculation-sheet'!H23 -> #DIV/0! | I17: =I6/'Output-Calculation-sheet'!I5*'Output-Calculation-sheet'!I23 -> #DIV/0! | ... Y17: =Y6/'Output-Calculation-sheet'!Y5*'Output-Calculation-sheet'!Y23 -> #DIV/0! | AA17: =SUM(B17:Y17)/1000 -> #DIV/0!
A18: 2030 | B18: =B7/'Output-Calculation-sheet'!B6*'Output-Calculation-sheet'!B24 -> #DIV/0! | C18: =C7/'Output-Calculation-sheet'!C6*'Output-Calculation-sheet'!C24 -> #DIV/0! | D18: =D7/'Output-Calculation-sheet'!D6*'Output-Calculation-sheet'!D24 -> #DIV/0! | E18: =E7/'Output-Calculation-sheet'!E6*'Output-Calculation-sheet'!E24 -> #DIV/0! | F18: =F7/'Output-Calculation-sheet'!F6*'Output-Calculation-sheet'!F24 -> #DIV/0! | G18: =G7/'Output-Calculation-sheet'!G6*'Output-Calculation-sheet'!G24 -> #DIV/0! | H18: =H7/'Output-Calculation-sheet'!H6*'Output-Calculation-sheet'!H24 -> #DIV/0! | I18: =I7/'Output-Calculation-sheet'!I6*'Output-Calculation-sheet'!I24 -> #DIV/0! | ... Y18: =Y7/'Output-Calculation-sheet'!Y6*'Output-Calculation-sheet'!Y24 -> #DIV/0! | AA18: =SUM(B18:Y18)/1000 -> #DIV/0!
A19: 2031 | B19: =B8/'Output-Calculation-sheet'!B7*'Output-Calculation-sheet'!B25 -> 1064.1262 | C19: =C8/'Output-Calculation-sheet'!C7*'Output-Calculation-sheet'!C25 -> 5006.6781 | D19: =D8/'Output-Calculation-sheet'!D7*'Output-Calculation-sheet'!D25 -> 0 | E19: =E8/'Output-Calculation-sheet'!E7*'Output-Calculation-sheet'!E25 -> 0 | F19: =F8/'Output-Calculation-sheet'!F7*'Output-Calculation-sheet'!F25 -> 0 | G19: =G8/'Output-Calculation-sheet'!G7*'Output-Calculation-sheet'!G25 -> 0 | H19: =H8/'Output-Calculation-sheet'!H7*'Output-Calculation-sheet'!H25 -> 1516.583 | I19: =I8/'Output-Calculation-sheet'!I7*'Output-Calculation-sheet'!I25 -> 0 | ... Y19: =Y8/'Output-Calculation-sheet'!Y7*'Output-Calculation-sheet'!Y25 -> 0 | AA19: =SUM(B19:Y19)/1000 -> 10.586564
A20: 2032 | B20: =B9/'Output-Calculation-sheet'!B8*'Output-Calculation-sheet'!B26 -> 5272.5977 | C20: =C9/'Output-Calculation-sheet'!C8*'Output-Calculation-sheet'!C26 -> 2891.3638 | D20: =D9/'Output-Calculation-sheet'!D8*'Output-Calculation-sheet'!D26 -> 0 | E20: =E9/'Output-Calculation-sheet'!E8*'Output-Calculation-sheet'!E26 -> 0 | F20: =F9/'Output-Calculation-sheet'!F8*'Output-Calculation-sheet'!F26 -> 0 | G20: =G9/'Output-Calculation-sheet'!G8*'Output-Calculation-sheet'!G26 -> 0 | H20: =H9/'Output-Calculation-sheet'!H8*'Output-Calculation-sheet'!H26 -> 1735.7 | I20: =I9/'Output-Calculation-sheet'!I8*'Output-Calculation-sheet'!I26 -> 0 | ... Y20: =Y9/'Output-Calculation-sheet'!Y8*'Output-Calculation-sheet'!Y26 -> 0 | AA20: =SUM(B20:Y20)/1000 -> 13.048804
A21: 2033 | B21: =B10/'Output-Calculation-sheet'!B9*'Output-Calculation-sheet'!B27 -> 5011.1095 | C21: =C10/'Output-Calculation-sheet'!C9*'Output-Calculation-sheet'!C27 -> 3080.04 | D21: =D10/'Output-Calculation-sheet'!D9*'Output-Calculation-sheet'!D27 -> 0 | E21: =E10/'Output-Calculation-sheet'!E9*'Output-Calculation-sheet'!E27 -> 0 | F21: =F10/'Output-Calculation-sheet'!F9*'Output-Calculation-sheet'!F27 -> 0 | G21: =G10/'Output-Calculation-sheet'!G9*'Output-Calculation-sheet'!G27 -> 0 | H21: =H10/'Output-Calculation-sheet'!H9*'Output-Calculation-sheet'!H27 -> 1009.8736 | I21: =I10/'Output-Calculation-sheet'!I9*'Output-Calculation-sheet'!I27 -> 0 | ... Y21: =Y10/'Output-Calculation-sheet'!Y9*'Output-Calculation-sheet'!Y27 -> 0 | AA21: =SUM(B21:Y21)/1000 -> 11.567033
A22: 2034 | B22: =B11/'Output-Calculation-sheet'!B10*'Output-Calculation-sheet'!B28 -> 4439.6794 | C22: =C11/'Output-Calculation-sheet'!C10*'Output-Calculation-sheet'!C28 -> 447.26161 | D22: =D11/'Output-Calculation-sheet'!D10*'Output-Calculation-sheet'!D28 -> 0 | E22: =E11/'Output-Calculation-sheet'!E10*'Output-Calculation-sheet'!E28 -> 1513.8043 | F22: =F11/'Output-Calculation-sheet'!F10*'Output-Calculation-sheet'!F28 -> 0 | G22: =G11/'Output-Calculation-sheet'!G10*'Output-Calculation-sheet'!G28 -> 0 | H22: =H11/'Output-Calculation-sheet'!H10*'Output-Calculation-sheet'!H28 -> 1177.6749 | I22: =I11/'Output-Calculation-sheet'!I10*'Output-Calculation-sheet'!I28 -> 0 | ... Y22: =Y11/'Output-Calculation-sheet'!Y10*'Output-Calculation-sheet'!Y28 -> 33.569714 | AA22: =SUM(B22:Y22)/1000 -> 10.578286
A23: 2035 | B23: =B12/'Output-Calculation-sheet'!B11*'Output-Calculation-sheet'!B29 -> 1029.2875 | C23: =C12/'Output-Calculation-sheet'!C11*'Output-Calculation-sheet'!C29 -> 193.43999 | D23: =D12/'Output-Calculation-sheet'!D11*'Output-Calculation-sheet'!D29 -> 0 | E23: =E12/'Output-Calculation-sheet'!E11*'Output-Calculation-sheet'!E29 -> 2606.1566 | F23: =F12/'Output-Calculation-sheet'!F11*'Output-Calculation-sheet'!F29 -> 0 | G23: =G12/'Output-Calculation-sheet'!G11*'Output-Calculation-sheet'!G29 -> 0 | H23: =H12/'Output-Calculation-sheet'!H11*'Output-Calculation-sheet'!H29 -> 313.77886 | I23: =I12/'Output-Calculation-sheet'!I11*'Output-Calculation-sheet'!I29 -> 0 | ... Y23: =Y12/'Output-Calculation-sheet'!Y11*'Output-Calculation-sheet'!Y29 -> 80.763584 | AA23: =SUM(B23:Y23)/1000 -> 6.7908566
A25: Wind Capacity (MW) | AA25: Total Wind Capacity (GW)
A27: 2028 | B27: =B5/'Output-Calculation-sheet'!B4*'Output-Calculation-sheet'!B13 -> #DIV/0! | C27: =C5/'Output-Calculation-sheet'!C4*'Output-Calculation-sheet'!C13 -> #DIV/0! | D27: =D5/'Output-Calculation-sheet'!D4*'Output-Calculation-sheet'!D13 -> #DIV/0! | E27: =E5/'Output-Calculation-sheet'!E4*'Output-Calculation-sheet'!E13 -> #DIV/0! | F27: =F5/'Output-Calculation-sheet'!F4*'Output-Calculation-sheet'!F13 -> #DIV/0! | G27: =G5/'Output-Calculation-sheet'!G4*'Output-Calculation-sheet'!G13 -> #DIV/0! | H27: =H5/'Output-Calculation-sheet'!H4*'Output-Calculation-sheet'!H13 -> #DIV/0! | I27: =I5/'Output-Calculation-sheet'!I4*'Output-Calculation-sheet'!I13 -> #DIV/0! | ... Y27: =Y5/'Output-Calculation-sheet'!Y4*'Output-Calculation-sheet'!Y13 -> #DIV/0! | AA27: =SUM(B27:Y27)/1000 -> #DIV/0!
A28: 2029 | B28: =B6/'Output-Calculation-sheet'!B5*'Output-Calculation-sheet'!B14 -> #DIV/0! | C28: =C6/'Output-Calculation-sheet'!C5*'Output-Calculation-sheet'!C14 -> #DIV/0! | D28: =D6/'Output-Calculation-sheet'!D5*'Output-Calculation-sheet'!D14 -> #DIV/0! | E28: =E6/'Output-Calculation-sheet'!E5*'Output-Calculation-sheet'!E14 -> #DIV/0! | F28: =F6/'Output-Calculation-sheet'!F5*'Output-Calculation-sheet'!F14 -> #DIV/0! | G28: =G6/'Output-Calculation-sheet'!G5*'Output-Calculation-sheet'!G14 -> #DIV/0! | H28: =H6/'Output-Calculation-sheet'!H5*'Output-Calculation-sheet'!H14 -> #DIV/0! | I28: =I6/'Output-Calculation-sheet'!I5*'Output-Calculation-sheet'!I14 -> #DIV/0! | ... Y28: =Y6/'Output-Calculation-sheet'!Y5*'Output-Calculation-sheet'!Y14 -> #DIV/0! | AA28: =SUM(B28:Y28)/1000 -> #DIV/0!
A29: 2030 | B29: =B7/'Output-Calculation-sheet'!B6*'Output-Calculation-sheet'!B15 -> #DIV/0! | C29: =C7/'Output-Calculation-sheet'!C6*'Output-Calculation-sheet'!C15 -> #DIV/0! | D29: =D7/'Output-Calculation-sheet'!D6*'Output-Calculation-sheet'!D15 -> #DIV/0! | E29: =E7/'Output-Calculation-sheet'!E6*'Output-Calculation-sheet'!E15 -> #DIV/0! | F29: =F7/'Output-Calculation-sheet'!F6*'Output-Calculation-sheet'!F15 -> #DIV/0! | G29: =G7/'Output-Calculation-sheet'!G6*'Output-Calculation-sheet'!G15 -> #DIV/0! | H29: =H7/'Output-Calculation-sheet'!H6*'Output-Calculation-sheet'!H15 -> #DIV/0! | I29: =I7/'Output-Calculation-sheet'!I6*'Output-Calculation-sheet'!I15 -> #DIV/0! | ... Y29: =Y7/'Output-Calculation-sheet'!Y6*'Output-Calculation-sheet'!Y15 -> #DIV/0! | AA29: =SUM(B29:Y29)/1000 -> #DIV/0!
A30: 2031 | B30: =B8/'Output-Calculation-sheet'!B7*'Output-Calculation-sheet'!B16 -> 18548.784 | C30: =C8/'Output-Calculation-sheet'!C7*'Output-Calculation-sheet'!C16 -> 0 | D30: =D8/'Output-Calculation-sheet'!D7*'Output-Calculation-sheet'!D16 -> 3123.3467 | E30: =E8/'Output-Calculation-sheet'!E7*'Output-Calculation-sheet'!E16 -> 3360.5489 | F30: =F8/'Output-Calculation-sheet'!F7*'Output-Calculation-sheet'!F16 -> 1695.4425 | G30: =G8/'Output-Calculation-sheet'!G7*'Output-Calculation-sheet'!G16 -> 1110.2987 | H30: =H8/'Output-Calculation-sheet'!H7*'Output-Calculation-sheet'!H16 -> 0 | I30: =I8/'Output-Calculation-sheet'!I7*'Output-Calculation-sheet'!I16 -> 1082.3882 | ... Y30: =Y8/'Output-Calculation-sheet'!Y7*'Output-Calculation-sheet'!Y16 -> 115.8878 | AA30: =SUM(B30:Y30)/1000 -> 39.169936
A31: 2032 | B31: =B9/'Output-Calculation-sheet'!B8*'Output-Calculation-sheet'!B17 -> 22168.184 | C31: =C9/'Output-Calculation-sheet'!C8*'Output-Calculation-sheet'!C17 -> 0 | D31: =D9/'Output-Calculation-sheet'!D8*'Output-Calculation-sheet'!D17 -> 4284.9175 | E31: =E9/'Output-Calculation-sheet'!E8*'Output-Calculation-sheet'!E17 -> 5036.3124 | F31: =F9/'Output-Calculation-sheet'!F8*'Output-Calculation-sheet'!F17 -> 2325.9778 | G31: =G9/'Output-Calculation-sheet'!G8*'Output-Calculation-sheet'!G17 -> 1523.2193 | H31: =H9/'Output-Calculation-sheet'!H8*'Output-Calculation-sheet'!H17 -> 0 | I31: =I9/'Output-Calculation-sheet'!I8*'Output-Calculation-sheet'!I17 -> 1484.9289 | ... Y31: =Y9/'Output-Calculation-sheet'!Y8*'Output-Calculation-sheet'!Y17 -> 181.50001 | AA31: =SUM(B31:Y31)/1000 -> 50.789938
A32: 2033 | B32: =B10/'Output-Calculation-sheet'!B9*'Output-Calculation-sheet'!B18 -> 18126.508 | C32: =C10/'Output-Calculation-sheet'!C9*'Output-Calculation-sheet'!C18 -> 0 | D32: =D10/'Output-Calculation-sheet'!D9*'Output-Calculation-sheet'!D18 -> 5715.4975 | E32: =E10/'Output-Calculation-sheet'!E9*'Output-Calculation-sheet'!E18 -> 7984.2954 | F32: =F10/'Output-Calculation-sheet'!F9*'Output-Calculation-sheet'!F18 -> 3223.1499 | G32: =G10/'Output-Calculation-sheet'!G9*'Output-Calculation-sheet'!G18 -> 2010.7456 | H32: =H10/'Output-Calculation-sheet'!H9*'Output-Calculation-sheet'!H18 -> 0 | I32: =I10/'Output-Calculation-sheet'!I9*'Output-Calculation-sheet'!I18 -> 2122.877 | ... Y32: =Y10/'Output-Calculation-sheet'!Y9*'Output-Calculation-sheet'!Y18 -> 289.3172 | AA32: =SUM(B32:Y32)/1000 -> 57.625799
A33: 2034 | B33: =B11/'Output-Calculation-sheet'!B10*'Output-Calculation-sheet'!B19 -> 13399.563 | C33: =C11/'Output-Calculation-sheet'!C10*'Output-Calculation-sheet'!C19 -> 0 | D33: =D11/'Output-Calculation-sheet'!D10*'Output-Calculation-sheet'!D19 -> 8913.929 | E33: =E11/'Output-Calculation-sheet'!E10*'Output-Calculation-sheet'!E19 -> 11029.988 | F33: =F11/'Output-Calculation-sheet'!F10*'Output-Calculation-sheet'!F19 -> 5059.3082 | G33: =G11/'Output-Calculation-sheet'!G10*'Output-Calculation-sheet'!G19 -> 3034.0703 | H33: =H11/'Output-Calculation-sheet'!H10*'Output-Calculation-sheet'!H19 -> 0 | I33: =I11/'Output-Calculation-sheet'!I10*'Output-Calculation-sheet'!I19 -> 3310.9673 | ... Y33: =Y11/'Output-Calculation-sheet'!Y10*'Output-Calculation-sheet'!Y19 -> 329.09846 | AA33: =SUM(B33:Y33)/1000 -> 66.380657
A34: 2035 | B34: =B12/'Output-Calculation-sheet'!B11*'Output-Calculation-sheet'!B20 -> 210.38205 | C34: =C12/'Output-Calculation-sheet'!C11*'Output-Calculation-sheet'!C20 -> 0 | D34: =D12/'Output-Calculation-sheet'!D11*'Output-Calculation-sheet'!D20 -> 9370.3416 | E34: =E12/'Output-Calculation-sheet'!E11*'Output-Calculation-sheet'!E20 -> 5530.685 | F34: =F12/'Output-Calculation-sheet'!F11*'Output-Calculation-sheet'!F20 -> 6399.8323 | G34: =G12/'Output-Calculation-sheet'!G11*'Output-Calculation-sheet'!G20 -> 3451.2673 | H34: =H12/'Output-Calculation-sheet'!H11*'Output-Calculation-sheet'!H20 -> 0 | I34: =I12/'Output-Calculation-sheet'!I11*'Output-Calculation-sheet'!I20 -> 3757.3772 | ... Y34: =Y12/'Output-Calculation-sheet'!Y11*'Output-Calculation-sheet'!Y20 -> 139.97641 | AA34: =SUM(B34:Y34)/1000 -> 49.107534
A36: DAC Capacity (ktCO2/yr) | AA36: Total DAC Capacity (ktCO2/yr)
A38: 2028 | B38: =B5/'Output-Calculation-sheet'!B4*'Output-Calculation-sheet'!B31*0.0114 -> #DIV/0! | C38: =C5/'Output-Calculation-sheet'!C4*'Output-Calculation-sheet'!C31*0.0114 -> #DIV/0! | D38: =D5/'Output-Calculation-sheet'!D4*'Output-Calculation-sheet'!D31*0.0114 -> #DIV/0! | E38: =E5/'Output-Calculation-sheet'!E4*'Output-Calculation-sheet'!E31*0.0114 -> #DIV/0! | F38: =F5/'Output-Calculation-sheet'!F4*'Output-Calculation-sheet'!F31*0.0114 -> #DIV/0! | G38: =G5/'Output-Calculation-sheet'!G4*'Output-Calculation-sheet'!G31*0.0114 -> #DIV/0! | H38: =H5/'Output-Calculation-sheet'!H4*'Output-Calculation-sheet'!H31*0.0114 -> #DIV/0! | I38: =I5/'Output-Calculation-sheet'!I4*'Output-Calculation-sheet'!I31*0.0114 -> #DIV/0! | ... Y38: =Y5/'Output-Calculation-sheet'!Y4*'Output-Calculation-sheet'!Y31*0.0114 -> #DIV/0! | AA38: =SUM(B38:Y38) -> #DIV/0!
A39: 2029 | B39: =B6/'Output-Calculation-sheet'!B5*'Output-Calculation-sheet'!B32*0.0114 -> #DIV/0! | C39: =C6/'Output-Calculation-sheet'!C5*'Output-Calculation-sheet'!C32*0.0114 -> #DIV/0! | D39: =D6/'Output-Calculation-sheet'!D5*'Output-Calculation-sheet'!D32*0.0114 -> #DIV/0! | E39: =E6/'Output-Calculation-sheet'!E5*'Output-Calculation-sheet'!E32*0.0114 -> #DIV/0! | F39: =F6/'Output-Calculation-sheet'!F5*'Output-Calculation-sheet'!F32*0.0114 -> #DIV/0! | G39: =G6/'Output-Calculation-sheet'!G5*'Output-Calculation-sheet'!G32*0.0114 -> #DIV/0! | H39: =H6/'Output-Calculation-sheet'!H5*'Output-Calculation-sheet'!H32*0.0114 -> #DIV/0! | I39: =I6/'Output-Calculation-sheet'!I5*'Output-Calculation-sheet'!I32*0.0114 -> #DIV/0! | ... Y39: =Y6/'Output-Calculation-sheet'!Y5*'Output-Calculation-sheet'!Y32*0.0114 -> #DIV/0! | AA39: =SUM(B39:Y39) -> #DIV/0!
A40: 2030 | B40: =B7/'Output-Calculation-sheet'!B6*'Output-Calculation-sheet'!B33*0.0114 -> #DIV/0! | C40: =C7/'Output-Calculation-sheet'!C6*'Output-Calculation-sheet'!C33*0.0114 -> #DIV/0! | D40: =D7/'Output-Calculation-sheet'!D6*'Output-Calculation-sheet'!D33*0.0114 -> #DIV/0! | E40: =E7/'Output-Calculation-sheet'!E6*'Output-Calculation-sheet'!E33*0.0114 -> #DIV/0! | F40: =F7/'Output-Calculation-sheet'!F6*'Output-Calculation-sheet'!F33*0.0114 -> #DIV/0! | G40: =G7/'Output-Calculation-sheet'!G6*'Output-Calculation-sheet'!G33*0.0114 -> #DIV/0! | H40: =H7/'Output-Calculation-sheet'!H6*'Output-Calculation-sheet'!H33*0.0114 -> #DIV/0! | I40: =I7/'Output-Calculation-sheet'!I6*'Output-Calculation-sheet'!I33*0.0114 -> #DIV/0! | ... Y40: =Y7/'Output-Calculation-sheet'!Y6*'Output-Calculation-sheet'!Y33*0.0114 -> #DIV/0! | AA40: =SUM(B40:Y40) -> #DIV/0!
A41: 2031 | B41: =B8/'Output-Calculation-sheet'!B7*'Output-Calculation-sheet'!B34*0.0114 -> 0 | C41: =C8/'Output-Calculation-sheet'!C7*'Output-Calculation-sheet'!C34*0.0114 -> 0 | D41: =D8/'Output-Calculation-sheet'!D7*'Output-Calculation-sheet'!D34*0.0114 -> 0 | E41: =E8/'Output-Calculation-sheet'!E7*'Output-Calculation-sheet'!E34*0.0114 -> 0 | F41: =F8/'Output-Calculation-sheet'!F7*'Output-Calculation-sheet'!F34*0.0114 -> 0 | G41: =G8/'Output-Calculation-sheet'!G7*'Output-Calculation-sheet'!G34*0.0114 -> 0 | H41: =H8/'Output-Calculation-sheet'!H7*'Output-Calculation-sheet'!H34*0.0114 -> 0 | I41: =I8/'Output-Calculation-sheet'!I7*'Output-Calculation-sheet'!I34*0.0114 -> 0 | ... Y41: =Y8/'Output-Calculation-sheet'!Y7*'Output-Calculation-sheet'!Y34*0.0114 -> 0 | AA41: =SUM(B41:Y41) -> 0
A42: 2032 | B42: =B9/'Output-Calculation-sheet'!B8*'Output-Calculation-sheet'!B35*0.0114 -> 0 | C42: =C9/'Output-Calculation-sheet'!C8*'Output-Calculation-sheet'!C35*0.0114 -> 0 | D42: =D9/'Output-Calculation-sheet'!D8*'Output-Calculation-sheet'!D35*0.0114 -> 0 | E42: =E9/'Output-Calculation-sheet'!E8*'Output-Calculation-sheet'!E35*0.0114 -> 0 | F42: =F9/'Output-Calculation-sheet'!F8*'Output-Calculation-sheet'!F35*0.0114 -> 0 | G42: =G9/'Output-Calculation-sheet'!G8*'Output-Calculation-sheet'!G35*0.0114 -> 0 | H42: =H9/'Output-Calculation-sheet'!H8*'Output-Calculation-sheet'!H35*0.0114 -> 0 | I42: =I9/'Output-Calculation-sheet'!I8*'Output-Calculation-sheet'!I35*0.0114 -> 0 | ... Y42: =Y9/'Output-Calculation-sheet'!Y8*'Output-Calculation-sheet'!Y35*0.0114 -> 0 | AA42: =SUM(B42:Y42) -> 0
A43: 2033 | B43: =B10/'Output-Calculation-sheet'!B9*'Output-Calculation-sheet'!B36*0.0114 -> 0 | C43: =C10/'Output-Calculation-sheet'!C9*'Output-Calculation-sheet'!C36*0.0114 -> 0 | D43: =D10/'Output-Calculation-sheet'!D9*'Output-Calculation-sheet'!D36*0.0114 -> 0 | E43: =E10/'Output-Calculation-sheet'!E9*'Output-Calculation-sheet'!E36*0.0114 -> 0 | F43: =F10/'Output-Calculation-sheet'!F9*'Output-Calculation-sheet'!F36*0.0114 -> 0 | G43: =G10/'Output-Calculation-sheet'!G9*'Output-Calculation-sheet'!G36*0.0114 -> 0 | H43: =H10/'Output-Calculation-sheet'!H9*'Output-Calculation-sheet'!H36*0.0114 -> 0 | I43: =I10/'Output-Calculation-sheet'!I9*'Output-Calculation-sheet'!I36*0.0114 -> 0 | ... Y43: =Y10/'Output-Calculation-sheet'!Y9*'Output-Calculation-sheet'!Y36*0.0114 -> 0 | AA43: =SUM(B43:Y43) -> 0
A44: 2034 | B44: =B11/'Output-Calculation-sheet'!B10*'Output-Calculation-sheet'!B37*0.0114 -> 0 | C44: =C11/'Output-Calculation-sheet'!C10*'Output-Calculation-sheet'!C37*0.0114 -> 0 | D44: =D11/'Output-Calculation-sheet'!D10*'Output-Calculation-sheet'!D37*0.0114 -> 0 | E44: =E11/'Output-Calculation-sheet'!E10*'Output-Calculation-sheet'!E37*0.0114 -> 0 | F44: =F11/'Output-Calculation-sheet'!F10*'Output-Calculation-sheet'!F37*0.0114 -> 0 | G44: =G11/'Output-Calculation-sheet'!G10*'Output-Calculation-sheet'!G37*0.0114 -> 0 | H44: =H11/'Output-Calculation-sheet'!H10*'Output-Calculation-sheet'!H37*0.0114 -> 0 | I44: =I11/'Output-Calculation-sheet'!I10*'Output-Calculation-sheet'!I37*0.0114 -> 0 | ... Y44: =Y11/'Output-Calculation-sheet'!Y10*'Output-Calculation-sheet'!Y37*0.0114 -> 0 | AA44: =SUM(B44:Y44) -> 0
A45: 2035 | B45: =B12/'Output-Calculation-sheet'!B11*'Output-Calculation-sheet'!B38*0.0114 -> 0.13970731 | C45: =C12/'Output-Calculation-sheet'!C11*'Output-Calculation-sheet'!C38*0.0114 -> 0.066308324 | D45: =D12/'Output-Calculation-sheet'!D11*'Output-Calculation-sheet'!D38*0.0114 -> 0.2349509 | E45: =E12/'Output-Calculation-sheet'!E11*'Output-Calculation-sheet'!E38*0.0114 -> 0.14004264 | F45: =F12/'Output-Calculation-sheet'!F11*'Output-Calculation-sheet'!F38*0.0114 -> 0.088077183 | G45: =G12/'Output-Calculation-sheet'!G11*'Output-Calculation-sheet'!G38*0.0114 -> 0.084282199 | H45: =H12/'Output-Calculation-sheet'!H11*'Output-Calculation-sheet'!H38*0.0114 -> 0.020411759 | I45: =I12/'Output-Calculation-sheet'!I11*'Output-Calculation-sheet'!I38*0.0114 -> 0.07580663 | ... Y45: =Y12/'Output-Calculation-sheet'!Y11*'Output-Calculation-sheet'!Y38*0.0114 -> 0.0044606929 | AA45: =SUM(B45:Y45) -> 1.3136745
A47: Battery Storage Capacity (MWh) | AA47: Total Battery Storage Capacity (GWh)
A49: 2028 | B49: =B5/'Output-Calculation-sheet'!B4*'Output-Calculation-sheet'!B40 -> #DIV/0! | C49: =C5/'Output-Calculation-sheet'!C4*'Output-Calculation-sheet'!C40 -> #DIV/0! | D49: =D5/'Output-Calculation-sheet'!D4*'Output-Calculation-sheet'!D40 -> #DIV/0! | E49: =E5/'Output-Calculation-sheet'!E4*'Output-Calculation-sheet'!E40 -> #DIV/0! | F49: =F5/'Output-Calculation-sheet'!F4*'Output-Calculation-sheet'!F40 -> #DIV/0! | G49: =G5/'Output-Calculation-sheet'!G4*'Output-Calculation-sheet'!G40 -> #DIV/0! | H49: =H5/'Output-Calculation-sheet'!H4*'Output-Calculation-sheet'!H40 -> #DIV/0! | I49: =I5/'Output-Calculation-sheet'!I4*'Output-Calculation-sheet'!I40 -> #DIV/0! | ... Y49: =Y5/'Output-Calculation-sheet'!Y4*'Output-Calculation-sheet'!Y40 -> #DIV/0! | AA49: =SUM(B49:Y49)/1000 -> #DIV/0!
A50: 2029 | B50: =B6/'Output-Calculation-sheet'!B5*'Output-Calculation-sheet'!B41 -> #DIV/0! | C50: =C6/'Output-Calculation-sheet'!C5*'Output-Calculation-sheet'!C41 -> #DIV/0! | D50: =D6/'Output-Calculation-sheet'!D5*'Output-Calculation-sheet'!D41 -> #DIV/0! | E50: =E6/'Output-Calculation-sheet'!E5*'Output-Calculation-sheet'!E41 -> #DIV/0! | F50: =F6/'Output-Calculation-sheet'!F5*'Output-Calculation-sheet'!F41 -> #DIV/0! | G50: =G6/'Output-Calculation-sheet'!G5*'Output-Calculation-sheet'!G41 -> #DIV/0! | H50: =H6/'Output-Calculation-sheet'!H5*'Output-Calculation-sheet'!H41 -> #DIV/0! | I50: =I6/'Output-Calculation-sheet'!I5*'Output-Calculation-sheet'!I41 -> #DIV/0! | ... Y50: =Y6/'Output-Calculation-sheet'!Y5*'Output-Calculation-sheet'!Y41 -> #DIV/0! | AA50: =SUM(B50:Y50)/1000 -> #DIV/0!
A51: 2030 | B51: =B7/'Output-Calculation-sheet'!B6*'Output-Calculation-sheet'!B42 -> #DIV/0! | C51: =C7/'Output-Calculation-sheet'!C6*'Output-Calculation-sheet'!C42 -> #DIV/0! | D51: =D7/'Output-Calculation-sheet'!D6*'Output-Calculation-sheet'!D42 -> #DIV/0! | E51: =E7/'Output-Calculation-sheet'!E6*'Output-Calculation-sheet'!E42 -> #DIV/0! | F51: =F7/'Output-Calculation-sheet'!F6*'Output-Calculation-sheet'!F42 -> #DIV/0! | G51: =G7/'Output-Calculation-sheet'!G6*'Output-Calculation-sheet'!G42 -> #DIV/0! | H51: =H7/'Output-Calculation-sheet'!H6*'Output-Calculation-sheet'!H42 -> #DIV/0! | I51: =I7/'Output-Calculation-sheet'!I6*'Output-Calculation-sheet'!I42 -> #DIV/0! | ... Y51: =Y7/'Output-Calculation-sheet'!Y6*'Output-Calculation-sheet'!Y42 -> #DIV/0! | AA51: =SUM(B51:Y51)/1000 -> #DIV/0!
A52: 2031 | B52: =B8/'Output-Calculation-sheet'!B7*'Output-Calculation-sheet'!B43 -> 0 | C52: =C8/'Output-Calculation-sheet'!C7*'Output-Calculation-sheet'!C43 -> 0 | D52: =D8/'Output-Calculation-sheet'!D7*'Output-Calculation-sheet'!D43 -> 0 | E52: =E8/'Output-Calculation-sheet'!E7*'Output-Calculation-sheet'!E43 -> 0 | F52: =F8/'Output-Calculation-sheet'!F7*'Output-Calculation-sheet'!F43 -> 0 | G52: =G8/'Output-Calculation-sheet'!G7*'Output-Calculation-sheet'!G43 -> 0 | H52: =H8/'Output-Calculation-sheet'!H7*'Output-Calculation-sheet'!H43 -> 0 | I52: =I8/'Output-Calculation-sheet'!I7*'Output-Calculation-sheet'!I43 -> 0 | ... Y52: =Y8/'Output-Calculation-sheet'!Y7*'Output-Calculation-sheet'!Y43 -> 0 | AA52: =SUM(B52:Y52)/1000 -> 0
A53: 2032 | B53: =B9/'Output-Calculation-sheet'!B8*'Output-Calculation-sheet'!B44 -> 0 | C53: =C9/'Output-Calculation-sheet'!C8*'Output-Calculation-sheet'!C44 -> 0 | D53: =D9/'Output-Calculation-sheet'!D8*'Output-Calculation-sheet'!D44 -> 0 | E53: =E9/'Output-Calculation-sheet'!E8*'Output-Calculation-sheet'!E44 -> 0 | F53: =F9/'Output-Calculation-sheet'!F8*'Output-Calculation-sheet'!F44 -> 0 | G53: =G9/'Output-Calculation-sheet'!G8*'Output-Calculation-sheet'!G44 -> 0 | H53: =H9/'Output-Calculation-sheet'!H8*'Output-Calculation-sheet'!H44 -> 0 | I53: =I9/'Output-Calculation-sheet'!I8*'Output-Calculation-sheet'!I44 -> 0 | ... Y53: =Y9/'Output-Calculation-sheet'!Y8*'Output-Calculation-sheet'!Y44 -> 0 | AA53: =SUM(B53:Y53)/1000 -> 0.14134341
A54: 2033 | B54: =B10/'Output-Calculation-sheet'!B9*'Output-Calculation-sheet'!B45 -> 0 | C54: =C10/'Output-Calculation-sheet'!C9*'Output-Calculation-sheet'!C45 -> 0 | D54: =D10/'Output-Calculation-sheet'!D9*'Output-Calculation-sheet'!D45 -> 0 | E54: =E10/'Output-Calculation-sheet'!E9*'Output-Calculation-sheet'!E45 -> 0 | F54: =F10/'Output-Calculation-sheet'!F9*'Output-Calculation-sheet'!F45 -> 0 | G54: =G10/'Output-Calculation-sheet'!G9*'Output-Calculation-sheet'!G45 -> 0 | H54: =H10/'Output-Calculation-sheet'!H9*'Output-Calculation-sheet'!H45 -> 0 | I54: =I10/'Output-Calculation-sheet'!I9*'Output-Calculation-sheet'!I45 -> 0 | ... Y54: =Y10/'Output-Calculation-sheet'!Y9*'Output-Calculation-sheet'!Y45 -> 17.35073 | AA54: =SUM(B54:Y54)/1000 -> 4.5805241
A55: 2034 | B55: =B11/'Output-Calculation-sheet'!B10*'Output-Calculation-sheet'!B46 -> 1751.5601 | C55: =C11/'Output-Calculation-sheet'!C10*'Output-Calculation-sheet'!C46 -> 0 | D55: =D11/'Output-Calculation-sheet'!D10*'Output-Calculation-sheet'!D46 -> 7781.4591 | E55: =E11/'Output-Calculation-sheet'!E10*'Output-Calculation-sheet'!E46 -> 9656.7031 | F55: =F11/'Output-Calculation-sheet'!F10*'Output-Calculation-sheet'!F46 -> 289.56017 | G55: =G11/'Output-Calculation-sheet'!G10*'Output-Calculation-sheet'!G46 -> 3464.1356 | H55: =H11/'Output-Calculation-sheet'!H10*'Output-Calculation-sheet'!H46 -> 597.12207 | I55: =I11/'Output-Calculation-sheet'!I10*'Output-Calculation-sheet'!I46 -> 1870.7328 | ... Y55: =Y11/'Output-Calculation-sheet'!Y10*'Output-Calculation-sheet'!Y46 -> 293.79419 | AA55: =SUM(B55:Y55)/1000 -> 43.979652
A56: 2035 | B56: =B12/'Output-Calculation-sheet'!B11*'Output-Calculation-sheet'!B47 -> 502.45612 | C56: =C12/'Output-Calculation-sheet'!C11*'Output-Calculation-sheet'!C47 -> 395.52333 | D56: =D12/'Output-Calculation-sheet'!D11*'Output-Calculation-sheet'!D47 -> 9140.4143 | E56: =E12/'Output-Calculation-sheet'!E11*'Output-Calculation-sheet'!E47 -> 11133.799 | F56: =F12/'Output-Calculation-sheet'!F11*'Output-Calculation-sheet'!F47 -> 2902.4265 | G56: =G12/'Output-Calculation-sheet'!G11*'Output-Calculation-sheet'!G47 -> 7163.9869 | H56: =H12/'Output-Calculation-sheet'!H11*'Output-Calculation-sheet'!H47 -> 148.61193 | I56: =I12/'Output-Calculation-sheet'!I11*'Output-Calculation-sheet'!I47 -> 3577.5409 | ... Y56: =Y12/'Output-Calculation-sheet'!Y11*'Output-Calculation-sheet'!Y47 -> 301.03156 | AA56: =SUM(B56:Y56)/1000 -> 59.99156
A58: Total cost of energy ($bn) | AA58: Total cost of energy ($bn)
A60: 2028 | B60: =B5*'Output-Calculation-sheet'!B49/10^9 -> 0 | C60: =C5*'Output-Calculation-sheet'!C49/10^9 -> 0 | D60: =D5*'Output-Calculation-sheet'!D49/10^9 -> 0 | E60: =E5*'Output-Calculation-sheet'!E49/10^9 -> 0 | F60: =F5*'Output-Calculation-sheet'!F49/10^9 -> 0 | G60: =G5*'Output-Calculation-sheet'!G49/10^9 -> 0 | H60: =H5*'Output-Calculation-sheet'!H49/10^9 -> 0 | I60: =I5*'Output-Calculation-sheet'!I49/10^9 -> 0 | ... Y60: =Y5*'Output-Calculation-sheet'!Y49/10^9 -> 0 | AA60: =SUM(B60:Y60) -> 0
A61: 2029 | B61: =B6*'Output-Calculation-sheet'!B50/10^9 -> 0 | C61: =C6*'Output-Calculation-sheet'!C50/10^9 -> 0 | D61: =D6*'Output-Calculation-sheet'!D50/10^9 -> 0 | E61: =E6*'Output-Calculation-sheet'!E50/10^9 -> 0 | F61: =F6*'Output-Calculation-sheet'!F50/10^9 -> 0 | G61: =G6*'Output-Calculation-sheet'!G50/10^9 -> 0 | H61: =H6*'Output-Calculation-sheet'!H50/10^9 -> 0 | I61: =I6*'Output-Calculation-sheet'!I50/10^9 -> 0 | ... Y61: =Y6*'Output-Calculation-sheet'!Y50/10^9 -> 0 | AA61: =SUM(B61:Y61) -> 0
A62: 2030 | B62: =B7*'Output-Calculation-sheet'!B51/10^9 -> 0 | C62: =C7*'Output-Calculation-sheet'!C51/10^9 -> 0 | D62: =D7*'Output-Calculation-sheet'!D51/10^9 -> 0 | E62: =E7*'Output-Calculation-sheet'!E51/10^9 -> 0 | F62: =F7*'Output-Calculation-sheet'!F51/10^9 -> 0 | G62: =G7*'Output-Calculation-sheet'!G51/10^9 -> 0 | H62: =H7*'Output-Calculation-sheet'!H51/10^9 -> 0 | I62: =I7*'Output-Calculation-sheet'!I51/10^9 -> 0 | ... Y62: =Y7*'Output-Calculation-sheet'!Y51/10^9 -> 0 | AA62: =SUM(B62:Y62) -> 0
A63: 2031 | B63: =B8*'Output-Calculation-sheet'!B52/10^9 -> 7.0516032 | C63: =C8*'Output-Calculation-sheet'!C52/10^9 -> 3.3226086 | D63: =D8*'Output-Calculation-sheet'!D52/10^9 -> 1.651067 | E63: =E8*'Output-Calculation-sheet'!E52/10^9 -> 1.8888934 | F63: =F8*'Output-Calculation-sheet'!F52/10^9 -> 0.88293631 | G63: =G8*'Output-Calculation-sheet'!G52/10^9 -> 0.67347351 | H63: =H8*'Output-Calculation-sheet'!H52/10^9 -> 0.91642291 | I63: =I8*'Output-Calculation-sheet'!I52/10^9 -> 0.53199932 | ... Y63: =Y8*'Output-Calculation-sheet'!Y52/10^9 -> 0.053911695 | AA63: =SUM(B63:Y63) -> 23.117784
A64: 2032 | B64: =B9*'Output-Calculation-sheet'!B53/10^9 -> 7.4176044 | C64: =C9*'Output-Calculation-sheet'!C53/10^9 -> 3.5656565 | D64: =D9*'Output-Calculation-sheet'!D53/10^9 -> 1.5588088 | E64: =E9*'Output-Calculation-sheet'!E53/10^9 -> 1.8200916 | F64: =F9*'Output-Calculation-sheet'!F53/10^9 -> 0.83520932 | G64: =G9*'Output-Calculation-sheet'!G53/10^9 -> 0.6253702 | H64: =H9*'Output-Calculation-sheet'!H53/10^9 -> 1.0080852 | I64: =I9*'Output-Calculation-sheet'!I53/10^9 -> 0.50713234 | ... Y64: =Y9*'Output-Calculation-sheet'!Y53/10^9 -> 0.054449353 | AA64: =SUM(B64:Y64) -> 23.721585
A65: 2033 | B65: =B10*'Output-Calculation-sheet'!B54/10^9 -> 7.7685101 | C65: =C10*'Output-Calculation-sheet'!C54/10^9 -> 3.7517719 | D65: =D10*'Output-Calculation-sheet'!D54/10^9 -> 1.4228533 | E65: =E10*'Output-Calculation-sheet'!E54/10^9 -> 1.8120225 | F65: =F10*'Output-Calculation-sheet'!F54/10^9 -> 0.77864081 | G65: =G10*'Output-Calculation-sheet'!G54/10^9 -> 0.55435454 | H65: =H10*'Output-Calculation-sheet'!H54/10^9 -> 1.0987758 | I65: =I10*'Output-Calculation-sheet'!I54/10^9 -> 0.48605323 | ... Y65: =Y10*'Output-Calculation-sheet'!Y54/10^9 -> 0.057868433 | AA65: =SUM(B65:Y65) -> 24.279763
A66: 2034 | B66: =B11*'Output-Calculation-sheet'!B55/10^9 -> 8.0937767 | C66: =C11*'Output-Calculation-sheet'!C55/10^9 -> 3.9308508 | D66: =D11*'Output-Calculation-sheet'!D55/10^9 -> 1.5806543 | E66: =E11*'Output-Calculation-sheet'!E55/10^9 -> 2.0472627 | F66: =F11*'Output-Calculation-sheet'!F55/10^9 -> 0.8057558 | G66: =G11*'Output-Calculation-sheet'!G55/10^9 -> 0.5877633 | H66: =H11*'Output-Calculation-sheet'!H55/10^9 -> 1.1816217 | I66: =I11*'Output-Calculation-sheet'!I55/10^9 -> 0.54639601 | ... Y66: =Y11*'Output-Calculation-sheet'!Y55/10^9 -> 0.069140035 | AA66: =SUM(B66:Y66) -> 25.886738
A67: 2035 | B67: =B12*'Output-Calculation-sheet'!B56/10^9 -> 8.6702804 | C67: =C12*'Output-Calculation-sheet'!C56/10^9 -> 4.0556884 | D67: =D12*'Output-Calculation-sheet'!D56/10^9 -> 1.9896618 | E67: =E12*'Output-Calculation-sheet'!E56/10^9 -> 2.6730147 | F67: =F12*'Output-Calculation-sheet'!F56/10^9 -> 1.0682748 | G67: =G12*'Output-Calculation-sheet'!G56/10^9 -> 0.78706843 | H67: =H12*'Output-Calculation-sheet'!H56/10^9 -> 1.2769022 | I67: =I12*'Output-Calculation-sheet'!I56/10^9 -> 0.72122169 | ... Y67: =Y12*'Output-Calculation-sheet'!Y56/10^9 -> 0.088298468 | AA67: =SUM(B67:Y67) -> 29.417393
B68: =SUM(B60:B67) -> 39.001775 | C68: =SUM(C60:C67) -> 18.626576 | D68: =SUM(D60:D67) -> 8.2030451 | E68: =SUM(E60:E67) -> 10.241285 | F68: =SUM(F60:F67) -> 4.370817 | G68: =SUM(G60:G67) -> 3.22803 | H68: =SUM(H60:H67) -> 5.4818079 | I68: =SUM(I60:I67) -> 2.7928026 | ... Y68: =SUM(Y60:Y67) -> 0.32366798
A69: Battery Interface Capacity (MW) | AA69: Total Battery Interface Capacity (GW)
A71: 2028 | B71: =B5/'Output-Calculation-sheet'!B4*'Output-Calculation-sheet'!B58 -> #DIV/0! | C71: =C5/'Output-Calculation-sheet'!C4*'Output-Calculation-sheet'!C58 -> #DIV/0! | D71: =D5/'Output-Calculation-sheet'!D4*'Output-Calculation-sheet'!D58 -> #DIV/0! | E71: =E5/'Output-Calculation-sheet'!E4*'Output-Calculation-sheet'!E58 -> #DIV/0! | F71: =F5/'Output-Calculation-sheet'!F4*'Output-Calculation-sheet'!F58 -> #DIV/0! | G71: =G5/'Output-Calculation-sheet'!G4*'Output-Calculation-sheet'!G58 -> #DIV/0! | H71: =H5/'Output-Calculation-sheet'!H4*'Output-Calculation-sheet'!H58 -> #DIV/0! | I71: =I5/'Output-Calculation-sheet'!I4*'Output-Calculation-sheet'!I58 -> #DIV/0! | ... Y71: =Y5/'Output-Calculation-sheet'!Y4*'Output-Calculation-sheet'!Y58 -> #DIV/0! | AA71: =SUM(B71:Y71)/1000 -> #DIV/0!
A72: 2029 | B72: =B6/'Output-Calculation-sheet'!B5*'Output-Calculation-sheet'!B59 -> #DIV/0! | C72: =C6/'Output-Calculation-sheet'!C5*'Output-Calculation-sheet'!C59 -> #DIV/0! | D72: =D6/'Output-Calculation-sheet'!D5*'Output-Calculation-sheet'!D59 -> #DIV/0! | E72: =E6/'Output-Calculation-sheet'!E5*'Output-Calculation-sheet'!E59 -> #DIV/0! | F72: =F6/'Output-Calculation-sheet'!F5*'Output-Calculation-sheet'!F59 -> #DIV/0! | G72: =G6/'Output-Calculation-sheet'!G5*'Output-Calculation-sheet'!G59 -> #DIV/0! | H72: =H6/'Output-Calculation-sheet'!H5*'Output-Calculation-sheet'!H59 -> #DIV/0! | I72: =I6/'Output-Calculation-sheet'!I5*'Output-Calculation-sheet'!I59 -> #DIV/0! | ... Y72: =Y6/'Output-Calculation-sheet'!Y5*'Output-Calculation-sheet'!Y59 -> #DIV/0! | AA72: =SUM(B72:Y72)/1000 -> #DIV/0!
A73: 2030 | B73: =B7/'Output-Calculation-sheet'!B6*'Output-Calculation-sheet'!B60 -> #DIV/0! | C73: =C7/'Output-Calculation-sheet'!C6*'Output-Calculation-sheet'!C60 -> #DIV/0! | D73: =D7/'Output-Calculation-sheet'!D6*'Output-Calculation-sheet'!D60 -> #DIV/0! | E73: =E7/'Output-Calculation-sheet'!E6*'Output-Calculation-sheet'!E60 -> #DIV/0! | F73: =F7/'Output-Calculation-sheet'!F6*'Output-Calculation-sheet'!F60 -> #DIV/0! | G73: =G7/'Output-Calculation-sheet'!G6*'Output-Calculation-sheet'!G60 -> #DIV/0! | H73: =H7/'Output-Calculation-sheet'!H6*'Output-Calculation-sheet'!H60 -> #DIV/0! | I73: =I7/'Output-Calculation-sheet'!I6*'Output-Calculation-sheet'!I60 -> #DIV/0! | ... Y73: =Y7/'Output-Calculation-sheet'!Y6*'Output-Calculation-sheet'!Y60 -> #DIV/0! | AA73: =SUM(B73:Y73)/1000 -> #DIV/0!
A74: 2031 | B74: =B8/'Output-Calculation-sheet'!B7*'Output-Calculation-sheet'!B61 -> 0 | C74: =C8/'Output-Calculation-sheet'!C7*'Output-Calculation-sheet'!C61 -> 0 | D74: =D8/'Output-Calculation-sheet'!D7*'Output-Calculation-sheet'!D61 -> 0 | E74: =E8/'Output-Calculation-sheet'!E7*'Output-Calculation-sheet'!E61 -> 0 | F74: =F8/'Output-Calculation-sheet'!F7*'Output-Calculation-sheet'!F61 -> 0 | G74: =G8/'Output-Calculation-sheet'!G7*'Output-Calculation-sheet'!G61 -> 0 | H74: =H8/'Output-Calculation-sheet'!H7*'Output-Calculation-sheet'!H61 -> 0 | I74: =I8/'Output-Calculation-sheet'!I7*'Output-Calculation-sheet'!I61 -> 0 | ... Y74: =Y8/'Output-Calculation-sheet'!Y7*'Output-Calculation-sheet'!Y61 -> 0 | AA74: =SUM(B74:Y74)/1000 -> 0
A75: 2032 | B75: =B9/'Output-Calculation-sheet'!B8*'Output-Calculation-sheet'!B62 -> 0 | C75: =C9/'Output-Calculation-sheet'!C8*'Output-Calculation-sheet'!C62 -> 0 | D75: =D9/'Output-Calculation-sheet'!D8*'Output-Calculation-sheet'!D62 -> 0 | E75: =E9/'Output-Calculation-sheet'!E8*'Output-Calculation-sheet'!E62 -> 0 | F75: =F9/'Output-Calculation-sheet'!F8*'Output-Calculation-sheet'!F62 -> 0 | G75: =G9/'Output-Calculation-sheet'!G8*'Output-Calculation-sheet'!G62 -> 0 | H75: =H9/'Output-Calculation-sheet'!H8*'Output-Calculation-sheet'!H62 -> 0 | I75: =I9/'Output-Calculation-sheet'!I8*'Output-Calculation-sheet'!I62 -> 0 | ... Y75: =Y9/'Output-Calculation-sheet'!Y8*'Output-Calculation-sheet'!Y62 -> 0 | AA75: =SUM(B75:Y75)/1000 -> 0.051773812
A76: 2033 | B76: =B10/'Output-Calculation-sheet'!B9*'Output-Calculation-sheet'!B63 -> 0 | C76: =C10/'Output-Calculation-sheet'!C9*'Output-Calculation-sheet'!C63 -> 0 | D76: =D10/'Output-Calculation-sheet'!D9*'Output-Calculation-sheet'!D63 -> 0 | E76: =E10/'Output-Calculation-sheet'!E9*'Output-Calculation-sheet'!E63 -> 0 | F76: =F10/'Output-Calculation-sheet'!F9*'Output-Calculation-sheet'!F63 -> 0 | G76: =G10/'Output-Calculation-sheet'!G9*'Output-Calculation-sheet'!G63 -> 0 | H76: =H10/'Output-Calculation-sheet'!H9*'Output-Calculation-sheet'!H63 -> 0 | I76: =I10/'Output-Calculation-sheet'!I9*'Output-Calculation-sheet'!I63 -> 0 | ... Y76: =Y10/'Output-Calculation-sheet'!Y9*'Output-Calculation-sheet'!Y63 -> 6.3555254 | AA76: =SUM(B76:Y76)/1000 -> 1.2001368
A77: 2034 | B77: =B11/'Output-Calculation-sheet'!B10*'Output-Calculation-sheet'!B64 -> 528.28221 | C77: =C11/'Output-Calculation-sheet'!C10*'Output-Calculation-sheet'!C64 -> 0 | D77: =D11/'Output-Calculation-sheet'!D10*'Output-Calculation-sheet'!D64 -> 1778.1886 | E77: =E11/'Output-Calculation-sheet'!E10*'Output-Calculation-sheet'!E64 -> 2226.2895 | F77: =F11/'Output-Calculation-sheet'!F10*'Output-Calculation-sheet'!F64 -> 159.09859 | G77: =G11/'Output-Calculation-sheet'!G10*'Output-Calculation-sheet'!G64 -> 938.97094 | H77: =H11/'Output-Calculation-sheet'!H10*'Output-Calculation-sheet'!H64 -> 146.20278 | I77: =I11/'Output-Calculation-sheet'!I10*'Output-Calculation-sheet'!I64 -> 555.50783 | ... Y77: =Y11/'Output-Calculation-sheet'!Y10*'Output-Calculation-sheet'!Y64 -> 59.166595 | AA77: =SUM(B77:Y77)/1000 -> 10.643964
A78: 2035 | B78: =B12/'Output-Calculation-sheet'!B11*'Output-Calculation-sheet'!B65 -> 96.643145 | C78: =C12/'Output-Calculation-sheet'!C11*'Output-Calculation-sheet'!C65 -> 70.54275 | D78: =D12/'Output-Calculation-sheet'!D11*'Output-Calculation-sheet'!D65 -> 2033.3558 | E78: =E12/'Output-Calculation-sheet'!E11*'Output-Calculation-sheet'!E65 -> 1817.6265 | F78: =F12/'Output-Calculation-sheet'!F11*'Output-Calculation-sheet'!F65 -> 818.34262 | G78: =G12/'Output-Calculation-sheet'!G11*'Output-Calculation-sheet'!G65 -> 1574.5024 | H78: =H12/'Output-Calculation-sheet'!H11*'Output-Calculation-sheet'!H65 -> 27.663304 | I78: =I12/'Output-Calculation-sheet'!I11*'Output-Calculation-sheet'!I65 -> 915.52298 | ... Y78: =Y12/'Output-Calculation-sheet'!Y11*'Output-Calculation-sheet'!Y65 -> 48.451081 | AA78: =SUM(B78:Y78)/1000 -> 12.837126
A80: Heat Pump Capacity (MW) | AA80: Total Heat Pump Capacity (GW)
A82: 2028 | B82: =B5/'Output-Calculation-sheet'!B4*'Output-Calculation-sheet'!B67 -> #DIV/0! | C82: =C5/'Output-Calculation-sheet'!C4*'Output-Calculation-sheet'!C67 -> #DIV/0! | D82: =D5/'Output-Calculation-sheet'!D4*'Output-Calculation-sheet'!D67 -> #DIV/0! | E82: =E5/'Output-Calculation-sheet'!E4*'Output-Calculation-sheet'!E67 -> #DIV/0! | F82: =F5/'Output-Calculation-sheet'!F4*'Output-Calculation-sheet'!F67 -> #DIV/0! | G82: =G5/'Output-Calculation-sheet'!G4*'Output-Calculation-sheet'!G67 -> #DIV/0! | H82: =H5/'Output-Calculation-sheet'!H4*'Output-Calculation-sheet'!H67 -> #DIV/0! | I82: =I5/'Output-Calculation-sheet'!I4*'Output-Calculation-sheet'!I67 -> #DIV/0! | ... Y82: =Y5/'Output-Calculation-sheet'!Y4*'Output-Calculation-sheet'!Y67 -> #DIV/0! | AA82: =SUM(B82:Y82)/1000 -> #DIV/0!
A83: 2029 | B83: =B6/'Output-Calculation-sheet'!B5*'Output-Calculation-sheet'!B68 -> #DIV/0! | C83: =C6/'Output-Calculation-sheet'!C5*'Output-Calculation-sheet'!C68 -> #DIV/0! | D83: =D6/'Output-Calculation-sheet'!D5*'Output-Calculation-sheet'!D68 -> #DIV/0! | E83: =E6/'Output-Calculation-sheet'!E5*'Output-Calculation-sheet'!E68 -> #DIV/0! | F83: =F6/'Output-Calculation-sheet'!F5*'Output-Calculation-sheet'!F68 -> #DIV/0! | G83: =G6/'Output-Calculation-sheet'!G5*'Output-Calculation-sheet'!G68 -> #DIV/0! | H83: =H6/'Output-Calculation-sheet'!H5*'Output-Calculation-sheet'!H68 -> #DIV/0! | I83: =I6/'Output-Calculation-sheet'!I5*'Output-Calculation-sheet'!I68 -> #DIV/0! | ... Y83: =Y6/'Output-Calculation-sheet'!Y5*'Output-Calculation-sheet'!Y68 -> #DIV/0! | AA83: =SUM(B83:Y83)/1000 -> #DIV/0!
A84: 2030 | B84: =B7/'Output-Calculation-sheet'!B6*'Output-Calculation-sheet'!B69 -> #DIV/0! | C84: =C7/'Output-Calculation-sheet'!C6*'Output-Calculation-sheet'!C69 -> #DIV/0! | D84: =D7/'Output-Calculation-sheet'!D6*'Output-Calculation-sheet'!D69 -> #DIV/0! | E84: =E7/'Output-Calculation-sheet'!E6*'Output-Calculation-sheet'!E69 -> #DIV/0! | F84: =F7/'Output-Calculation-sheet'!F6*'Output-Calculation-sheet'!F69 -> #DIV/0! | G84: =G7/'Output-Calculation-sheet'!G6*'Output-Calculation-sheet'!G69 -> #DIV/0! | H84: =H7/'Output-Calculation-sheet'!H6*'Output-Calculation-sheet'!H69 -> #DIV/0! | I84: =I7/'Output-Calculation-sheet'!I6*'Output-Calculation-sheet'!I69 -> #DIV/0! | ... Y84: =Y7/'Output-Calculation-sheet'!Y6*'Output-Calculation-sheet'!Y69 -> #DIV/0! | AA84: =SUM(B84:Y84)/1000 -> #DIV/0!
A85: 2031 | B85: =B8/'Output-Calculation-sheet'!B7*'Output-Calculation-sheet'!B70 -> 0 | C85: =C8/'Output-Calculation-sheet'!C7*'Output-Calculation-sheet'!C70 -> 0 | D85: =D8/'Output-Calculation-sheet'!D7*'Output-Calculation-sheet'!D70 -> 0 | E85: =E8/'Output-Calculation-sheet'!E7*'Output-Calculation-sheet'!E70 -> 0 | F85: =F8/'Output-Calculation-sheet'!F7*'Output-Calculation-sheet'!F70 -> 0 | G85: =G8/'Output-Calculation-sheet'!G7*'Output-Calculation-sheet'!G70 -> 0 | H85: =H8/'Output-Calculation-sheet'!H7*'Output-Calculation-sheet'!H70 -> 0 | I85: =I8/'Output-Calculation-sheet'!I7*'Output-Calculation-sheet'!I70 -> 0 | ... Y85: =Y8/'Output-Calculation-sheet'!Y7*'Output-Calculation-sheet'!Y70 -> 0 | AA85: =SUM(B85:Y85)/1000 -> 0
A86: 2032 | B86: =B9/'Output-Calculation-sheet'!B8*'Output-Calculation-sheet'!B71 -> 0 | C86: =C9/'Output-Calculation-sheet'!C8*'Output-Calculation-sheet'!C71 -> 0 | D86: =D9/'Output-Calculation-sheet'!D8*'Output-Calculation-sheet'!D71 -> 0 | E86: =E9/'Output-Calculation-sheet'!E8*'Output-Calculation-sheet'!E71 -> 0 | F86: =F9/'Output-Calculation-sheet'!F8*'Output-Calculation-sheet'!F71 -> 0 | G86: =G9/'Output-Calculation-sheet'!G8*'Output-Calculation-sheet'!G71 -> 0 | H86: =H9/'Output-Calculation-sheet'!H8*'Output-Calculation-sheet'!H71 -> 0 | I86: =I9/'Output-Calculation-sheet'!I8*'Output-Calculation-sheet'!I71 -> 0 | ... Y86: =Y9/'Output-Calculation-sheet'!Y8*'Output-Calculation-sheet'!Y71 -> 0 | AA86: =SUM(B86:Y86)/1000 -> 0
A87: 2033 | B87: =B10/'Output-Calculation-sheet'!B9*'Output-Calculation-sheet'!B72 -> 0 | C87: =C10/'Output-Calculation-sheet'!C9*'Output-Calculation-sheet'!C72 -> 0 | D87: =D10/'Output-Calculation-sheet'!D9*'Output-Calculation-sheet'!D72 -> 0 | E87: =E10/'Output-Calculation-sheet'!E9*'Output-Calculation-sheet'!E72 -> 0 | F87: =F10/'Output-Calculation-sheet'!F9*'Output-Calculation-sheet'!F72 -> 0 | G87: =G10/'Output-Calculation-sheet'!G9*'Output-Calculation-sheet'!G72 -> 0 | H87: =H10/'Output-Calculation-sheet'!H9*'Output-Calculation-sheet'!H72 -> 0 | I87: =I10/'Output-Calculation-sheet'!I9*'Output-Calculation-sheet'!I72 -> 0 | ... Y87: =Y10/'Output-Calculation-sheet'!Y9*'Output-Calculation-sheet'!Y72 -> 0 | AA87: =SUM(B87:Y87)/1000 -> 0
A88: 2034 | B88: =B11/'Output-Calculation-sheet'!B10*'Output-Calculation-sheet'!B73 -> 0 | C88: =C11/'Output-Calculation-sheet'!C10*'Output-Calculation-sheet'!C73 -> 0 | D88: =D11/'Output-Calculation-sheet'!D10*'Output-Calculation-sheet'!D73 -> 0 | E88: =E11/'Output-Calculation-sheet'!E10*'Output-Calculation-sheet'!E73 -> 0 | F88: =F11/'Output-Calculation-sheet'!F10*'Output-Calculation-sheet'!F73 -> 0 | G88: =G11/'Output-Calculation-sheet'!G10*'Output-Calculation-sheet'!G73 -> 0 | H88: =H11/'Output-Calculation-sheet'!H10*'Output-Calculation-sheet'!H73 -> 0 | I88: =I11/'Output-Calculation-sheet'!I10*'Output-Calculation-sheet'!I73 -> 0 | ... Y88: =Y11/'Output-Calculation-sheet'!Y10*'Output-Calculation-sheet'!Y73 -> 0 | AA88: =SUM(B88:Y88)/1000 -> 0
A89: 2035 | B89: =B12/'Output-Calculation-sheet'!B11*'Output-Calculation-sheet'!B74 -> 24.510055 | C89: =C12/'Output-Calculation-sheet'!C11*'Output-Calculation-sheet'!C74 -> 5.8165196 | D89: =D12/'Output-Calculation-sheet'!D11*'Output-Calculation-sheet'!D74 -> 128.8108 | E89: =E12/'Output-Calculation-sheet'!E11*'Output-Calculation-sheet'!E74 -> 90.085906 | F89: =F12/'Output-Calculation-sheet'!F11*'Output-Calculation-sheet'!F74 -> 54.082481 | G89: =G12/'Output-Calculation-sheet'!G11*'Output-Calculation-sheet'!G74 -> 48.05564 | H89: =H12/'Output-Calculation-sheet'!H11*'Output-Calculation-sheet'!H74 -> 7.1620205 | I89: =I12/'Output-Calculation-sheet'!I11*'Output-Calculation-sheet'!I74 -> 44.885504 | ... Y89: =Y12/'Output-Calculation-sheet'!Y11*'Output-Calculation-sheet'!Y74 -> 2.8694516 | AA89: =SUM(B89:Y89)/1000 -> 0.6481399
A91: Emissions avoided (kgCO2) | AA91: Total avoided emissions (GtCO2)
A93: 2028 | B93: =B5/'Output-Calculation-sheet'!B4*'Output-Calculation-sheet'!B76 -> #DIV/0! | C93: =C5/'Output-Calculation-sheet'!C4*'Output-Calculation-sheet'!C76 -> #DIV/0! | D93: =D5/'Output-Calculation-sheet'!D4*'Output-Calculation-sheet'!D76 -> #DIV/0! | E93: =E5/'Output-Calculation-sheet'!E4*'Output-Calculation-sheet'!E76 -> #DIV/0! | F93: =F5/'Output-Calculation-sheet'!F4*'Output-Calculation-sheet'!F76 -> #DIV/0! | G93: =G5/'Output-Calculation-sheet'!G4*'Output-Calculation-sheet'!G76 -> #DIV/0! | H93: =H5/'Output-Calculation-sheet'!H4*'Output-Calculation-sheet'!H76 -> #DIV/0! | I93: =I5/'Output-Calculation-sheet'!I4*'Output-Calculation-sheet'!I76 -> #DIV/0! | ... Y93: =Y5/'Output-Calculation-sheet'!Y4*'Output-Calculation-sheet'!Y76 -> #DIV/0! | AA93: =SUM(B93:Y93)/10^9 -> #DIV/0!
A94: 2029 | B94: =B6/'Output-Calculation-sheet'!B5*'Output-Calculation-sheet'!B77 -> #DIV/0! | C94: =C6/'Output-Calculation-sheet'!C5*'Output-Calculation-sheet'!C77 -> #DIV/0! | D94: =D6/'Output-Calculation-sheet'!D5*'Output-Calculation-sheet'!D77 -> #DIV/0! | E94: =E6/'Output-Calculation-sheet'!E5*'Output-Calculation-sheet'!E77 -> #DIV/0! | F94: =F6/'Output-Calculation-sheet'!F5*'Output-Calculation-sheet'!F77 -> #DIV/0! | G94: =G6/'Output-Calculation-sheet'!G5*'Output-Calculation-sheet'!G77 -> #DIV/0! | H94: =H6/'Output-Calculation-sheet'!H5*'Output-Calculation-sheet'!H77 -> #DIV/0! | I94: =I6/'Output-Calculation-sheet'!I5*'Output-Calculation-sheet'!I77 -> #DIV/0! | ... Y94: =Y6/'Output-Calculation-sheet'!Y5*'Output-Calculation-sheet'!Y77 -> #DIV/0! | AA94: =SUM(B94:Y94)/10^9 -> #DIV/0!
A95: 2030 | B95: =B7/'Output-Calculation-sheet'!B6*'Output-Calculation-sheet'!B78 -> #DIV/0! | C95: =C7/'Output-Calculation-sheet'!C6*'Output-Calculation-sheet'!C78 -> #DIV/0! | D95: =D7/'Output-Calculation-sheet'!D6*'Output-Calculation-sheet'!D78 -> #DIV/0! | E95: =E7/'Output-Calculation-sheet'!E6*'Output-Calculation-sheet'!E78 -> #DIV/0! | F95: =F7/'Output-Calculation-sheet'!F6*'Output-Calculation-sheet'!F78 -> #DIV/0! | G95: =G7/'Output-Calculation-sheet'!G6*'Output-Calculation-sheet'!G78 -> #DIV/0! | H95: =H7/'Output-Calculation-sheet'!H6*'Output-Calculation-sheet'!H78 -> #DIV/0! | I95: =I7/'Output-Calculation-sheet'!I6*'Output-Calculation-sheet'!I78 -> #DIV/0! | ... Y95: =Y7/'Output-Calculation-sheet'!Y6*'Output-Calculation-sheet'!Y78 -> #DIV/0! | AA95: =SUM(B95:Y95)/10^9 -> #DIV/0!
A96: 2031 | B96: =B8/'Output-Calculation-sheet'!B7*'Output-Calculation-sheet'!B79 -> 1.1701558e+10 | C96: =C8/'Output-Calculation-sheet'!C7*'Output-Calculation-sheet'!C79 -> 3.9586978e+09 | D96: =D8/'Output-Calculation-sheet'!D7*'Output-Calculation-sheet'!D79 -> 4.1325988e+09 | E96: =E8/'Output-Calculation-sheet'!E7*'Output-Calculation-sheet'!E79 -> 7.3474201e+09 | F96: =F8/'Output-Calculation-sheet'!F7*'Output-Calculation-sheet'!F79 -> 3.0410241e+09 | G96: =G8/'Output-Calculation-sheet'!G7*'Output-Calculation-sheet'!G79 -> 2.3687129e+09 | H96: =H8/'Output-Calculation-sheet'!H7*'Output-Calculation-sheet'!H79 -> 2.0274874e+09 | I96: =I8/'Output-Calculation-sheet'!I7*'Output-Calculation-sheet'!I79 -> 1.6500563e+09 | ... Y96: =Y8/'Output-Calculation-sheet'!Y7*'Output-Calculation-sheet'!Y79 -> 2.6086121e+08 | AA96: =SUM(B96:Y96)/10^9 -> 49.684172
A97: 2032 | B97: =B9/'Output-Calculation-sheet'!B8*'Output-Calculation-sheet'!B80 -> 1.6044367e+10 | C97: =C9/'Output-Calculation-sheet'!C8*'Output-Calculation-sheet'!C80 -> 5.4648076e+09 | D97: =D9/'Output-Calculation-sheet'!D8*'Output-Calculation-sheet'!D80 -> 5.4451215e+09 | E97: =E9/'Output-Calculation-sheet'!E8*'Output-Calculation-sheet'!E80 -> 9.9583274e+09 | F97: =F9/'Output-Calculation-sheet'!F8*'Output-Calculation-sheet'!F80 -> 4.1137844e+09 | G97: =G9/'Output-Calculation-sheet'!G8*'Output-Calculation-sheet'!G80 -> 3.113916e+09 | H97: =H9/'Output-Calculation-sheet'!H8*'Output-Calculation-sheet'!H80 -> 2.7396197e+09 | I97: =I9/'Output-Calculation-sheet'!I8*'Output-Calculation-sheet'!I80 -> 2.2535841e+09 | ... Y97: =Y9/'Output-Calculation-sheet'!Y8*'Output-Calculation-sheet'!Y80 -> 3.4962554e+08 | AA97: =SUM(B97:Y97)/10^9 -> 67.230893
A98: 2033 | B98: =B10/'Output-Calculation-sheet'!B9*'Output-Calculation-sheet'!B81 -> 2.067234e+10 | C98: =C10/'Output-Calculation-sheet'!C9*'Output-Calculation-sheet'!C81 -> 7.0875169e+09 | D98: =D10/'Output-Calculation-sheet'!D9*'Output-Calculation-sheet'!D81 -> 6.7451256e+09 | E98: =E10/'Output-Calculation-sheet'!E9*'Output-Calculation-sheet'!E81 -> 1.2688019e+10 | F98: =F10/'Output-Calculation-sheet'!F9*'Output-Calculation-sheet'!F81 -> 5.2328461e+09 | G98: =G10/'Output-Calculation-sheet'!G9*'Output-Calculation-sheet'!G81 -> 3.8421212e+09 | H98: =H10/'Output-Calculation-sheet'!H9*'Output-Calculation-sheet'!H81 -> 3.4810003e+09 | I98: =I10/'Output-Calculation-sheet'!I9*'Output-Calculation-sheet'!I81 -> 2.8937273e+09 | ... Y98: =Y10/'Output-Calculation-sheet'!Y9*'Output-Calculation-sheet'!Y81 -> 4.3996866e+08 | AA98: =SUM(B98:Y98)/10^9 -> 85.525566
A99: 2034 | B99: =B11/'Output-Calculation-sheet'!B10*'Output-Calculation-sheet'!B82 -> 2.5558111e+10 | C99: =C11/'Output-Calculation-sheet'!C10*'Output-Calculation-sheet'!C82 -> 8.8186149e+09 | D99: =D11/'Output-Calculation-sheet'!D10*'Output-Calculation-sheet'!D82 -> 8.0224192e+09 | E99: =E11/'Output-Calculation-sheet'!E10*'Output-Calculation-sheet'!E82 -> 1.5518685e+10 | F99: =F11/'Output-Calculation-sheet'!F10*'Output-Calculation-sheet'!F82 -> 6.3913512e+09 | G99: =G11/'Output-Calculation-sheet'!G10*'Output-Calculation-sheet'!G82 -> 4.5438029e+09 | H99: =H11/'Output-Calculation-sheet'!H10*'Output-Calculation-sheet'!H82 -> 4.2470154e+09 | I99: =I11/'Output-Calculation-sheet'!I10*'Output-Calculation-sheet'!I82 -> 3.5671848e+09 | ... Y99: =Y11/'Output-Calculation-sheet'!Y10*'Output-Calculation-sheet'!Y82 -> 5.3085304e+08 | AA99: =SUM(B99:Y99)/10^9 -> 104.44662
A100: 2035 | B100: =B12/'Output-Calculation-sheet'!B11*'Output-Calculation-sheet'!B83 -> 3.0647287e+10 | C100: =C12/'Output-Calculation-sheet'!C11*'Output-Calculation-sheet'!C83 -> 1.0640252e+10 | D100: =D12/'Output-Calculation-sheet'!D11*'Output-Calculation-sheet'!D83 -> 9.2609349e+09 | E100: =E12/'Output-Calculation-sheet'!E11*'Output-Calculation-sheet'!E83 -> 1.8417625e+10 | F100: =F12/'Output-Calculation-sheet'!F11*'Output-Calculation-sheet'!F83 -> 7.5762731e+09 | G100: =G12/'Output-Calculation-sheet'!G11*'Output-Calculation-sheet'!G83 -> 5.2063905e+09 | H100: =H12/'Output-Calculation-sheet'!H11*'Output-Calculation-sheet'!H83 -> 5.0289882e+09 | I100: =I12/'Output-Calculation-sheet'!I11*'Output-Calculation-sheet'!I83 -> 4.2669839e+09 | ... Y100: =Y12/'Output-Calculation-sheet'!Y11*'Output-Calculation-sheet'!Y83 -> 6.2078394e+08 | AA100: =SUM(B100:Y100)/10^9 -> 123.77296
A102: Nuclear Capacity (MW) | AA102: Total Nuclear Capacity (GW)
A104: 2028 | B104: =B5/'Output-Calculation-sheet'!B4*'Output-Calculation-sheet'!B85 -> #DIV/0! | C104: =C5/'Output-Calculation-sheet'!C4*'Output-Calculation-sheet'!C85 -> #DIV/0! | D104: =D5/'Output-Calculation-sheet'!D4*'Output-Calculation-sheet'!D85 -> #DIV/0! | E104: =E5/'Output-Calculation-sheet'!E4*'Output-Calculation-sheet'!E85 -> #DIV/0! | F104: =F5/'Output-Calculation-sheet'!F4*'Output-Calculation-sheet'!F85 -> #DIV/0! | G104: =G5/'Output-Calculation-sheet'!G4*'Output-Calculation-sheet'!G85 -> #DIV/0! | H104: =H5/'Output-Calculation-sheet'!H4*'Output-Calculation-sheet'!H85 -> #DIV/0! | I104: =I5/'Output-Calculation-sheet'!I4*'Output-Calculation-sheet'!I85 -> #DIV/0! | ... Y104: =Y5/'Output-Calculation-sheet'!Y4*'Output-Calculation-sheet'!Y85 -> #DIV/0! | AA104: =SUM(B104:Y104)/1000 -> #DIV/0!
A105: 2029 | B105: =B6/'Output-Calculation-sheet'!B5*'Output-Calculation-sheet'!B86 -> #DIV/0! | C105: =C6/'Output-Calculation-sheet'!C5*'Output-Calculation-sheet'!C86 -> #DIV/0! | D105: =D6/'Output-Calculation-sheet'!D5*'Output-Calculation-sheet'!D86 -> #DIV/0! | E105: =E6/'Output-Calculation-sheet'!E5*'Output-Calculation-sheet'!E86 -> #DIV/0! | F105: =F6/'Output-Calculation-sheet'!F5*'Output-Calculation-sheet'!F86 -> #DIV/0! | G105: =G6/'Output-Calculation-sheet'!G5*'Output-Calculation-sheet'!G86 -> #DIV/0! | H105: =H6/'Output-Calculation-sheet'!H5*'Output-Calculation-sheet'!H86 -> #DIV/0! | I105: =I6/'Output-Calculation-sheet'!I5*'Output-Calculation-sheet'!I86 -> #DIV/0! | ... Y105: =Y6/'Output-Calculation-sheet'!Y5*'Output-Calculation-sheet'!Y86 -> #DIV/0! | AA105: =SUM(B105:Y105)/1000 -> #DIV/0!
A106: 2030 | B106: =B7/'Output-Calculation-sheet'!B6*'Output-Calculation-sheet'!B87 -> #DIV/0! | C106: =C7/'Output-Calculation-sheet'!C6*'Output-Calculation-sheet'!C87 -> #DIV/0! | D106: =D7/'Output-Calculation-sheet'!D6*'Output-Calculation-sheet'!D87 -> #DIV/0! | E106: =E7/'Output-Calculation-sheet'!E6*'Output-Calculation-sheet'!E87 -> #DIV/0! | F106: =F7/'Output-Calculation-sheet'!F6*'Output-Calculation-sheet'!F87 -> #DIV/0! | G106: =G7/'Output-Calculation-sheet'!G6*'Output-Calculation-sheet'!G87 -> #DIV/0! | H106: =H7/'Output-Calculation-sheet'!H6*'Output-Calculation-sheet'!H87 -> #DIV/0! | I106: =I7/'Output-Calculation-sheet'!I6*'Output-Calculation-sheet'!I87 -> #DIV/0! | ... Y106: =Y7/'Output-Calculation-sheet'!Y6*'Output-Calculation-sheet'!Y87 -> #DIV/0! | AA106: =SUM(B106:Y106)/1000 -> #DIV/0!
A107: 2031 | B107: =B8/'Output-Calculation-sheet'!B7*'Output-Calculation-sheet'!B88 -> 0 | C107: =C8/'Output-Calculation-sheet'!C7*'Output-Calculation-sheet'!C88 -> 1707.3139 | D107: =D8/'Output-Calculation-sheet'!D7*'Output-Calculation-sheet'!D88 -> 0 | E107: =E8/'Output-Calculation-sheet'!E7*'Output-Calculation-sheet'!E88 -> 0 | F107: =F8/'Output-Calculation-sheet'!F7*'Output-Calculation-sheet'!F88 -> 0 | G107: =G8/'Output-Calculation-sheet'!G7*'Output-Calculation-sheet'!G88 -> 0 | H107: =H8/'Output-Calculation-sheet'!H7*'Output-Calculation-sheet'!H88 -> 525.56418 | I107: =I8/'Output-Calculation-sheet'!I7*'Output-Calculation-sheet'!I88 -> 0 | ... Y107: =Y8/'Output-Calculation-sheet'!Y7*'Output-Calculation-sheet'!Y88 -> 0 | AA107: =SUM(B107:Y107)/1000 -> 3.1743835
A108: 2032 | B108: =B9/'Output-Calculation-sheet'!B8*'Output-Calculation-sheet'!B89 -> 789.59963 | C108: =C9/'Output-Calculation-sheet'!C8*'Output-Calculation-sheet'!C89 -> 2998.0981 | D108: =D9/'Output-Calculation-sheet'!D8*'Output-Calculation-sheet'!D89 -> 0 | E108: =E9/'Output-Calculation-sheet'!E8*'Output-Calculation-sheet'!E89 -> 0 | F108: =F9/'Output-Calculation-sheet'!F8*'Output-Calculation-sheet'!F89 -> 0 | G108: =G9/'Output-Calculation-sheet'!G8*'Output-Calculation-sheet'!G89 -> 0 | H108: =H9/'Output-Calculation-sheet'!H8*'Output-Calculation-sheet'!H89 -> 807.54413 | I108: =I9/'Output-Calculation-sheet'!I8*'Output-Calculation-sheet'!I89 -> 0 | ... Y108: =Y9/'Output-Calculation-sheet'!Y8*'Output-Calculation-sheet'!Y89 -> 0 | AA108: =SUM(B108:Y108)/1000 -> 6.3633032
A109: 2033 | B109: =B10/'Output-Calculation-sheet'!B9*'Output-Calculation-sheet'!B90 -> 4240.8686 | C109: =C10/'Output-Calculation-sheet'!C9*'Output-Calculation-sheet'!C90 -> 4025.6288 | D109: =D10/'Output-Calculation-sheet'!D9*'Output-Calculation-sheet'!D90 -> 0 | E109: =E10/'Output-Calculation-sheet'!E9*'Output-Calculation-sheet'!E90 -> 0 | F109: =F10/'Output-Calculation-sheet'!F9*'Output-Calculation-sheet'!F90 -> 0 | G109: =G10/'Output-Calculation-sheet'!G9*'Output-Calculation-sheet'!G90 -> 0 | H109: =H10/'Output-Calculation-sheet'!H9*'Output-Calculation-sheet'!H90 -> 1239.2134 | I109: =I10/'Output-Calculation-sheet'!I9*'Output-Calculation-sheet'!I90 -> 0 | ... Y109: =Y10/'Output-Calculation-sheet'!Y9*'Output-Calculation-sheet'!Y90 -> 0 | AA109: =SUM(B109:Y109)/1000 -> 12.387613
A110: 2034 | B110: =B11/'Output-Calculation-sheet'!B10*'Output-Calculation-sheet'!B91 -> 8092.2078 | C110: =C11/'Output-Calculation-sheet'!C10*'Output-Calculation-sheet'!C91 -> 5547.7487 | D110: =D11/'Output-Calculation-sheet'!D10*'Output-Calculation-sheet'!D91 -> 0 | E110: =E11/'Output-Calculation-sheet'!E10*'Output-Calculation-sheet'!E91 -> 0 | F110: =F11/'Output-Calculation-sheet'!F10*'Output-Calculation-sheet'!F91 -> 0 | G110: =G11/'Output-Calculation-sheet'!G10*'Output-Calculation-sheet'!G91 -> 0 | H110: =H11/'Output-Calculation-sheet'!H10*'Output-Calculation-sheet'!H91 -> 1576.4023 | I110: =I11/'Output-Calculation-sheet'!I10*'Output-Calculation-sheet'!I91 -> 0 | ... Y110: =Y11/'Output-Calculation-sheet'!Y10*'Output-Calculation-sheet'!Y91 -> 19.138877 | AA110: =SUM(B110:Y110)/1000 -> 19.845541
A111: 2035 | B111: =B12/'Output-Calculation-sheet'!B11*'Output-Calculation-sheet'!B92 -> 14154.557 | C111: =C12/'Output-Calculation-sheet'!C11*'Output-Calculation-sheet'!C92 -> 6718.0801 | D111: =D12/'Output-Calculation-sheet'!D11*'Output-Calculation-sheet'!D92 -> 0 | E111: =E12/'Output-Calculation-sheet'!E11*'Output-Calculation-sheet'!E92 -> 2522.4054 | F111: =F12/'Output-Calculation-sheet'!F11*'Output-Calculation-sheet'!F92 -> 0 | G111: =G12/'Output-Calculation-sheet'!G11*'Output-Calculation-sheet'!G92 -> 0 | H111: =H12/'Output-Calculation-sheet'!H11*'Output-Calculation-sheet'!H92 -> 2068.0334 | I111: =I12/'Output-Calculation-sheet'!I11*'Output-Calculation-sheet'!I92 -> 0 | ... Y111: =Y12/'Output-Calculation-sheet'!Y11*'Output-Calculation-sheet'!Y92 -> 100.43081 | AA111: =SUM(B111:Y111)/1000 -> 32.416926
A113: Solar Power Supplied (kWh) | AA113: Total Solar Power Supplied (GWh)
A115: 2028 | B115: =B5/'Output-Calculation-sheet'!B4*'Output-Calculation-sheet'!B94 -> #DIV/0! | C115: =C5/'Output-Calculation-sheet'!C4*'Output-Calculation-sheet'!C94 -> #DIV/0! | D115: =D5/'Output-Calculation-sheet'!D4*'Output-Calculation-sheet'!D94 -> #DIV/0! | E115: =E5/'Output-Calculation-sheet'!E4*'Output-Calculation-sheet'!E94 -> #DIV/0! | F115: =F5/'Output-Calculation-sheet'!F4*'Output-Calculation-sheet'!F94 -> #DIV/0! | G115: =G5/'Output-Calculation-sheet'!G4*'Output-Calculation-sheet'!G94 -> #DIV/0! | H115: =H5/'Output-Calculation-sheet'!H4*'Output-Calculation-sheet'!H94 -> #DIV/0! | I115: =I5/'Output-Calculation-sheet'!I4*'Output-Calculation-sheet'!I94 -> #DIV/0! | ... Y115: =Y5/'Output-Calculation-sheet'!Y4*'Output-Calculation-sheet'!Y94 -> #DIV/0! | AA115: =SUM(B115:Y115)/10^6 -> #DIV/0!
A116: 2029 | B116: =B6/'Output-Calculation-sheet'!B5*'Output-Calculation-sheet'!B95 -> #DIV/0! | C116: =C6/'Output-Calculation-sheet'!C5*'Output-Calculation-sheet'!C95 -> #DIV/0! | D116: =D6/'Output-Calculation-sheet'!D5*'Output-Calculation-sheet'!D95 -> #DIV/0! | E116: =E6/'Output-Calculation-sheet'!E5*'Output-Calculation-sheet'!E95 -> #DIV/0! | F116: =F6/'Output-Calculation-sheet'!F5*'Output-Calculation-sheet'!F95 -> #DIV/0! | G116: =G6/'Output-Calculation-sheet'!G5*'Output-Calculation-sheet'!G95 -> #DIV/0! | H116: =H6/'Output-Calculation-sheet'!H5*'Output-Calculation-sheet'!H95 -> #DIV/0! | I116: =I6/'Output-Calculation-sheet'!I5*'Output-Calculation-sheet'!I95 -> #DIV/0! | ... Y116: =Y6/'Output-Calculation-sheet'!Y5*'Output-Calculation-sheet'!Y95 -> #DIV/0! | AA116: =SUM(B116:Y116)/10^6 -> #DIV/0!
A117: 2030 | B117: =B7/'Output-Calculation-sheet'!B6*'Output-Calculation-sheet'!B96 -> #DIV/0! | C117: =C7/'Output-Calculation-sheet'!C6*'Output-Calculation-sheet'!C96 -> #DIV/0! | D117: =D7/'Output-Calculation-sheet'!D6*'Output-Calculation-sheet'!D96 -> #DIV/0! | E117: =E7/'Output-Calculation-sheet'!E6*'Output-Calculation-sheet'!E96 -> #DIV/0! | F117: =F7/'Output-Calculation-sheet'!F6*'Output-Calculation-sheet'!F96 -> #DIV/0! | G117: =G7/'Output-Calculation-sheet'!G6*'Output-Calculation-sheet'!G96 -> #DIV/0! | H117: =H7/'Output-Calculation-sheet'!H6*'Output-Calculation-sheet'!H96 -> #DIV/0! | I117: =I7/'Output-Calculation-sheet'!I6*'Output-Calculation-sheet'!I96 -> #DIV/0! | ... Y117: =Y7/'Output-Calculation-sheet'!Y6*'Output-Calculation-sheet'!Y96 -> #DIV/0! | AA117: =SUM(B117:Y117)/10^6 -> #DIV/0!
A118: 2031 | B118: =B8/'Output-Calculation-sheet'!B7*'Output-Calculation-sheet'!B97 -> 1.3691397e+09 | C118: =C8/'Output-Calculation-sheet'!C7*'Output-Calculation-sheet'!C97 -> 8.0260517e+09 | D118: =D8/'Output-Calculation-sheet'!D7*'Output-Calculation-sheet'!D97 -> 0 | E118: =E8/'Output-Calculation-sheet'!E7*'Output-Calculation-sheet'!E97 -> 0 | F118: =F8/'Output-Calculation-sheet'!F7*'Output-Calculation-sheet'!F97 -> 0 | G118: =G8/'Output-Calculation-sheet'!G7*'Output-Calculation-sheet'!G97 -> 0 | H118: =H8/'Output-Calculation-sheet'!H7*'Output-Calculation-sheet'!H97 -> 2.4694513e+09 | I118: =I8/'Output-Calculation-sheet'!I7*'Output-Calculation-sheet'!I97 -> 0 | ... Y118: =Y8/'Output-Calculation-sheet'!Y7*'Output-Calculation-sheet'!Y97 -> 0 | AA118: =SUM(B118:Y118)/10^6 -> 16493.29
A119: 2032 | B119: =B9/'Output-Calculation-sheet'!B8*'Output-Calculation-sheet'!B98 -> 5.9236174e+09 | C119: =C9/'Output-Calculation-sheet'!C8*'Output-Calculation-sheet'!C98 -> 4.7082108e+09 | D119: =D9/'Output-Calculation-sheet'!D8*'Output-Calculation-sheet'!D98 -> 0 | E119: =E9/'Output-Calculation-sheet'!E8*'Output-Calculation-sheet'!E98 -> 0 | F119: =F9/'Output-Calculation-sheet'!F8*'Output-Calculation-sheet'!F98 -> 0 | G119: =G9/'Output-Calculation-sheet'!G8*'Output-Calculation-sheet'!G98 -> 0 | H119: =H9/'Output-Calculation-sheet'!H8*'Output-Calculation-sheet'!H98 -> 2.8145789e+09 | I119: =I9/'Output-Calculation-sheet'!I8*'Output-Calculation-sheet'!I98 -> 0 | ... Y119: =Y9/'Output-Calculation-sheet'!Y8*'Output-Calculation-sheet'!Y98 -> 0 | AA119: =SUM(B119:Y119)/10^6 -> 18418.496
