Workbook

Sheet Low
A1: Country | B1: Virginia | C1: Oregon | D1: Iowa | E1: Ohio | F1: Texas | G1: Nebraska | H1: Georgia | I1: Oklahoma | J1: Illinois | K1: New Mexico | L1: New York | M1: Alabama | N1: Tennessee | O1: Washington | P1: Utah | Q1: South Carolina | R1: Arizona | S1: North Carolina | T1: Colorado | U1: Nevada | V1: California | W1: Wyoming | X1: Pennsylvania | Y1: Missouri
A3: Year
A5: 2028 | B5: 4.7482374e+10 | C5: 2.2376084e+10 | D5: 1.994314e+10 | E5: 1.5822858e+10 | F5: 1.0185741e+10 | G5: 7.1567814e+09 | H5: 6.9811656e+09 | I5: 6.5203912e+09 | J5: 6.3464985e+09 | K5: 6.2856572e+09 | L5: 5.0424359e+09 | M5: 4.8163957e+09 | N5: 4.7272784e+09 | O5: 4.3476926e+09 | P5: 4.3034582e+09 | Q5: 4.2339074e+09 | R5: 4.0732136e+09 | S5: 2.7072664e+09 | T5: 1.4972783e+09 | U5: 1.3040782e+09 | V5: 1.0041663e+09 | W5: 8.693855e+08 | X5: 5.216313e+08 | Y5: 5.0728122e+08
A6: 2029 | B6: 5.9675573e+10 | C6: 2.8122133e+10 | D6: 2.5064423e+10 | E6: 1.9886076e+10 | F6: 1.2801381e+10 | G6: 8.9946015e+09 | H6: 8.7738885e+09 | I6: 8.19479e+09 | J6: 7.9762426e+09 | K6: 7.8997776e+09 | L6: 6.3373043e+09 | M6: 6.0532182e+09 | N6: 5.9412162e+09 | O6: 5.4641549e+09 | P6: 5.4085614e+09 | Q6: 5.3211503e+09 | R6: 5.1191913e+09 | S6: 3.4024768e+09 | T6: 1.8817707e+09 | U6: 1.638958e+09 | V6: 1.2620304e+09 | W6: 1.0926387e+09 | X6: 6.555832e+08 | Y6: 6.3754811e+08
A7: 2030 | B7: 6.9197026e+10 | C7: 3.2609121e+10 | D7: 2.9063542e+10 | E7: 2.3058971e+10 | F7: 1.4843887e+10 | G7: 1.0429723e+10 | H7: 1.0173794e+10 | I7: 9.5022983e+09 | J7: 9.2488808e+09 | K7: 9.1602155e+09 | L7: 7.348444e+09 | M7: 7.019031e+09 | N7: 6.8891586e+09 | O7: 6.3359805e+09 | P7: 6.2715169e+09 | Q7: 6.170159e+09 | R7: 5.9359768e+09 | S7: 3.9453542e+09 | T7: 2.182014e+09 | U7: 1.9004597e+09 | V7: 1.4633919e+09 | W7: 1.2669731e+09 | X7: 7.6018386e+08 | Y7: 7.392712e+08
A8: 2031 | B8: 7.4354274e+10 | C8: 3.5039475e+10 | D8: 3.1229645e+10 | E8: 2.4777554e+10 | F8: 1.5950201e+10 | G8: 1.1207049e+10 | H8: 1.0932046e+10 | I8: 1.0210504e+10 | J8: 9.9381991e+09 | K8: 9.8429256e+09 | L8: 7.8961229e+09 | M8: 7.5421587e+09 | N8: 7.402607e+09 | O8: 6.8082005e+09 | P8: 6.7389325e+09 | Q8: 6.6300204e+09 | R8: 6.3783846e+09 | S8: 4.2394011e+09 | T8: 2.3446393e+09 | U8: 2.0421007e+09 | V8: 1.5724584e+09 | W8: 1.3614005e+09 | X8: 8.168403e+08 | Y8: 7.9436902e+08
A9: 2032 | B9: 7.4577219e+10 | C9: 3.5144539e+10 | D9: 3.1323285e+10 | E9: 2.4851848e+10 | F9: 1.5998026e+10 | G9: 1.1240652e+10 | H9: 1.0964825e+10 | I9: 1.0241119e+10 | J9: 9.967998e+09 | K9: 9.8724388e+09 | L9: 7.9197988e+09 | M9: 7.5647733e+09 | N9: 7.4248031e+09 | O9: 6.8286144e+09 | P9: 6.7591386e+09 | Q9: 6.6499e+09 | R9: 6.3975097e+09 | S9: 4.2521126e+09 | T9: 2.3516695e+09 | U9: 2.0482238e+09 | V9: 1.5771733e+09 | W9: 1.3654825e+09 | X9: 8.1928953e+08 | Y9: 7.9675087e+08
A10: 2033 | B10: 7.4420939e+10 | C10: 3.5070891e+10 | D10: 3.1257645e+10 | E10: 2.479977e+10 | F10: 1.5964502e+10 | G10: 1.1217097e+10 | H10: 1.0941848e+10 | I10: 1.0219658e+10 | J10: 9.9471096e+09 | K10: 9.8517506e+09 | L10: 7.9032025e+09 | M10: 7.548921e+09 | N10: 7.4092441e+09 | O10: 6.8143047e+09 | P10: 6.7449745e+09 | Q10: 6.6359648e+09 | R10: 6.3841034e+09 | S10: 4.2432021e+09 | T10: 2.3467415e+09 | U10: 2.0439317e+09 | V10: 1.5738683e+09 | W10: 1.3626211e+09 | X10: 8.1757267e+08 | Y10: 7.9508124e+08
A11: 2034 | B11: 7.4360559e+10 | C11: 3.5042437e+10 | D11: 3.1232285e+10 | E11: 2.4779649e+10 | F11: 1.5951549e+10 | G11: 1.1207996e+10 | H11: 1.093297e+10 | I11: 1.0211367e+10 | J11: 9.9390391e+09 | K11: 9.8437575e+09 | L11: 7.8967903e+09 | M11: 7.5427962e+09 | N11: 7.4032327e+09 | O11: 6.808776e+09 | P11: 6.739502e+09 | Q11: 6.6305808e+09 | R11: 6.3789237e+09 | S11: 4.2397595e+09 | T11: 2.3448375e+09 | U11: 2.0422733e+09 | V11: 1.5725913e+09 | W11: 1.3615156e+09 | X11: 8.1690934e+08 | Y11: 7.9443616e+08
A12: 2035 | B12: 7.4350087e+10 | C12: 3.5037502e+10 | D12: 3.1227886e+10 | E12: 2.4776159e+10 | F12: 1.5949303e+10 | G12: 1.1206418e+10 | H12: 1.093143e+10 | I12: 1.0209929e+10 | J12: 9.9376394e+09 | K12: 9.8423713e+09 | L12: 7.8956782e+09 | M12: 7.541734e+09 | N12: 7.4021901e+09 | O12: 6.8078171e+09 | P12: 6.7385529e+09 | Q12: 6.629647e+09 | R12: 6.3780254e+09 | S12: 4.2391624e+09 | T12: 2.3445073e+09 | U12: 2.0419857e+09 | V12: 1.5723699e+09 | W12: 1.3613238e+09 | X12: 8.167943e+08 | Y12: 7.9432429e+08
A14: Solar Capacity (MW) | AA14: Total Solar Capacity (GW)
A16: 2028 | B16: =B5/'Output-Calculation-sheet'!B4*'Output-Calculation-sheet'!B22 -> 1441.1006 | C16: =C5/'Output-Calculation-sheet'!C4*'Output-Calculation-sheet'!C22 -> 2963.5988 | D16: =D5/'Output-Calculation-sheet'!D4*'Output-Calculation-sheet'!D22 -> 0 | E16: =E5/'Output-Calculation-sheet'!E4*'Output-Calculation-sheet'!E22 -> 0 | F16: =F5/'Output-Calculation-sheet'!F4*'Output-Calculation-sheet'!F22 -> 0 | G16: =G5/'Output-Calculation-sheet'!G4*'Output-Calculation-sheet'!G22 -> 0 | H16: =H5/'Output-Calculation-sheet'!H4*'Output-Calculation-sheet'!H22 -> 1126.3186 | I16: =I5/'Output-Calculation-sheet'!I4*'Output-Calculation-sheet'!I22 -> 0 | ... Y16: =Y5/'Output-Calculation-sheet'!Y4*'Output-Calculation-sheet'!Y22 -> 0 | AA16: =SUM(B16:Y16)/1000 -> 6.8475448
A17: 2029 | B17: =B6/'Output-Calculation-sheet'!B5*'Output-Calculation-sheet'!B23 -> 2278.9294 | C17: =C6/'Output-Calculation-sheet'!C5*'Output-Calculation-sheet'!C23 -> 3848.1082 | D17: =D6/'Output-Calculation-sheet'!D5*'Output-Calculation-sheet'!D23 -> 0 | E17: =E6/'Output-Calculation-sheet'!E5*'Output-Calculation-sheet'!E23 -> 0 | F17: =F6/'Output-Calculation-sheet'!F5*'Output-Calculation-sheet'!F23 -> 0 | G17: =G6/'Output-Calculation-sheet'!G5*'Output-Calculation-sheet'!G23 -> 0 | H17: =H6/'Output-Calculation-sheet'!H5*'Output-Calculation-sheet'!H23 -> 1450.0365 | I17: =I6/'Output-Calculation-sheet'!I5*'Output-Calculation-sheet'!I23 -> 0 | ... Y17: =Y6/'Output-Calculation-sheet'!Y5*'Output-Calculation-sheet'!Y23 -> 0 | AA17: =SUM(B17:Y17)/1000 -> 9.3789041
A18: 2030 | B18: =B7/'Output-Calculation-sheet'!B6*'Output-Calculation-sheet'!B24 -> 3066.3254 | C18: =C7/'Output-Calculation-sheet'!C6*'Output-Calculation-sheet'!C24 -> 4624.6264 | D18: =D7/'Output-Calculation-sheet'!D6*'Output-Calculation-sheet'!D24 -> 0 | E18: =E7/'Output-Calculation-sheet'!E6*'Output-Calculation-sheet'!E24 -> 0 | F18: =F7/'Output-Calculation-sheet'!F6*'Output-Calculation-sheet'!F24 -> 0 | G18: =G7/'Output-Calculation-sheet'!G6*'Output-Calculation-sheet'!G24 -> 0 | H18: =H7/'Output-Calculation-sheet'!H6*'Output-Calculation-sheet'!H24 -> 1721.2252 | I18: =I7/'Output-Calculation-sheet'!I6*'Output-Calculation-sheet'!I24 -> 0 | ... Y18: =Y7/'Output-Calculation-sheet'!Y6*'Output-Calculation-sheet'!Y24 -> 0 | AA18: =SUM(B18:Y18)/1000 -> 12.320511
A19: 2031 | B19: =B8/'Output-Calculation-sheet'!B7*'Output-Calculation-sheet'!B25 -> 3895.2431 | C19: =C8/'Output-Calculation-sheet'!C7*'Output-Calculation-sheet'!C25 -> 5193.7643 | D19: =D8/'Output-Calculation-sheet'!D7*'Output-Calculation-sheet'!D25 -> 0 | E19: =E8/'Output-Calculation-sheet'!E7*'Output-Calculation-sheet'!E25 -> 0 | F19: =F8/'Output-Calculation-sheet'!F7*'Output-Calculation-sheet'!F25 -> 0 | G19: =G8/'Output-Calculation-sheet'!G7*'Output-Calculation-sheet'!G25 -> 0 | H19: =H8/'Output-Calculation-sheet'!H7*'Output-Calculation-sheet'!H25 -> 1892.434 | I19: =I8/'Output-Calculation-sheet'!I7*'Output-Calculation-sheet'!I25 -> 0 | ... Y19: =Y8/'Output-Calculation-sheet'!Y7*'Output-Calculation-sheet'!Y25 -> 0 | AA19: =SUM(B19:Y19)/1000 -> 14.349904
A20: 2032 | B20: =B9/'Output-Calculation-sheet'!B8*'Output-Calculation-sheet'!B26 -> 4688.9187 | C20: =C9/'Output-Calculation-sheet'!C8*'Output-Calculation-sheet'!C26 -> 5404.3463 | D20: =D9/'Output-Calculation-sheet'!D8*'Output-Calculation-sheet'!D26 -> 0 | E20: =E9/'Output-Calculation-sheet'!E8*'Output-Calculation-sheet'!E26 -> 0 | F20: =F9/'Output-Calculation-sheet'!F8*'Output-Calculation-sheet'!F26 -> 0 | G20: =G9/'Output-Calculation-sheet'!G8*'Output-Calculation-sheet'!G26 -> 0 | H20: =H9/'Output-Calculation-sheet'!H8*'Output-Calculation-sheet'!H26 -> 1945.5876 | I20: =I9/'Output-Calculation-sheet'!I8*'Output-Calculation-sheet'!I26 -> 0 | ... Y20: =Y9/'Output-Calculation-sheet'!Y8*'Output-Calculation-sheet'!Y26 -> 0 | AA20: =SUM(B20:Y20)/1000 -> 15.633127
A21: 2033 | B21: =B10/'Output-Calculation-sheet'!B9*'Output-Calculation-sheet'!B27 -> 5888.4942 | C21: =C10/'Output-Calculation-sheet'!C9*'Output-Calculation-sheet'!C27 -> 5540.7989 | D21: =D10/'Output-Calculation-sheet'!D9*'Output-Calculation-sheet'!D27 -> 0 | E21: =E10/'Output-Calculation-sheet'!E9*'Output-Calculation-sheet'!E27 -> 0 | F21: =F10/'Output-Calculation-sheet'!F9*'Output-Calculation-sheet'!F27 -> 0 | G21: =G10/'Output-Calculation-sheet'!G9*'Output-Calculation-sheet'!G27 -> 0 | H21: =H10/'Output-Calculation-sheet'!H9*'Output-Calculation-sheet'!H27 -> 1982.8193 | I21: =I10/'Output-Calculation-sheet'!I9*'Output-Calculation-sheet'!I27 -> 0 | ... Y21: =Y10/'Output-Calculation-sheet'!Y9*'Output-Calculation-sheet'!Y27 -> 0 | AA21: =SUM(B21:Y21)/1000 -> 17.222668
A22: 2034 | B22: =B11/'Output-Calculation-sheet'!B10*'Output-Calculation-sheet'!B28 -> 7252.9883 | C22: =C11/'Output-Calculation-sheet'!C10*'Output-Calculation-sheet'!C28 -> 5713.1757 | D22: =D11/'Output-Calculation-sheet'!D10*'Output-Calculation-sheet'!D28 -> 0 | E22: =E11/'Output-Calculation-sheet'!E10*'Output-Calculation-sheet'!E28 -> 0 | F22: =F11/'Output-Calculation-sheet'!F10*'Output-Calculation-sheet'!F28 -> 0 | G22: =G11/'Output-Calculation-sheet'!G10*'Output-Calculation-sheet'!G28 -> 0 | H22: =H11/'Output-Calculation-sheet'!H10*'Output-Calculation-sheet'!H28 -> 2027.5338 | I22: =I11/'Output-Calculation-sheet'!I10*'Output-Calculation-sheet'!I28 -> 0 | ... Y22: =Y11/'Output-Calculation-sheet'!Y10*'Output-Calculation-sheet'!Y28 -> 0 | AA22: =SUM(B22:Y22)/1000 -> 19.080508
A23: 2035 | B23: =B12/'Output-Calculation-sheet'!B11*'Output-Calculation-sheet'!B29 -> 9374.9683 | C23: =C12/'Output-Calculation-sheet'!C11*'Output-Calculation-sheet'!C29 -> 5871.3065 | D23: =D12/'Output-Calculation-sheet'!D11*'Output-Calculation-sheet'!D29 -> 0 | E23: =E12/'Output-Calculation-sheet'!E11*'Output-Calculation-sheet'!E29 -> 0 | F23: =F12/'Output-Calculation-sheet'!F11*'Output-Calculation-sheet'!F29 -> 0 | G23: =G12/'Output-Calculation-sheet'!G11*'Output-Calculation-sheet'!G29 -> 0 | H23: =H12/'Output-Calculation-sheet'!H11*'Output-Calculation-sheet'!H29 -> 2079.9484 | I23: =I12/'Output-Calculation-sheet'!I11*'Output-Calculation-sheet'!I29 -> 0 | ... Y23: =Y12/'Output-Calculation-sheet'!Y11*'Output-Calculation-sheet'!Y29 -> 0 | AA23: =SUM(B23:Y23)/1000 -> 21.745375
A25: Wind Capacity (MW) | AA25: Total Wind Capacity (GW)
A27: 2028 | B27: =B5/'Output-Calculation-sheet'!B4*'Output-Calculation-sheet'!B13 -> 12349.656 | C27: =C5/'Output-Calculation-sheet'!C4*'Output-Calculation-sheet'!C13 -> 0 | D27: =D5/'Output-Calculation-sheet'!D4*'Output-Calculation-sheet'!D13 -> 2693.7654 | E27: =E5/'Output-Calculation-sheet'!E4*'Output-Calculation-sheet'!E13 -> 3346.5161 | F27: =F5/'Output-Calculation-sheet'!F4*'Output-Calculation-sheet'!F13 -> 1648.2431 | G27: =G5/'Output-Calculation-sheet'!G4*'Output-Calculation-sheet'!G13 -> 1002.3401 | H27: =H5/'Output-Calculation-sheet'!H4*'Output-Calculation-sheet'!H13 -> 0 | I27: =I5/'Output-Calculation-sheet'!I4*'Output-Calculation-sheet'!I13 -> 940.53983 | ... Y27: =Y5/'Output-Calculation-sheet'!Y4*'Output-Calculation-sheet'!Y13 -> 99.321432 | AA27: =SUM(B27:Y27)/1000 -> 29.735108
A28: 2029 | B28: =B6/'Output-Calculation-sheet'!B5*'Output-Calculation-sheet'!B14 -> 15504.199 | C28: =C6/'Output-Calculation-sheet'!C5*'Output-Calculation-sheet'!C14 -> 0 | D28: =D6/'Output-Calculation-sheet'!D5*'Output-Calculation-sheet'!D14 -> 3415.0941 | E28: =E6/'Output-Calculation-sheet'!E5*'Output-Calculation-sheet'!E14 -> 4273.2273 | F28: =F6/'Output-Calculation-sheet'!F5*'Output-Calculation-sheet'!F14 -> 2091.0399 | G28: =G6/'Output-Calculation-sheet'!G5*'Output-Calculation-sheet'!G14 -> 1271.8241 | H28: =H6/'Output-Calculation-sheet'!H5*'Output-Calculation-sheet'!H14 -> 0 | I28: =I6/'Output-Calculation-sheet'!I5*'Output-Calculation-sheet'!I14 -> 1194.5976 | ... Y28: =Y6/'Output-Calculation-sheet'!Y5*'Output-Calculation-sheet'!Y14 -> 126.16326 | AA28: =SUM(B28:Y28)/1000 -> 37.583012
A29: 2030 | B29: =B7/'Output-Calculation-sheet'!B6*'Output-Calculation-sheet'!B15 -> 18028.069 | C29: =C7/'Output-Calculation-sheet'!C6*'Output-Calculation-sheet'!C15 -> 0 | D29: =D7/'Output-Calculation-sheet'!D6*'Output-Calculation-sheet'!D15 -> 3997.0167 | E29: =E7/'Output-Calculation-sheet'!E6*'Output-Calculation-sheet'!E15 -> 5009.248 | F29: =F7/'Output-Calculation-sheet'!F6*'Output-Calculation-sheet'!F15 -> 2443.4665 | G29: =G7/'Output-Calculation-sheet'!G6*'Output-Calculation-sheet'!G15 -> 1488.1954 | H29: =H7/'Output-Calculation-sheet'!H6*'Output-Calculation-sheet'!H15 -> 0 | I29: =I7/'Output-Calculation-sheet'!I6*'Output-Calculation-sheet'!I15 -> 1399.3841 | ... Y29: =Y7/'Output-Calculation-sheet'!Y6*'Output-Calculation-sheet'!Y15 -> 148.49 | AA29: =SUM(B29:Y29)/1000 -> 43.899754
A30: 2031 | B30: =B8/'Output-Calculation-sheet'!B7*'Output-Calculation-sheet'!B16 -> 19156.281 | C30: =C8/'Output-Calculation-sheet'!C7*'Output-Calculation-sheet'!C16 -> 0 | D30: =D8/'Output-Calculation-sheet'!D7*'Output-Calculation-sheet'!D16 -> 4315.7255 | E30: =E8/'Output-Calculation-sheet'!E7*'Output-Calculation-sheet'!E16 -> 5408.2934 | F30: =F8/'Output-Calculation-sheet'!F7*'Output-Calculation-sheet'!F16 -> 2641.41 | G30: =G8/'Output-Calculation-sheet'!G7*'Output-Calculation-sheet'!G16 -> 1609.641 | H30: =H8/'Output-Calculation-sheet'!H7*'Output-Calculation-sheet'!H16 -> 0 | I30: =I8/'Output-Calculation-sheet'!I7*'Output-Calculation-sheet'!I16 -> 1515.2783 | ... Y30: =Y8/'Output-Calculation-sheet'!Y7*'Output-Calculation-sheet'!Y16 -> 160.49009 | AA30: =SUM(B30:Y30)/1000 -> 47.039402
A31: 2032 | B31: =B9/'Output-Calculation-sheet'!B8*'Output-Calculation-sheet'!B17 -> 18998.82 | C31: =C9/'Output-Calculation-sheet'!C8*'Output-Calculation-sheet'!C17 -> 0 | D31: =D9/'Output-Calculation-sheet'!D8*'Output-Calculation-sheet'!D17 -> 4348.4379 | E31: =E9/'Output-Calculation-sheet'!E8*'Output-Calculation-sheet'!E17 -> 5462.2124 | F31: =F9/'Output-Calculation-sheet'!F8*'Output-Calculation-sheet'!F17 -> 2665.1179 | G31: =G9/'Output-Calculation-sheet'!G8*'Output-Calculation-sheet'!G17 -> 1622.3286 | H31: =H9/'Output-Calculation-sheet'!H8*'Output-Calculation-sheet'!H17 -> 0 | I31: =I9/'Output-Calculation-sheet'!I8*'Output-Calculation-sheet'!I17 -> 1526.4579 | ... Y31: =Y9/'Output-Calculation-sheet'!Y8*'Output-Calculation-sheet'!Y17 -> 161.70736 | AA31: =SUM(B31:Y31)/1000 -> 47.056965
A32: 2033 | B32: =B10/'Output-Calculation-sheet'!B9*'Output-Calculation-sheet'!B18 -> 18654.768 | C32: =C10/'Output-Calculation-sheet'!C9*'Output-Calculation-sheet'!C18 -> 0 | D32: =D10/'Output-Calculation-sheet'!D9*'Output-Calculation-sheet'!D18 -> 4364.3094 | E32: =E10/'Output-Calculation-sheet'!E9*'Output-Calculation-sheet'!E18 -> 5489.0694 | F32: =F10/'Output-Calculation-sheet'!F9*'Output-Calculation-sheet'!F18 -> 2673.4864 | G32: =G10/'Output-Calculation-sheet'!G9*'Output-Calculation-sheet'!G18 -> 1626.5107 | H32: =H10/'Output-Calculation-sheet'!H9*'Output-Calculation-sheet'!H18 -> 0 | I32: =I10/'Output-Calculation-sheet'!I9*'Output-Calculation-sheet'!I18 -> 1532.6998 | ... Y32: =Y10/'Output-Calculation-sheet'!Y9*'Output-Calculation-sheet'!Y18 -> 162.39834 | AA32: =SUM(B32:Y32)/1000 -> 46.768427
A33: 2034 | B33: =B11/'Output-Calculation-sheet'!B10*'Output-Calculation-sheet'!B19 -> 18187.419 | C33: =C11/'Output-Calculation-sheet'!C10*'Output-Calculation-sheet'!C19 -> 0 | D33: =D11/'Output-Calculation-sheet'!D10*'Output-Calculation-sheet'!D19 -> 4380.0558 | E33: =E11/'Output-Calculation-sheet'!E10*'Output-Calculation-sheet'!E19 -> 5513.2837 | F33: =F11/'Output-Calculation-sheet'!F10*'Output-Calculation-sheet'!F19 -> 2683.795 | G33: =G11/'Output-Calculation-sheet'!G10*'Output-Calculation-sheet'!G19 -> 1629.1759 | H33: =H11/'Output-Calculation-sheet'!H10*'Output-Calculation-sheet'!H19 -> 0 | I33: =I11/'Output-Calculation-sheet'!I10*'Output-Calculation-sheet'!I19 -> 1539.6486 | ... Y33: =Y11/'Output-Calculation-sheet'!Y10*'Output-Calculation-sheet'!Y19 -> 163.40067 | AA33: =SUM(B33:Y33)/1000 -> 46.378208
A34: 2035 | B34: =B12/'Output-Calculation-sheet'!B11*'Output-Calculation-sheet'!B20 -> 17489.577 | C34: =C12/'Output-Calculation-sheet'!C11*'Output-Calculation-sheet'!C20 -> 0 | D34: =D12/'Output-Calculation-sheet'!D11*'Output-Calculation-sheet'!D20 -> 4405.9859 | E34: =E12/'Output-Calculation-sheet'!E11*'Output-Calculation-sheet'!E20 -> 5546.021 | F34: =F12/'Output-Calculation-sheet'!F11*'Output-Calculation-sheet'!F20 -> 2695.2218 | G34: =G12/'Output-Calculation-sheet'!G11*'Output-Calculation-sheet'!G20 -> 1641.6656 | H34: =H12/'Output-Calculation-sheet'!H11*'Output-Calculation-sheet'!H20 -> 0 | I34: =I12/'Output-Calculation-sheet'!I11*'Output-Calculation-sheet'!I20 -> 1548.4106 | ... Y34: =Y12/'Output-Calculation-sheet'!Y11*'Output-Calculation-sheet'!Y20 -> 164.20106 | AA34: =SUM(B34:Y34)/1000 -> 45.776951
A36: DAC Capacity (ktCO2/yr) | AA36: Total DAC Capacity (ktCO2/yr)
A38: 2028 | B38: =B5/'Output-Calculation-sheet'!B4*'Output-Calculation-sheet'!B31*0.0114 -> 0 | C38: =C5/'Output-Calculation-sheet'!C4*'Output-Calculation-sheet'!C31*0.0114 -> 0 | D38: =D5/'Output-Calculation-sheet'!D4*'Output-Calculation-sheet'!D31*0.0114 -> 0 | E38: =E5/'Output-Calculation-sheet'!E4*'Output-Calculation-sheet'!E31*0.0114 -> 0 | F38: =F5/'Output-Calculation-sheet'!F4*'Output-Calculation-sheet'!F31*0.0114 -> 0 | G38: =G5/'Output-Calculation-sheet'!G4*'Output-Calculation-sheet'!G31*0.0114 -> 0 | H38: =H5/'Output-Calculation-sheet'!H4*'Output-Calculation-sheet'!H31*0.0114 -> 0 | I38: =I5/'Output-Calculation-sheet'!I4*'Output-Calculation-sheet'!I31*0.0114 -> 0 | ... Y38: =Y5/'Output-Calculation-sheet'!Y4*'Output-Calculation-sheet'!Y31*0.0114 -> 0 | AA38: =SUM(B38:Y38) -> 0
A39: 2029 | B39: =B6/'Output-Calculation-sheet'!B5*'Output-Calculation-sheet'!B32*0.0114 -> 0 | C39: =C6/'Output-Calculation-sheet'!C5*'Output-Calculation-sheet'!C32*0.0114 -> 0 | D39: =D6/'Output-Calculation-sheet'!D5*'Output-Calculation-sheet'!D32*0.0114 -> 0 | E39: =E6/'Output-Calculation-sheet'!E5*'Output-Calculation-sheet'!E32*0.0114 -> 0 | F39: =F6/'Output-Calculation-sheet'!F5*'Output-Calculation-sheet'!F32*0.0114 -> 0 | G39: =G6/'Output-Calculation-sheet'!G5*'Output-Calculation-sheet'!G32*0.0114 -> 0 | H39: =H6/'Output-Calculation-sheet'!H5*'Output-Calculation-sheet'!H32*0.0114 -> 0 | I39: =I6/'Output-Calculation-sheet'!I5*'Output-Calculation-sheet'!I32*0.0114 -> 0 | ... Y39: =Y6/'Output-Calculation-sheet'!Y5*'Output-Calculation-sheet'!Y32*0.0114 -> 0 | AA39: =SUM(B39:Y39) -> 0
A40: 2030 | B40: =B7/'Output-Calculation-sheet'!B6*'Output-Calculation-sheet'!B33*0.0114 -> 0 | C40: =C7/'Output-Calculation-sheet'!C6*'Output-Calculation-sheet'!C33*0.0114 -> 0 | D40: =D7/'Output-Calculation-sheet'!D6*'Output-Calculation-sheet'!D33*0.0114 -> 0 | E40: =E7/'Output-Calculation-sheet'!E6*'Output-Calculation-sheet'!E33*0.0114 -> 0 | F40: =F7/'Output-Calculation-sheet'!F6*'Output-Calculation-sheet'!F33*0.0114 -> 0 | G40: =G7/'Output-Calculation-sheet'!G6*'Output-Calculation-sheet'!G33*0.0114 -> 0 | H40: =H7/'Output-Calculation-sheet'!H6*'Output-Calculation-sheet'!H33*0.0114 -> 0 | I40: =I7/'Output-Calculation-sheet'!I6*'Output-Calculation-sheet'!I33*0.0114 -> 0 | ... Y40: =Y7/'Output-Calculation-sheet'!Y6*'Output-Calculation-sheet'!Y33*0.0114 -> 0 | AA40: =SUM(B40:Y40) -> 0
A41: 2031 | B41: =B8/'Output-Calculation-sheet'!B7*'Output-Calculation-sheet'!B34*0.0114 -> 0 | C41: =C8/'Output-Calculation-sheet'!C7*'Output-Calculation-sheet'!C34*0.0114 -> 0 | D41: =D8/'Output-Calculation-sheet'!D7*'Output-Calculation-sheet'!D34*0.0114 -> 0 | E41: =E8/'Output-Calculation-sheet'!E7*'Output-Calculation-sheet'!E34*0.0114 -> 0 | F41: =F8/'Output-Calculation-sheet'!F7*'Output-Calculation-sheet'!F34*0.0114 -> 0 | G41: =G8/'Output-Calculation-sheet'!G7*'Output-Calculation-sheet'!G34*0.0114 -> 0 | H41: =H8/'Output-Calculation-sheet'!H7*'Output-Calculation-sheet'!H34*0.0114 -> 0 | I41: =I8/'Output-Calculation-sheet'!I7*'Output-Calculation-sheet'!I34*0.0114 -> 0 | ... Y41: =Y8/'Output-Calculation-sheet'!Y7*'Output-Calculation-sheet'!Y34*0.0114 -> 0 | AA41: =SUM(B41:Y41) -> 0
A42: 2032 | B42: =B9/'Output-Calculation-sheet'!B8*'Output-Calculation-sheet'!B35*0.0114 -> 0 | C42: =C9/'Output-Calculation-sheet'!C8*'Output-Calculation-sheet'!C35*0.0114 -> 0 | D42: =D9/'Output-Calculation-sheet'!D8*'Output-Calculation-sheet'!D35*0.0114 -> 0 | E42: =E9/'Output-Calculation-sheet'!E8*'Output-Calculation-sheet'!E35*0.0114 -> 0 | F42: =F9/'Output-Calculation-sheet'!F8*'Output-Calculation-sheet'!F35*0.0114 -> 0 | G42: =G9/'Output-Calculation-sheet'!G8*'Output-Calculation-sheet'!G35*0.0114 -> 0 | H42: =H9/'Output-Calculation-sheet'!H8*'Output-Calculation-sheet'!H35*0.0114 -> 0 | I42: =I9/'Output-Calculation-sheet'!I8*'Output-Calculation-sheet'!I35*0.0114 -> 0 | ... Y42: =Y9/'Output-Calculation-sheet'!Y8*'Output-Calculation-sheet'!Y35*0.0114 -> 0 | AA42: =SUM(B42:Y42) -> 0
A43: 2033 | B43: =B10/'Output-Calculation-sheet'!B9*'Output-Calculation-sheet'!B36*0.0114 -> 0 | C43: =C10/'Output-Calculation-sheet'!C9*'Output-Calculation-sheet'!C36*0.0114 -> 0 | D43: =D10/'Output-Calculation-sheet'!D9*'Output-Calculation-sheet'!D36*0.0114 -> 0 | E43: =E10/'Output-Calculation-sheet'!E9*'Output-Calculation-sheet'!E36*0.0114 -> 0 | F43: =F10/'Output-Calculation-sheet'!F9*'Output-Calculation-sheet'!F36*0.0114 -> 0 | G43: =G10/'Output-Calculation-sheet'!G9*'Output-Calculation-sheet'!G36*0.0114 -> 0 | H43: =H10/'Output-Calculation-sheet'!H9*'Output-Calculation-sheet'!H36*0.0114 -> 0 | I43: =I10/'Output-Calculation-sheet'!I9*'Output-Calculation-sheet'!I36*0.0114 -> 0 | ... Y43: =Y10/'Output-Calculation-sheet'!Y9*'Output-Calculation-sheet'!Y36*0.0114 -> 0 | AA43: =SUM(B43:Y43) -> 0
A44: 2034 | B44: =B11/'Output-Calculation-sheet'!B10*'Output-Calculation-sheet'!B37*0.0114 -> 0 | C44: =C11/'Output-Calculation-sheet'!C10*'Output-Calculation-sheet'!C37*0.0114 -> 0 | D44: =D11/'Output-Calculation-sheet'!D10*'Output-Calculation-sheet'!D37*0.0114 -> 0 | E44: =E11/'Output-Calculation-sheet'!E10*'Output-Calculation-sheet'!E37*0.0114 -> 0 | F44: =F11/'Output-Calculation-sheet'!F10*'Output-Calculation-sheet'!F37*0.0114 -> 0 | G44: =G11/'Output-Calculation-sheet'!G10*'Output-Calculation-sheet'!G37*0.0114 -> 0 | H44: =H11/'Output-Calculation-sheet'!H10*'Output-Calculation-sheet'!H37*0.0114 -> 0 | I44: =I11/'Output-Calculation-sheet'!I10*'Output-Calculation-sheet'!I37*0.0114 -> 0 | ... Y44: =Y11/'Output-Calculation-sheet'!Y10*'Output-Calculation-sheet'!Y37*0.0114 -> 0 | AA44: =SUM(B44:Y44) -> 0
A45: 2035 | B45: =B12/'Output-Calculation-sheet'!B11*'Output-Calculation-sheet'!B38*0.0114 -> 0 | C45: =C12/'Output-Calculation-sheet'!C11*'Output-Calculation-sheet'!C38*0.0114 -> 0 | D45: =D12/'Output-Calculation-sheet'!D11*'Output-Calculation-sheet'!D38*0.0114 -> 0 | E45: =E12/'Output-Calculation-sheet'!E11*'Output-Calculation-sheet'!E38*0.0114 -> 0 | F45: =F12/'Output-Calculation-sheet'!F11*'Output-Calculation-sheet'!F38*0.0114 -> 0 | G45: =G12/'Output-Calculation-sheet'!G11*'Output-Calculation-sheet'!G38*0.0114 -> 0 | H45: =H12/'Output-Calculation-sheet'!H11*'Output-Calculation-sheet'!H38*0.0114 -> 0 | I45: =I12/'Output-Calculation-sheet'!I11*'Output-Calculation-sheet'!I38*0.0114 -> 0 | ... Y45: =Y12/'Output-Calculation-sheet'!Y11*'Output-Calculation-sheet'!Y38*0.0114 -> 0 | AA45: =SUM(B45:Y45) -> 0
A47: Battery Storage Capacity (MWh) | AA47: Total Battery Storage Capacity (GWh)
A49: 2028 | B49: =B5/'Output-Calculation-sheet'!B4*'Output-Calculation-sheet'!B40 -> 0 | C49: =C5/'Output-Calculation-sheet'!C4*'Output-Calculation-sheet'!C40 -> 0 | D49: =D5/'Output-Calculation-sheet'!D4*'Output-Calculation-sheet'!D40 -> 0 | E49: =E5/'Output-Calculation-sheet'!E4*'Output-Calculation-sheet'!E40 -> 0 | F49: =F5/'Output-Calculation-sheet'!F4*'Output-Calculation-sheet'!F40 -> 0 | G49: =G5/'Output-Calculation-sheet'!G4*'Output-Calculation-sheet'!G40 -> 0 | H49: =H5/'Output-Calculation-sheet'!H4*'Output-Calculation-sheet'!H40 -> 0 | I49: =I5/'Output-Calculation-sheet'!I4*'Output-Calculation-sheet'!I40 -> 0 | ... Y49: =Y5/'Output-Calculation-sheet'!Y4*'Output-Calculation-sheet'!Y40 -> 0 | AA49: =SUM(B49:Y49)/1000 -> 0.35504065
A50: 2029 | B50: =B6/'Output-Calculation-sheet'!B5*'Output-Calculation-sheet'!B41 -> 0 | C50: =C6/'Output-Calculation-sheet'!C5*'Output-Calculation-sheet'!C41 -> 0 | D50: =D6/'Output-Calculation-sheet'!D5*'Output-Calculation-sheet'!D41 -> 0 | E50: =E6/'Output-Calculation-sheet'!E5*'Output-Calculation-sheet'!E41 -> 0 | F50: =F6/'Output-Calculation-sheet'!F5*'Output-Calculation-sheet'!F41 -> 0 | G50: =G6/'Output-Calculation-sheet'!G5*'Output-Calculation-sheet'!G41 -> 0 | H50: =H6/'Output-Calculation-sheet'!H5*'Output-Calculation-sheet'!H41 -> 0 | I50: =I6/'Output-Calculation-sheet'!I5*'Output-Calculation-sheet'!I41 -> 0 | ... Y50: =Y6/'Output-Calculation-sheet'!Y5*'Output-Calculation-sheet'!Y41 -> 0 | AA50: =SUM(B50:Y50)/1000 -> 0.55378422
A51: 2030 | B51: =B7/'Output-Calculation-sheet'!B6*'Output-Calculation-sheet'!B42 -> 0 | C51: =C7/'Output-Calculation-sheet'!C6*'Output-Calculation-sheet'!C42 -> 0 | D51: =D7/'Output-Calculation-sheet'!D6*'Output-Calculation-sheet'!D42 -> 0 | E51: =E7/'Output-Calculation-sheet'!E6*'Output-Calculation-sheet'!E42 -> 0 | F51: =F7/'Output-Calculation-sheet'!F6*'Output-Calculation-sheet'!F42 -> 0 | G51: =G7/'Output-Calculation-sheet'!G6*'Output-Calculation-sheet'!G42 -> 0 | H51: =H7/'Output-Calculation-sheet'!H6*'Output-Calculation-sheet'!H42 -> 0 | I51: =I7/'Output-Calculation-sheet'!I6*'Output-Calculation-sheet'!I42 -> 0 | ... Y51: =Y7/'Output-Calculation-sheet'!Y6*'Output-Calculation-sheet'!Y42 -> 0 | AA51: =SUM(B51:Y51)/1000 -> 1.1082239
A52: 2031 | B52: =B8/'Output-Calculation-sheet'!B7*'Output-Calculation-sheet'!B43 -> 0 | C52: =C8/'Output-Calculation-sheet'!C7*'Output-Calculation-sheet'!C43 -> 0 | D52: =D8/'Output-Calculation-sheet'!D7*'Output-Calculation-sheet'!D43 -> 0 | E52: =E8/'Output-Calculation-sheet'!E7*'Output-Calculation-sheet'!E43 -> 0 | F52: =F8/'Output-Calculation-sheet'!F7*'Output-Calculation-sheet'!F43 -> 0 | G52: =G8/'Output-Calculation-sheet'!G7*'Output-Calculation-sheet'!G43 -> 109.46513 | H52: =H8/'Output-Calculation-sheet'!H7*'Output-Calculation-sheet'!H43 -> 0 | I52: =I8/'Output-Calculation-sheet'!I7*'Output-Calculation-sheet'!I43 -> 0 | ... Y52: =Y8/'Output-Calculation-sheet'!Y7*'Output-Calculation-sheet'!Y43 -> 0 | AA52: =SUM(B52:Y52)/1000 -> 1.6231438
A53: 2032 | B53: =B9/'Output-Calculation-sheet'!B8*'Output-Calculation-sheet'!B44 -> 1164.7679 | C53: =C9/'Output-Calculation-sheet'!C8*'Output-Calculation-sheet'!C44 -> 0 | D53: =D9/'Output-Calculation-sheet'!D8*'Output-Calculation-sheet'!D44 -> 0 | E53: =E9/'Output-Calculation-sheet'!E8*'Output-Calculation-sheet'!E44 -> 0 | F53: =F9/'Output-Calculation-sheet'!F8*'Output-Calculation-sheet'!F44 -> 0 | G53: =G9/'Output-Calculation-sheet'!G8*'Output-Calculation-sheet'!G44 -> 219.58671 | H53: =H9/'Output-Calculation-sheet'!H8*'Output-Calculation-sheet'!H44 -> 0 | I53: =I9/'Output-Calculation-sheet'!I8*'Output-Calculation-sheet'!I44 -> 0 | ... Y53: =Y9/'Output-Calculation-sheet'!Y8*'Output-Calculation-sheet'!Y44 -> 0 | AA53: =SUM(B53:Y53)/1000 -> 3.1895062
A54: 2033 | B54: =B10/'Output-Calculation-sheet'!B9*'Output-Calculation-sheet'!B45 -> 3486.9812 | C54: =C10/'Output-Calculation-sheet'!C9*'Output-Calculation-sheet'!C45 -> 0 | D54: =D10/'Output-Calculation-sheet'!D9*'Output-Calculation-sheet'!D45 -> 0 | E54: =E10/'Output-Calculation-sheet'!E9*'Output-Calculation-sheet'!E45 -> 0 | F54: =F10/'Output-Calculation-sheet'!F9*'Output-Calculation-sheet'!F45 -> 0 | G54: =G10/'Output-Calculation-sheet'!G9*'Output-Calculation-sheet'!G45 -> 306.77717 | H54: =H10/'Output-Calculation-sheet'!H9*'Output-Calculation-sheet'!H45 -> 0 | I54: =I10/'Output-Calculation-sheet'!I9*'Output-Calculation-sheet'!I45 -> 0 | ... Y54: =Y10/'Output-Calculation-sheet'!Y9*'Output-Calculation-sheet'!Y45 -> 0 | AA54: =SUM(B54:Y54)/1000 -> 6.1473765
A55: 2034 | B55: =B11/'Output-Calculation-sheet'!B10*'Output-Calculation-sheet'!B46 -> 6242.4391 | C55: =C11/'Output-Calculation-sheet'!C10*'Output-Calculation-sheet'!C46 -> 0 | D55: =D11/'Output-Calculation-sheet'!D10*'Output-Calculation-sheet'!D46 -> 0 | E55: =E11/'Output-Calculation-sheet'!E10*'Output-Calculation-sheet'!E46 -> 0 | F55: =F11/'Output-Calculation-sheet'!F10*'Output-Calculation-sheet'!F46 -> 0 | G55: =G11/'Output-Calculation-sheet'!G10*'Output-Calculation-sheet'!G46 -> 416.00266 | H55: =H11/'Output-Calculation-sheet'!H10*'Output-Calculation-sheet'!H46 -> 0 | I55: =I11/'Output-Calculation-sheet'!I10*'Output-Calculation-sheet'!I46 -> 0 | ... Y55: =Y11/'Output-Calculation-sheet'!Y10*'Output-Calculation-sheet'!Y46 -> 0 | AA55: =SUM(B55:Y55)/1000 -> 9.5842171
A56: 2035 | B56: =B12/'Output-Calculation-sheet'!B11*'Output-Calculation-sheet'!B47 -> 13644.34 | C56: =C12/'Output-Calculation-sheet'!C11*'Output-Calculation-sheet'!C47 -> 0 | D56: =D12/'Output-Calculation-sheet'!D11*'Output-Calculation-sheet'!D47 -> 0 | E56: =E12/'Output-Calculation-sheet'!E11*'Output-Calculation-sheet'!E47 -> 0 | F56: =F12/'Output-Calculation-sheet'!F11*'Output-Calculation-sheet'!F47 -> 0 | G56: =G12/'Output-Calculation-sheet'!G11*'Output-Calculation-sheet'!G47 -> 503.51125 | H56: =H12/'Output-Calculation-sheet'!H11*'Output-Calculation-sheet'!H47 -> 0 | I56: =I12/'Output-Calculation-sheet'!I11*'Output-Calculation-sheet'!I47 -> 0 | ... Y56: =Y12/'Output-Calculation-sheet'!Y11*'Output-Calculation-sheet'!Y47 -> 0 | AA56: =SUM(B56:Y56)/1000 -> 17.671719
A58: Total cost of energy ($bn) | AA58: Total cost of energy ($bn)
A60: 2028 | B60: =B5*'Output-Calculation-sheet'!B49/10^9 -> 3.466181 | C60: =C5*'Output-Calculation-sheet'!C49/10^9 -> 1.7478822 | D60: =D5*'Output-Calculation-sheet'!D49/10^9 -> 0.61318836 | E60: =E5*'Output-Calculation-sheet'!E49/10^9 -> 0.78896958 | F60: =F5*'Output-Calculation-sheet'!F49/10^9 -> 0.32959388 | G60: =G5*'Output-Calculation-sheet'!G49/10^9 -> 0.23548933 | H60: =H5*'Output-Calculation-sheet'!H49/10^9 -> 0.45514299 | I60: =I5*'Output-Calculation-sheet'!I49/10^9 -> 0.21132433 | ... Y60: =Y5*'Output-Calculation-sheet'!Y49/10^9 -> 0.024868707 | AA60: =SUM(B60:Y60) -> 10.638042
A61: 2029 | B61: =B6*'Output-Calculation-sheet'!B50/10^9 -> 4.313691 | C61: =C6*'Output-Calculation-sheet'!C50/10^9 -> 2.1818067 | D61: =D6*'Output-Calculation-sheet'!D50/10^9 -> 0.76287389 | E61: =E6*'Output-Calculation-sheet'!E50/10^9 -> 0.9818676 | F61: =F6*'Output-Calculation-sheet'!F50/10^9 -> 0.40946815 | G61: =G6*'Output-Calculation-sheet'!G50/10^9 -> 0.29306556 | H61: =H6*'Output-Calculation-sheet'!H50/10^9 -> 0.56734204 | I61: =I6*'Output-Calculation-sheet'!I50/10^9 -> 0.2628707 | ... Y61: =Y6*'Output-Calculation-sheet'!Y50/10^9 -> 0.03096751 | AA61: =SUM(B61:Y61) -> 13.249937
A62: 2030 | B62: =B7*'Output-Calculation-sheet'!B51/10^9 -> 4.9508019 | C62: =C7*'Output-Calculation-sheet'!C51/10^9 -> 2.5120534 | D62: =D7*'Output-Calculation-sheet'!D51/10^9 -> 0.87549333 | E62: =E7*'Output-Calculation-sheet'!E51/10^9 -> 1.1271257 | F62: =F7*'Output-Calculation-sheet'!F51/10^9 -> 0.46922921 | G62: =G7*'Output-Calculation-sheet'!G51/10^9 -> 0.33643482 | H62: =H7*'Output-Calculation-sheet'!H51/10^9 -> 0.6523087 | I62: =I7*'Output-Calculation-sheet'!I51/10^9 -> 0.30162595 | ... Y62: =Y7*'Output-Calculation-sheet'!Y51/10^9 -> 0.035571101 | AA62: =SUM(B62:Y62) -> 15.218251
A63: 2031 | B63: =B8*'Output-Calculation-sheet'!B52/10^9 -> 5.2858407 | C63: =C8*'Output-Calculation-sheet'!C52/10^9 -> 2.6792699 | D63: =D8*'Output-Calculation-sheet'!D52/10^9 -> 0.93598834 | E63: =E8*'Output-Calculation-sheet'!E52/10^9 -> 1.205168 | F63: =F8*'Output-Calculation-sheet'!F52/10^9 -> 0.50129242 | G63: =G8*'Output-Calculation-sheet'!G52/10^9 -> 0.35968923 | H63: =H8*'Output-Calculation-sheet'!H52/10^9 -> 0.69481394 | I63: =I8*'Output-Calculation-sheet'!I52/10^9 -> 0.32243838 | ... Y63: =Y8*'Output-Calculation-sheet'!Y52/10^9 -> 0.0380453 | AA63: =SUM(B63:Y63) -> 16.248897
A64: 2032 | B64: =B9*'Output-Calculation-sheet'!B53/10^9 -> 5.2651607 | C64: =C9*'Output-Calculation-sheet'!C53/10^9 -> 2.6664 | D64: =D9*'Output-Calculation-sheet'!D53/10^9 -> 0.93400226 | E64: =E9*'Output-Calculation-sheet'!E53/10^9 -> 1.2027671 | F64: =F9*'Output-Calculation-sheet'!F53/10^9 -> 0.49985949 | G64: =G9*'Output-Calculation-sheet'!G53/10^9 -> 0.35884914 | H64: =H9*'Output-Calculation-sheet'!H53/10^9 -> 0.69062532 | I64: =I9*'Output-Calculation-sheet'!I53/10^9 -> 0.32172268 | ... Y64: =Y9*'Output-Calculation-sheet'!Y53/10^9 -> 0.037981191 | AA64: =SUM(B64:Y64) -> 16.189139
A65: 2033 | B65: =B10*'Output-Calculation-sheet'!B54/10^9 -> 5.2132457 | C65: =C10*'Output-Calculation-sheet'!C54/10^9 -> 2.6392852 | D65: =D10*'Output-Calculation-sheet'!D54/10^9 -> 0.92723422 | E65: =E10*'Output-Calculation-sheet'!E54/10^9 -> 1.1942053 | F65: =F10*'Output-Calculation-sheet'!F54/10^9 -> 0.49586703 | G65: =G10*'Output-Calculation-sheet'!G54/10^9 -> 0.35609358 | H65: =H10*'Output-Calculation-sheet'!H54/10^9 -> 0.68277856 | I65: =I10*'Output-Calculation-sheet'!I54/10^9 -> 0.31936134 | ... Y65: =Y10*'Output-Calculation-sheet'!Y54/10^9 -> 0.037722734 | AA65: =SUM(B65:Y65) -> 16.04049
A66: 2034 | B66: =B11*'Output-Calculation-sheet'!B55/10^9 -> 5.1623 | C66: =C11*'Output-Calculation-sheet'!C55/10^9 -> 2.6149742 | D66: =D11*'Output-Calculation-sheet'!D55/10^9 -> 0.92165321 | E66: =E11*'Output-Calculation-sheet'!E55/10^9 -> 1.1871613 | F66: =F11*'Output-Calculation-sheet'!F55/10^9 -> 0.4925075 | G66: =G11*'Output-Calculation-sheet'!G55/10^9 -> 0.35373496 | H66: =H11*'Output-Calculation-sheet'!H55/10^9 -> 0.67568745 | I66: =I11*'Output-Calculation-sheet'!I55/10^9 -> 0.31740589 | ... Y66: =Y11*'Output-Calculation-sheet'!Y55/10^9 -> 0.037512227 | AA66: =SUM(B66:Y66) -> 15.904697
A67: 2035 | B67: =B12*'Output-Calculation-sheet'!B56/10^9 -> 5.1059987 | C67: =C12*'Output-Calculation-sheet'!C56/10^9 -> 2.5917758 | D67: =D12*'Output-Calculation-sheet'!D56/10^9 -> 0.9166706 | E67: =E12*'Output-Calculation-sheet'!E56/10^9 -> 1.1808841 | F67: =F12*'Output-Calculation-sheet'!F56/10^9 -> 0.48946722 | G67: =G12*'Output-Calculation-sheet'!G56/10^9 -> 0.35153412 | H67: =H12*'Output-Calculation-sheet'!H56/10^9 -> 0.66889949 | I67: =I12*'Output-Calculation-sheet'!I56/10^9 -> 0.31565486 | ... Y67: =Y12*'Output-Calculation-sheet'!Y56/10^9 -> 0.037326077 | AA67: =SUM(B67:Y67) -> 15.768468
B68: =SUM(B60:B67) -> 38.76322 | C68: =SUM(C60:C67) -> 19.633447 | D68: =SUM(D60:D67) -> 6.8871042 | E68: =SUM(E60:E67) -> 8.8681486 | F68: =SUM(F60:F67) -> 3.6872849 | G68: =SUM(G60:G67) -> 2.6448907 | H68: =SUM(H60:H67) -> 5.0875985 | I68: =SUM(I60:I67) -> 2.3724041 | ... Y68: =SUM(Y60:Y67) -> 0.27999485
A69: Battery Interface Capacity (MW) | AA69: Total Battery Interface Capacity (GW)
A71: 2028 | B71: =B5/'Output-Calculation-sheet'!B4*'Output-Calculation-sheet'!B58 -> 0 | C71: =C5/'Output-Calculation-sheet'!C4*'Output-Calculation-sheet'!C58 -> 0 | D71: =D5/'Output-Calculation-sheet'!D4*'Output-Calculation-sheet'!D58 -> 0 | E71: =E5/'Output-Calculation-sheet'!E4*'Output-Calculation-sheet'!E58 -> 0 | F71: =F5/'Output-Calculation-sheet'!F4*'Output-Calculation-sheet'!F58 -> 0 | G71: =G5/'Output-Calculation-sheet'!G4*'Output-Calculation-sheet'!G58 -> 0 | H71: =H5/'Output-Calculation-sheet'!H4*'Output-Calculation-sheet'!H58 -> 0 | I71: =I5/'Output-Calculation-sheet'!I4*'Output-Calculation-sheet'!I58 -> 0 | ... Y71: =Y5/'Output-Calculation-sheet'!Y4*'Output-Calculation-sheet'!Y58 -> 0 | AA71: =SUM(B71:Y71)/1000 -> 0.080054577
A72: 2029 | B72: =B6/'Output-Calculation-sheet'!B5*'Output-Calculation-sheet'!B59 -> 0 | C72: =C6/'Output-Calculation-sheet'!C5*'Output-Calculation-sheet'!C59 -> 0 | D72: =D6/'Output-Calculation-sheet'!D5*'Output-Calculation-sheet'!D59 -> 0 | E72: =E6/'Output-Calculation-sheet'!E5*'Output-Calculation-sheet'!E59 -> 0 | F72: =F6/'Output-Calculation-sheet'!F5*'Output-Calculation-sheet'!F59 -> 0 | G72: =G6/'Output-Calculation-sheet'!G5*'Output-Calculation-sheet'!G59 -> 0 | H72: =H6/'Output-Calculation-sheet'!H5*'Output-Calculation-sheet'!H59 -> 0 | I72: =I6/'Output-Calculation-sheet'!I5*'Output-Calculation-sheet'!I59 -> 0 | ... Y72: =Y6/'Output-Calculation-sheet'!Y5*'Output-Calculation-sheet'!Y59 -> 0 | AA72: =SUM(B72:Y72)/1000 -> 0.12899681
A73: 2030 | B73: =B7/'Output-Calculation-sheet'!B6*'Output-Calculation-sheet'!B60 -> 0 | C73: =C7/'Output-Calculation-sheet'!C6*'Output-Calculation-sheet'!C60 -> 0 | D73: =D7/'Output-Calculation-sheet'!D6*'Output-Calculation-sheet'!D60 -> 0 | E73: =E7/'Output-Calculation-sheet'!E6*'Output-Calculation-sheet'!E60 -> 0 | F73: =F7/'Output-Calculation-sheet'!F6*'Output-Calculation-sheet'!F60 -> 0 | G73: =G7/'Output-Calculation-sheet'!G6*'Output-Calculation-sheet'!G60 -> 0 | H73: =H7/'Output-Calculation-sheet'!H6*'Output-Calculation-sheet'!H60 -> 0 | I73: =I7/'Output-Calculation-sheet'!I6*'Output-Calculation-sheet'!I60 -> 0 | ... Y73: =Y7/'Output-Calculation-sheet'!Y6*'Output-Calculation-sheet'!Y60 -> 0 | AA73: =SUM(B73:Y73)/1000 -> 0.29154479
A74: 2031 | B74: =B8/'Output-Calculation-sheet'!B7*'Output-Calculation-sheet'!B61 -> 0 | C74: =C8/'Output-Calculation-sheet'!C7*'Output-Calculation-sheet'!C61 -> 0 | D74: =D8/'Output-Calculation-sheet'!D7*'Output-Calculation-sheet'!D61 -> 0 | E74: =E8/'Output-Calculation-sheet'!E7*'Output-Calculation-sheet'!E61 -> 0 | F74: =F8/'Output-Calculation-sheet'!F7*'Output-Calculation-sheet'!F61 -> 0 | G74: =G8/'Output-Calculation-sheet'!G7*'Output-Calculation-sheet'!G61 -> 40.108024 | H74: =H8/'Output-Calculation-sheet'!H7*'Output-Calculation-sheet'!H61 -> 0 | I74: =I8/'Output-Calculation-sheet'!I7*'Output-Calculation-sheet'!I61 -> 0 | ... Y74: =Y8/'Output-Calculation-sheet'!Y7*'Output-Calculation-sheet'!Y61 -> 0 | AA74: =SUM(B74:Y74)/1000 -> 0.45482961
A75: 2032 | B75: =B9/'Output-Calculation-sheet'!B8*'Output-Calculation-sheet'!B62 -> 396.60346 | C75: =C9/'Output-Calculation-sheet'!C8*'Output-Calculation-sheet'!C62 -> 0 | D75: =D9/'Output-Calculation-sheet'!D8*'Output-Calculation-sheet'!D62 -> 0 | E75: =E9/'Output-Calculation-sheet'!E8*'Output-Calculation-sheet'!E62 -> 0 | F75: =F9/'Output-Calculation-sheet'!F8*'Output-Calculation-sheet'!F62 -> 0 | G75: =G9/'Output-Calculation-sheet'!G8*'Output-Calculation-sheet'!G62 -> 80.434611 | H75: =H9/'Output-Calculation-sheet'!H8*'Output-Calculation-sheet'!H62 -> 0 | I75: =I9/'Output-Calculation-sheet'!I8*'Output-Calculation-sheet'!I62 -> 0 | ... Y75: =Y9/'Output-Calculation-sheet'!Y8*'Output-Calculation-sheet'!Y62 -> 0 | AA75: =SUM(B75:Y75)/1000 -> 0.96831158
A76: 2033 | B76: =B10/'Output-Calculation-sheet'!B9*'Output-Calculation-sheet'!B63 -> 957.90279 | C76: =C10/'Output-Calculation-sheet'!C9*'Output-Calculation-sheet'!C63 -> 0 | D76: =D10/'Output-Calculation-sheet'!D9*'Output-Calculation-sheet'!D63 -> 0 | E76: =E10/'Output-Calculation-sheet'!E9*'Output-Calculation-sheet'!E63 -> 0 | F76: =F10/'Output-Calculation-sheet'!F9*'Output-Calculation-sheet'!F63 -> 0 | G76: =G10/'Output-Calculation-sheet'!G9*'Output-Calculation-sheet'!G63 -> 112.3681 | H76: =H10/'Output-Calculation-sheet'!H9*'Output-Calculation-sheet'!H63 -> 0 | I76: =I10/'Output-Calculation-sheet'!I9*'Output-Calculation-sheet'!I63 -> 0 | ... Y76: =Y10/'Output-Calculation-sheet'!Y9*'Output-Calculation-sheet'!Y63 -> 0 | AA76: =SUM(B76:Y76)/1000 -> 1.7160871
A77: 2034 | B77: =B11/'Output-Calculation-sheet'!B10*'Output-Calculation-sheet'!B64 -> 1599.8065 | C77: =C11/'Output-Calculation-sheet'!C10*'Output-Calculation-sheet'!C64 -> 0 | D77: =D11/'Output-Calculation-sheet'!D10*'Output-Calculation-sheet'!D64 -> 0 | E77: =E11/'Output-Calculation-sheet'!E10*'Output-Calculation-sheet'!E64 -> 0 | F77: =F11/'Output-Calculation-sheet'!F10*'Output-Calculation-sheet'!F64 -> 0 | G77: =G11/'Output-Calculation-sheet'!G10*'Output-Calculation-sheet'!G64 -> 152.38834 | H77: =H11/'Output-Calculation-sheet'!H10*'Output-Calculation-sheet'!H64 -> 0 | I77: =I11/'Output-Calculation-sheet'!I10*'Output-Calculation-sheet'!I64 -> 0 | ... Y77: =Y11/'Output-Calculation-sheet'!Y10*'Output-Calculation-sheet'!Y64 -> 0 | AA77: =SUM(B77:Y77)/1000 -> 2.5428272
A78: 2035 | B78: =B12/'Output-Calculation-sheet'!B11*'Output-Calculation-sheet'!B65 -> 2815.2339 | C78: =C12/'Output-Calculation-sheet'!C11*'Output-Calculation-sheet'!C65 -> 0 | D78: =D12/'Output-Calculation-sheet'!D11*'Output-Calculation-sheet'!D65 -> 0 | E78: =E12/'Output-Calculation-sheet'!E11*'Output-Calculation-sheet'!E65 -> 0 | F78: =F12/'Output-Calculation-sheet'!F11*'Output-Calculation-sheet'!F65 -> 0 | G78: =G12/'Output-Calculation-sheet'!G11*'Output-Calculation-sheet'!G65 -> 182.05215 | H78: =H12/'Output-Calculation-sheet'!H11*'Output-Calculation-sheet'!H65 -> 0 | I78: =I12/'Output-Calculation-sheet'!I11*'Output-Calculation-sheet'!I65 -> 0 | ... Y78: =Y12/'Output-Calculation-sheet'!Y11*'Output-Calculation-sheet'!Y65 -> 0 | AA78: =SUM(B78:Y78)/1000 -> 3.9356835
A80: Heat Pump Capacity (MW) | AA80: Total Heat Pump Capacity (GW)
A82: 2028 | B82: =B5/'Output-Calculation-sheet'!B4*'Output-Calculation-sheet'!B67 -> 0 | C82: =C5/'Output-Calculation-sheet'!C4*'Output-Calculation-sheet'!C67 -> 0 | D82: =D5/'Output-Calculation-sheet'!D4*'Output-Calculation-sheet'!D67 -> 0 | E82: =E5/'Output-Calculation-sheet'!E4*'Output-Calculation-sheet'!E67 -> 0 | F82: =F5/'Output-Calculation-sheet'!F4*'Output-Calculation-sheet'!F67 -> 0 | G82: =G5/'Output-Calculation-sheet'!G4*'Output-Calculation-sheet'!G67 -> 0 | H82: =H5/'Output-Calculation-sheet'!H4*'Output-Calculation-sheet'!H67 -> 0 | I82: =I5/'Output-Calculation-sheet'!I4*'Output-Calculation-sheet'!I67 -> 0 | ... Y82: =Y5/'Output-Calculation-sheet'!Y4*'Output-Calculation-sheet'!Y67 -> 0 | AA82: =SUM(B82:Y82)/1000 -> 0
A83: 2029 | B83: =B6/'Output-Calculation-sheet'!B5*'Output-Calculation-sheet'!B68 -> 0 | C83: =C6/'Output-Calculation-sheet'!C5*'Output-Calculation-sheet'!C68 -> 0 | D83: =D6/'Output-Calculation-sheet'!D5*'Output-Calculation-sheet'!D68 -> 0 | E83: =E6/'Output-Calculation-sheet'!E5*'Output-Calculation-sheet'!E68 -> 0 | F83: =F6/'Output-Calculation-sheet'!F5*'Output-Calculation-sheet'!F68 -> 0 | G83: =G6/'Output-Calculation-sheet'!G5*'Output-Calculation-sheet'!G68 -> 0 | H83: =H6/'Output-Calculation-sheet'!H5*'Output-Calculation-sheet'!H68 -> 0 | I83: =I6/'Output-Calculation-sheet'!I5*'Output-Calculation-sheet'!I68 -> 0 | ... Y83: =Y6/'Output-Calculation-sheet'!Y5*'Output-Calculation-sheet'!Y68 -> 0 | AA83: =SUM(B83:Y83)/1000 -> 0
A84: 2030 | B84: =B7/'Output-Calculation-sheet'!B6*'Output-Calculation-sheet'!B69 -> 0 | C84: =C7/'Output-Calculation-sheet'!C6*'Output-Calculation-sheet'!C69 -> 0 | D84: =D7/'Output-Calculation-sheet'!D6*'Output-Calculation-sheet'!D69 -> 0 | E84: =E7/'Output-Calculation-sheet'!E6*'Output-Calculation-sheet'!E69 -> 0 | F84: =F7/'Output-Calculation-sheet'!F6*'Output-Calculation-sheet'!F69 -> 0 | G84: =G7/'Output-Calculation-sheet'!G6*'Output-Calculation-sheet'!G69 -> 0 | H84: =H7/'Output-Calculation-sheet'!H6*'Output-Calculation-sheet'!H69 -> 0 | I84: =I7/'Output-Calculation-sheet'!I6*'Output-Calculation-sheet'!I69 -> 0 | ... Y84: =Y7/'Output-Calculation-sheet'!Y6*'Output-Calculation-sheet'!Y69 -> 0 | AA84: =SUM(B84:Y84)/1000 -> 0
A85: 2031 | B85: =B8/'Output-Calculation-sheet'!B7*'Output-Calculation-sheet'!B70 -> 0 | C85: =C8/'Output-Calculation-sheet'!C7*'Output-Calculation-sheet'!C70 -> 0 | D85: =D8/'Output-Calculation-sheet'!D7*'Output-Calculation-sheet'!D70 -> 0 | E85: =E8/'Output-Calculation-sheet'!E7*'Output-Calculation-sheet'!E70 -> 0 | F85: =F8/'Output-Calculation-sheet'!F7*'Output-Calculation-sheet'!F70 -> 0 | G85: =G8/'Output-Calculation-sheet'!G7*'Output-Calculation-sheet'!G70 -> 0 | H85: =H8/'Output-Calculation-sheet'!H7*'Output-Calculation-sheet'!H70 -> 0 | I85: =I8/'Output-Calculation-sheet'!I7*'Output-Calculation-sheet'!I70 -> 0 | ... Y85: =Y8/'Output-Calculation-sheet'!Y7*'Output-Calculation-sheet'!Y70 -> 0 | AA85: =SUM(B85:Y85)/1000 -> 0
A86: 2032 | B86: =B9/'Output-Calculation-sheet'!B8*'Output-Calculation-sheet'!B71 -> 0 | C86: =C9/'Output-Calculation-sheet'!C8*'Output-Calculation-sheet'!C71 -> 0 | D86: =D9/'Output-Calculation-sheet'!D8*'Output-Calculation-sheet'!D71 -> 0 | E86: =E9/'Output-Calculation-sheet'!E8*'Output-Calculation-sheet'!E71 -> 0 | F86: =F9/'Output-Calculation-sheet'!F8*'Output-Calculation-sheet'!F71 -> 0 | G86: =G9/'Output-Calculation-sheet'!G8*'Output-Calculation-sheet'!G71 -> 0 | H86: =H9/'Output-Calculation-sheet'!H8*'Output-Calculation-sheet'!H71 -> 0 | I86: =I9/'Output-Calculation-sheet'!I8*'Output-Calculation-sheet'!I71 -> 0 | ... Y86: =Y9/'Output-Calculation-sheet'!Y8*'Output-Calculation-sheet'!Y71 -> 0 | AA86: =SUM(B86:Y86)/1000 -> 0
A87: 2033 | B87: =B10/'Output-Calculation-sheet'!B9*'Output-Calculation-sheet'!B72 -> 0 | C87: =C10/'Output-Calculation-sheet'!C9*'Output-Calculation-sheet'!C72 -> 0 | D87: =D10/'Output-Calculation-sheet'!D9*'Output-Calculation-sheet'!D72 -> 0 | E87: =E10/'Output-Calculation-sheet'!E9*'Output-Calculation-sheet'!E72 -> 0 | F87: =F10/'Output-Calculation-sheet'!F9*'Output-Calculation-sheet'!F72 -> 0 | G87: =G10/'Output-Calculation-sheet'!G9*'Output-Calculation-sheet'!G72 -> 0 | H87: =H10/'Output-Calculation-sheet'!H9*'Output-Calculation-sheet'!H72 -> 0 | I87: =I10/'Output-Calculation-sheet'!I9*'Output-Calculation-sheet'!I72 -> 0 | ... Y87: =Y10/'Output-Calculation-sheet'!Y9*'Output-Calculation-sheet'!Y72 -> 0 | AA87: =SUM(B87:Y87)/1000 -> 0
A88: 2034 | B88: =B11/'Output-Calculation-sheet'!B10*'Output-Calculation-sheet'!B73 -> 0 | C88: =C11/'Output-Calculation-sheet'!C10*'Output-Calculation-sheet'!C73 -> 0 | D88: =D11/'Output-Calculation-sheet'!D10*'Output-Calculation-sheet'!D73 -> 0 | E88: =E11/'Output-Calculation-sheet'!E10*'Output-Calculation-sheet'!E73 -> 0 | F88: =F11/'Output-Calculation-sheet'!F10*'Output-Calculation-sheet'!F73 -> 0 | G88: =G11/'Output-Calculation-sheet'!G10*'Output-Calculation-sheet'!G73 -> 0 | H88: =H11/'Output-Calculation-sheet'!H10*'Output-Calculation-sheet'!H73 -> 0 | I88: =I11/'Output-Calculation-sheet'!I10*'Output-Calculation-sheet'!I73 -> 0 | ... Y88: =Y11/'Output-Calculation-sheet'!Y10*'Output-Calculation-sheet'!Y73 -> 0 | AA88: =SUM(B88:Y88)/1000 -> 0
A89: 2035 | B89: =B12/'Output-Calculation-sheet'!B11*'Output-Calculation-sheet'!B74 -> 0 | C89: =C12/'Output-Calculation-sheet'!C11*'Output-Calculation-sheet'!C74 -> 0 | D89: =D12/'Output-Calculation-sheet'!D11*'Output-Calculation-sheet'!D74 -> 0 | E89: =E12/'Output-Calculation-sheet'!E11*'Output-Calculation-sheet'!E74 -> 0 | F89: =F12/'Output-Calculation-sheet'!F11*'Output-Calculation-sheet'!F74 -> 0 | G89: =G12/'Output-Calculation-sheet'!G11*'Output-Calculation-sheet'!G74 -> 0 | H89: =H12/'Output-Calculation-sheet'!H11*'Output-Calculation-sheet'!H74 -> 0 | I89: =I12/'Output-Calculation-sheet'!I11*'Output-Calculation-sheet'!I74 -> 0 | ... Y89: =Y12/'Output-Calculation-sheet'!Y11*'Output-Calculation-sheet'!Y74 -> 0 | AA89: =SUM(B89:Y89)/1000 -> 0
A91: Emissions avoided (kgCO2) | AA91: Total avoided emissions (GtCO2)
A93: 2028 | B93: =B5/'Output-Calculation-sheet'!B4*'Output-Calculation-sheet'!B76 -> 7.5151506e+09 | C93: =C5/'Output-Calculation-sheet'!C4*'Output-Calculation-sheet'!C76 -> 8.5157522e+08 | D93: =D5/'Output-Calculation-sheet'!D4*'Output-Calculation-sheet'!D76 -> 3.4691982e+09 | E93: =E5/'Output-Calculation-sheet'!E4*'Output-Calculation-sheet'!E76 -> 5.5592688e+09 | F93: =F5/'Output-Calculation-sheet'!F4*'Output-Calculation-sheet'!F76 -> 2.6059131e+09 | G93: =G5/'Output-Calculation-sheet'!G4*'Output-Calculation-sheet'!G76 -> 1.9713849e+09 | H93: =H5/'Output-Calculation-sheet'!H4*'Output-Calculation-sheet'!H76 -> 5.4221768e+08 | I93: =I5/'Output-Calculation-sheet'!I4*'Output-Calculation-sheet'!I76 -> 1.3179567e+09 | ... Y93: =Y5/'Output-Calculation-sheet'!Y4*'Output-Calculation-sheet'!Y76 -> 1.8243351e+08 | AA93: =SUM(B93:Y93)/10^9 -> 31.897616
A94: 2029 | B94: =B6/'Output-Calculation-sheet'!B5*'Output-Calculation-sheet'!B77 -> 9.3686133e+09 | C94: =C6/'Output-Calculation-sheet'!C5*'Output-Calculation-sheet'!C77 -> 1.0853742e+09 | D94: =D6/'Output-Calculation-sheet'!D5*'Output-Calculation-sheet'!D77 -> 4.2917321e+09 | E94: =E6/'Output-Calculation-sheet'!E5*'Output-Calculation-sheet'!E77 -> 7.0116072e+09 | F94: =F6/'Output-Calculation-sheet'!F5*'Output-Calculation-sheet'!F77 -> 3.2215646e+09 | G94: =G6/'Output-Calculation-sheet'!G5*'Output-Calculation-sheet'!G77 -> 2.4693597e+09 | H94: =H6/'Output-Calculation-sheet'!H5*'Output-Calculation-sheet'!H77 -> 6.8624882e+08 | I94: =I6/'Output-Calculation-sheet'!I5*'Output-Calculation-sheet'!I77 -> 1.6262888e+09 | ... Y94: =Y6/'Output-Calculation-sheet'!Y5*'Output-Calculation-sheet'!Y77 -> 2.3001853e+08 | AA94: =SUM(B94:Y94)/10^9 -> 39.852467
A95: 2030 | B95: =B7/'Output-Calculation-sheet'!B6*'Output-Calculation-sheet'!B78 -> 1.0752911e+10 | C95: =C7/'Output-Calculation-sheet'!C6*'Output-Calculation-sheet'!C78 -> 1.2769943e+09 | D95: =D7/'Output-Calculation-sheet'!D6*'Output-Calculation-sheet'!D78 -> 4.8986461e+09 | E95: =E7/'Output-Calculation-sheet'!E6*'Output-Calculation-sheet'!E78 -> 8.1426257e+09 | F95: =F7/'Output-Calculation-sheet'!F6*'Output-Calculation-sheet'!F78 -> 3.6693645e+09 | G95: =G7/'Output-Calculation-sheet'!G6*'Output-Calculation-sheet'!G78 -> 2.8528478e+09 | H95: =H7/'Output-Calculation-sheet'!H6*'Output-Calculation-sheet'!H78 -> 7.9975966e+08 | I95: =I7/'Output-Calculation-sheet'!I6*'Output-Calculation-sheet'!I78 -> 1.8501183e+09 | ... Y95: =Y7/'Output-Calculation-sheet'!Y6*'Output-Calculation-sheet'!Y78 -> 2.6803928e+08 | AA95: =SUM(B95:Y95)/10^9 -> 46.063136
A96: 2031 | B96: =B8/'Output-Calculation-sheet'!B7*'Output-Calculation-sheet'!B79 -> 1.1606559e+10 | C96: =C8/'Output-Calculation-sheet'!C7*'Output-Calculation-sheet'!C79 -> 1.4286445e+09 | D96: =D8/'Output-Calculation-sheet'!D7*'Output-Calculation-sheet'!D79 -> 5.0592675e+09 | E96: =E8/'Output-Calculation-sheet'!E7*'Output-Calculation-sheet'!E79 -> 8.6502041e+09 | F96: =F8/'Output-Calculation-sheet'!F7*'Output-Calculation-sheet'!F79 -> 3.8928806e+09 | G96: =G8/'Output-Calculation-sheet'!G7*'Output-Calculation-sheet'!G79 -> 2.9568196e+09 | H96: =H8/'Output-Calculation-sheet'!H7*'Output-Calculation-sheet'!H79 -> 8.6023967e+08 | I96: =I8/'Output-Calculation-sheet'!I7*'Output-Calculation-sheet'!I79 -> 1.9833544e+09 | ... Y96: =Y8/'Output-Calculation-sheet'!Y7*'Output-Calculation-sheet'!Y79 -> 2.8229932e+08 | AA96: =SUM(B96:Y96)/10^9 -> 48.962677
A97: 2032 | B97: =B9/'Output-Calculation-sheet'!B8*'Output-Calculation-sheet'!B80 -> 1.1796083e+10 | C97: =C9/'Output-Calculation-sheet'!C8*'Output-Calculation-sheet'!C80 -> 1.4819803e+09 | D97: =D9/'Output-Calculation-sheet'!D8*'Output-Calculation-sheet'!D80 -> 4.8808955e+09 | E97: =E9/'Output-Calculation-sheet'!E8*'Output-Calculation-sheet'!E80 -> 8.5933315e+09 | F97: =F9/'Output-Calculation-sheet'!F8*'Output-Calculation-sheet'!F80 -> 3.8583552e+09 | G97: =G9/'Output-Calculation-sheet'!G8*'Output-Calculation-sheet'!G80 -> 2.855881e+09 | H97: =H9/'Output-Calculation-sheet'!H8*'Output-Calculation-sheet'!H80 -> 8.6535041e+08 | I97: =I9/'Output-Calculation-sheet'!I8*'Output-Calculation-sheet'!I80 -> 1.9836132e+09 | ... Y97: =Y9/'Output-Calculation-sheet'!Y8*'Output-Calculation-sheet'!Y80 -> 2.7717418e+08 | AA97: =SUM(B97:Y97)/10^9 -> 48.702513
A98: 2033 | B98: =B10/'Output-Calculation-sheet'!B9*'Output-Calculation-sheet'!B81 -> 1.2032477e+10 | C98: =C10/'Output-Calculation-sheet'!C9*'Output-Calculation-sheet'!C81 -> 1.5172666e+09 | D98: =D10/'Output-Calculation-sheet'!D9*'Output-Calculation-sheet'!D81 -> 4.689469e+09 | E98: =E10/'Output-Calculation-sheet'!E9*'Output-Calculation-sheet'!E81 -> 8.4978725e+09 | F98: =F10/'Output-Calculation-sheet'!F9*'Output-Calculation-sheet'!F81 -> 3.806645e+09 | G98: =G10/'Output-Calculation-sheet'!G9*'Output-Calculation-sheet'!G81 -> 2.739003e+09 | H98: =H10/'Output-Calculation-sheet'!H9*'Output-Calculation-sheet'!H81 -> 8.6395266e+08 | I98: =I10/'Output-Calculation-sheet'!I9*'Output-Calculation-sheet'!I81 -> 1.9763424e+09 | ... Y98: =Y10/'Output-Calculation-sheet'!Y9*'Output-Calculation-sheet'!Y81 -> 2.7077529e+08 | AA98: =SUM(B98:Y98)/10^9 -> 48.351775
A99: 2034 | B99: =B11/'Output-Calculation-sheet'!B10*'Output-Calculation-sheet'!B82 -> 1.2279123e+10 | C99: =C11/'Output-Calculation-sheet'!C10*'Output-Calculation-sheet'!C82 -> 1.558992e+09 | D99: =D11/'Output-Calculation-sheet'!D10*'Output-Calculation-sheet'!D82 -> 4.5125452e+09 | E99: =E11/'Output-Calculation-sheet'!E10*'Output-Calculation-sheet'!E82 -> 8.4131091e+09 | F99: =F11/'Output-Calculation-sheet'!F10*'Output-Calculation-sheet'!F82 -> 3.7625267e+09 | G99: =G11/'Output-Calculation-sheet'!G10*'Output-Calculation-sheet'!G82 -> 2.6273655e+09 | H99: =H11/'Output-Calculation-sheet'!H10*'Output-Calculation-sheet'!H82 -> 8.6508003e+08 | I99: =I11/'Output-Calculation-sheet'!I10*'Output-Calculation-sheet'!I82 -> 1.972165e+09 | ... Y99: =Y11/'Output-Calculation-sheet'!Y10*'Output-Calculation-sheet'!Y82 -> 2.6475046e+08 | AA99: =SUM(B99:Y99)/10^9 -> 48.100848
A100: 2035 | B100: =B12/'Output-Calculation-sheet'!B11*'Output-Calculation-sheet'!B83 -> 1.2789287e+10 | C100: =C12/'Output-Calculation-sheet'!C11*'Output-Calculation-sheet'!C83 -> 1.5972297e+09 | D100: =D12/'Output-Calculation-sheet'!D11*'Output-Calculation-sheet'!D83 -> 4.3509368e+09 | E100: =E12/'Output-Calculation-sheet'!E11*'Output-Calculation-sheet'!E83 -> 8.3416618e+09 | F100: =F12/'Output-Calculation-sheet'!F11*'Output-Calculation-sheet'!F83 -> 3.7237791e+09 | G100: =G12/'Output-Calculation-sheet'!G11*'Output-Calculation-sheet'!G83 -> 2.5212669e+09 | H100: =H12/'Output-Calculation-sheet'!H11*'Output-Calculation-sheet'!H83 -> 8.6837661e+08 | I100: =I12/'Output-Calculation-sheet'!I11*'Output-Calculation-sheet'!I83 -> 1.9707393e+09 | ... Y100: =Y12/'Output-Calculation-sheet'!Y11*'Output-Calculation-sheet'!Y83 -> 2.5864993e+08 | AA100: =SUM(B100:Y100)/10^9 -> 48.17014

Sheet Peak 2035-Fast-Medium
A1: Country | B1: Virginia | C1: Oregon | D1: Iowa | E1: Ohio | F1: Texas | G1: Nebraska | H1: Georgia | I1: Oklahoma | J1: Illinois | K1: New Mexico | L1: New York | M1: Alabama | N1: Tennessee | O1: Washington | P1: Utah | Q1: South Carolina | R1: Arizona | S1: North Carolina | T1: Colorado | U1: Nevada | V1: California | W1: Wyoming | X1: Pennsylvania | Y1: Missouri
A3: Year
A5: 2028 | B5: 5.115808e+10 | C5: 2.4108262e+10 | D5: 2.1486979e+10 | E5: 1.7047737e+10 | F5: 1.097424e+10 | G5: 7.7108023e+09 | H5: 7.5215916e+09 | I5: 7.0251479e+09 | J5: 6.8377937e+09 | K5: 6.7722425e+09 | L5: 5.432781e+09 | M5: 5.1892426e+09 | N5: 5.0932266e+09 | O5: 4.6842562e+09 | P5: 4.6365976e+09 | Q5: 4.5616627e+09 | R5: 4.3885293e+09 | S5: 2.9168414e+09 | T5: 1.6131856e+09 | U5: 1.4050296e+09 | V5: 1.0819009e+09 | W5: 9.3668638e+08 | X5: 5.6201183e+08 | Y5: 5.4655088e+08
A6: 2029 | B6: 6.8020613e+10 | C6: 3.2054736e+10 | D6: 2.8569435e+10 | E6: 2.2666948e+10 | F6: 1.4591528e+10 | G6: 1.0252408e+10 | H6: 1.000083e+10 | I6: 9.3407506e+09 | J6: 9.0916415e+09 | K6: 9.0044835e+09 | L6: 7.2235138e+09 | M6: 6.8997011e+09 | N6: 6.7720367e+09 | O6: 6.228263e+09 | P6: 6.1648954e+09 | Q6: 6.0652607e+09 | R6: 5.8350598e+09 | S6: 3.8782796e+09 | T6: 2.1449178e+09 | U6: 1.8681501e+09 | V6: 1.4385129e+09 | W6: 1.2454334e+09 | X6: 7.4726004e+08 | Y6: 7.2670292e+08
A7: 2030 | B7: 8.3034356e+10 | C7: 3.9129967e+10 | D7: 3.4875379e+10 | E7: 2.7670074e+10 | F7: 1.781222e+10 | G7: 1.2515354e+10 | H7: 1.2208248e+10 | I7: 1.1402473e+10 | J7: 1.109838e+10 | K7: 1.0991984e+10 | L7: 8.8179125e+09 | M7: 8.4226268e+09 | N7: 8.2667838e+09 | O7: 7.6029866e+09 | P7: 7.5256322e+09 | Q7: 7.4040058e+09 | R7: 7.1229942e+09 | S7: 4.7343068e+09 | T7: 2.6183514e+09 | U7: 2.2804946e+09 | V7: 1.7560265e+09 | W7: 1.5203297e+09 | X7: 9.1219784e+08 | Y7: 8.8710328e+08
A8: 2031 | B8: 9.4207141e+10 | C8: 4.4395145e+10 | D8: 3.9568076e+10 | E8: 3.1393253e+10 | F8: 2.0208964e+10 | G8: 1.4199372e+10 | H8: 1.3850943e+10 | I8: 1.2936746e+10 | J8: 1.2591735e+10 | K8: 1.2471023e+10 | L8: 1.0004417e+10 | M8: 9.5559431e+09 | N8: 9.3791306e+09 | O8: 8.6260153e+09 | P8: 8.5382524e+09 | Q8: 8.4002605e+09 | R8: 8.0814369e+09 | S8: 5.371337e+09 | T8: 2.9706667e+09 | U8: 2.5873492e+09 | V8: 1.9923106e+09 | W8: 1.7248995e+09 | X8: 1.0349397e+09 | Y8: 1.0064685e+09
A9: 2032 | B9: 9.9380644e+10 | C9: 4.6833161e+10 | D9: 4.1741007e+10 | E9: 3.3117253e+10 | F9: 2.1318764e+10 | G9: 1.4979149e+10 | H9: 1.4611585e+10 | I9: 1.3647184e+10 | J9: 1.3283226e+10 | K9: 1.3155885e+10 | L9: 1.0553822e+10 | M9: 1.008072e+10 | N9: 9.8941973e+09 | O9: 9.0997238e+09 | P9: 9.0071413e+09 | Q9: 8.8615713e+09 | R9: 8.5252392e+09 | S9: 5.6663107e+09 | T9: 3.1338046e+09 | U9: 2.7294367e+09 | V9: 2.1017209e+09 | W9: 1.8196245e+09 | X9: 1.0917747e+09 | Y9: 1.06174e+09
A10: 2033 | B10: 1.0005965e+11 | C10: 4.7153144e+10 | D10: 4.2026198e+10 | E10: 3.3343524e+10 | F10: 2.1464423e+10 | G10: 1.5081493e+10 | H10: 1.4711417e+10 | I10: 1.3740427e+10 | J10: 1.3373983e+10 | K10: 1.3245772e+10 | L10: 1.062593e+10 | M10: 1.0149595e+10 | N10: 9.9617985e+09 | O10: 9.1618968e+09 | P10: 9.0686817e+09 | Q10: 8.9221172e+09 | R10: 8.5834871e+09 | S10: 5.7050252e+09 | T10: 3.1552161e+09 | U10: 2.7480854e+09 | V10: 2.1160807e+09 | W10: 1.8320569e+09 | X10: 1.0992341e+09 | Y10: 1.0689942e+09
A11: 2034 | B11: 9.6236314e+10 | C11: 4.5351394e+10 | D11: 4.0420352e+10 | E11: 3.2069448e+10 | F11: 2.0644254e+10 | G11: 1.450522e+10 | H11: 1.4149285e+10 | I11: 1.3215397e+10 | J11: 1.2862955e+10 | K11: 1.2739643e+10 | L11: 1.0219907e+10 | M11: 9.7617732e+09 | N11: 9.5811522e+09 | O11: 8.8118152e+09 | P11: 8.7221619e+09 | Q11: 8.5811977e+09 | R11: 8.2555069e+09 | S11: 5.4870328e+09 | T11: 3.0346533e+09 | U11: 2.6430794e+09 | V11: 2.035224e+09 | W11: 1.7620529e+09 | X11: 1.0572318e+09 | Y11: 1.0281473e+09
A12: 2035 | B12: 8.8070102e+10 | C12: 4.1503064e+10 | D12: 3.699045e+10 | E12: 2.9348168e+10 | F12: 1.8892469e+10 | G12: 1.3274367e+10 | H12: 1.2948636e+10 | I12: 1.2093993e+10 | J12: 1.1771458e+10 | K12: 1.165861e+10 | L12: 9.3526883e+09 | M12: 8.9334298e+09 | N12: 8.7681356e+09 | O12: 8.0640813e+09 | P12: 7.9820357e+09 | Q12: 7.8530331e+09 | R12: 7.554979e+09 | S12: 5.0214261e+09 | T12: 2.7771453e+09 | U12: 2.4187987e+09 | V12: 1.8625234e+09 | W12: 1.6125325e+09 | X12: 9.6751948e+08 | Y12: 9.4090302e+08
A14: Solar Capacity (MW) | AA14: Total Solar Capacity (GW)
A16: 2028 | B16: =B5/'Output-Calculation-sheet'!B4*'Output-Calculation-sheet'!B22 -> 1552.6591 | C16: =C5/'Output-Calculation-sheet'!C4*'Output-Calculation-sheet'!C22 -> 3193.017 | D16: =D5/'Output-Calculation-sheet'!D4*'Output-Calculation-sheet'!D22 -> 0 | E16: =E5/'Output-Calculation-sheet'!E4*'Output-Calculation-sheet'!E22 -> 0 | F16: =F5/'Output-Calculation-sheet'!F4*'Output-Calculation-sheet'!F22 -> 0 | G16: =G5/'Output-Calculation-sheet'!G4*'Output-Calculation-sheet'!G22 -> 0 | H16: =H5/'Output-Calculation-sheet'!H4*'Output-Calculation-sheet'!H22 -> 1213.5092 | I16: =I5/'Output-Calculation-sheet'!I4*'Output-Calculation-sheet'!I22 -> 0 | ... Y16: =Y5/'Output-Calculation-sheet'!Y4*'Output-Calculation-sheet'!Y22 -> 0 | AA16: =SUM(B16:Y16)/1000 -> 7.377627
A17: 2029 | B17: =B6/'Output-Calculation-sheet'!B5*'Output-Calculation-sheet'!B23 -> 2597.6152 | C17: =C6/'Output-Calculation-sheet'!C5*'Output-Calculation-sheet'!C23 -> 4386.2282 | D17: =D6/'Output-Calculation-sheet'!D5*'Output-Calculation-sheet'!D23 -> 0 | E17: =E6/'Output-Calculation-sheet'!E5*'Output-Calculation-sheet'!E23 -> 0 | F17: =F6/'Output-Calculation-sheet'!F5*'Output-Calculation-sheet'!F23 -> 0 | G17: =G6/'Output-Calculation-sheet'!G5*'Output-Calculation-sheet'!G23 -> 0 | H17: =H6/'Output-Calculation-sheet'!H5*'Output-Calculation-sheet'!H23 -> 1652.8098 | I17: =I6/'Output-Calculation-sheet'!I5*'Output-Calculation-sheet'!I23 -> 0 | ... Y17: =Y6/'Output-Calculation-sheet'!Y5*'Output-Calculation-sheet'!Y23 -> 0 | AA17: =SUM(B17:Y17)/1000 -> 10.690451
A18: 2030 | B18: =B7/'Output-Calculation-sheet'!B6*'Output-Calculation-sheet'!B24 -> 3679.4985 | C18: =C7/'Output-Calculation-sheet'!C6*'Output-Calculation-sheet'!C24 -> 5549.413 | D18: =D7/'Output-Calculation-sheet'!D6*'Output-Calculation-sheet'!D24 -> 0 | E18: =E7/'Output-Calculation-sheet'!E6*'Output-Calculation-sheet'!E24 -> 0 | F18: =F7/'Output-Calculation-sheet'!F6*'Output-Calculation-sheet'!F24 -> 0 | G18: =G7/'Output-Calculation-sheet'!G6*'Output-Calculation-sheet'!G24 -> 0 | H18: =H7/'Output-Calculation-sheet'!H6*'Output-Calculation-sheet'!H24 -> 2065.4187 | I18: =I7/'Output-Calculation-sheet'!I6*'Output-Calculation-sheet'!I24 -> 0 | ... Y18: =Y7/'Output-Calculation-sheet'!Y6*'Output-Calculation-sheet'!Y24 -> 0 | AA18: =SUM(B18:Y18)/1000 -> 14.784244
A19: 2031 | B19: =B8/'Output-Calculation-sheet'!B7*'Output-Calculation-sheet'!B25 -> 4935.2875 | C19: =C8/'Output-Calculation-sheet'!C7*'Output-Calculation-sheet'!C25 -> 6580.5186 | D19: =D8/'Output-Calculation-sheet'!D7*'Output-Calculation-sheet'!D25 -> 0 | E19: =E8/'Output-Calculation-sheet'!E7*'Output-Calculation-sheet'!E25 -> 0 | F19: =F8/'Output-Calculation-sheet'!F7*'Output-Calculation-sheet'!F25 -> 0 | G19: =G8/'Output-Calculation-sheet'!G7*'Output-Calculation-sheet'!G25 -> 0 | H19: =H8/'Output-Calculation-sheet'!H7*'Output-Calculation-sheet'!H25 -> 2397.7209 | I19: =I8/'Output-Calculation-sheet'!I7*'Output-Calculation-sheet'!I25 -> 0 | ... Y19: =Y8/'Output-Calculation-sheet'!Y7*'Output-Calculation-sheet'!Y25 -> 0 | AA19: =SUM(B19:Y19)/1000 -> 18.181382
A20: 2032 | B20: =B9/'Output-Calculation-sheet'!B8*'Output-Calculation-sheet'!B26 -> 6248.3928 | C20: =C9/'Output-Calculation-sheet'!C8*'Output-Calculation-sheet'!C26 -> 7201.7624 | D20: =D9/'Output-Calculation-sheet'!D8*'Output-Calculation-sheet'!D26 -> 0 | E20: =E9/'Output-Calculation-sheet'!E8*'Output-Calculation-sheet'!E26 -> 0 | F20: =F9/'Output-Calculation-sheet'!F8*'Output-Calculation-sheet'!F26 -> 0 | G20: =G9/'Output-Calculation-sheet'!G8*'Output-Calculation-sheet'!G26 -> 0 | H20: =H9/'Output-Calculation-sheet'!H8*'Output-Calculation-sheet'!H26 -> 2592.6651 | I20: =I9/'Output-Calculation-sheet'!I8*'Output-Calculation-sheet'!I26 -> 0 | ... Y20: =Y9/'Output-Calculation-sheet'!Y8*'Output-Calculation-sheet'!Y26 -> 0 | AA20: =SUM(B20:Y20)/1000 -> 20.832504
A21: 2033 | B21: =B10/'Output-Calculation-sheet'!B9*'Output-Calculation-sheet'!B27 -> 7917.1358 | C21: =C10/'Output-Calculation-sheet'!C9*'Output-Calculation-sheet'!C27 -> 7449.6562 | D21: =D10/'Output-Calculation-sheet'!D9*'Output-Calculation-sheet'!D27 -> 0 | E21: =E10/'Output-Calculation-sheet'!E9*'Output-Calculation-sheet'!E27 -> 0 | F21: =F10/'Output-Calculation-sheet'!F9*'Output-Calculation-sheet'!F27 -> 0 | G21: =G10/'Output-Calculation-sheet'!G9*'Output-Calculation-sheet'!G27 -> 0 | H21: =H10/'Output-Calculation-sheet'!H9*'Output-Calculation-sheet'!H27 -> 2665.9192 | I21: =I10/'Output-Calculation-sheet'!I9*'Output-Calculation-sheet'!I27 -> 0 | ... Y21: =Y10/'Output-Calculation-sheet'!Y9*'Output-Calculation-sheet'!Y27 -> 0 | AA21: =SUM(B21:Y21)/1000 -> 23.156039
A22: 2034 | B22: =B11/'Output-Calculation-sheet'!B10*'Output-Calculation-sheet'!B28 -> 9386.7082 | C22: =C11/'Output-Calculation-sheet'!C10*'Output-Calculation-sheet'!C28 -> 7393.9059 | D22: =D11/'Output-Calculation-sheet'!D10*'Output-Calculation-sheet'!D28 -> 0 | E22: =E11/'Output-Calculation-sheet'!E10*'Output-Calculation-sheet'!E28 -> 0 | F22: =F11/'Output-Calculation-sheet'!F10*'Output-Calculation-sheet'!F28 -> 0 | G22: =G11/'Output-Calculation-sheet'!G10*'Output-Calculation-sheet'!G28 -> 0 | H22: =H11/'Output-Calculation-sheet'!H10*'Output-Calculation-sheet'!H28 -> 2624.0037 | I22: =I11/'Output-Calculation-sheet'!I10*'Output-Calculation-sheet'!I28 -> 0 | ... Y22: =Y11/'Output-Calculation-sheet'!Y10*'Output-Calculation-sheet'!Y28 -> 0 | AA22: =SUM(B22:Y22)/1000 -> 24.693706
A23: 2035 | B23: =B12/'Output-Calculation-sheet'!B11*'Output-Calculation-sheet'!B29 -> 11104.956 | C23: =C12/'Output-Calculation-sheet'!C11*'Output-Calculation-sheet'!C29 -> 6954.754 | D23: =D12/'Output-Calculation-sheet'!D11*'Output-Calculation-sheet'!D29 -> 0 | E23: =E12/'Output-Calculation-sheet'!E11*'Output-Calculation-sheet'!E29 -> 0 | F23: =F12/'Output-Calculation-sheet'!F11*'Output-Calculation-sheet'!F29 -> 0 | G23: =G12/'Output-Calculation-sheet'!G11*'Output-Calculation-sheet'!G29 -> 0 | H23: =H12/'Output-Calculation-sheet'!H11*'Output-Calculation-sheet'!H29 -> 2463.7667 | I23: =I12/'Output-Calculation-sheet'!I11*'Output-Calculation-sheet'!I29 -> 0 | ... Y23: =Y12/'Output-Calculation-sheet'!Y11*'Output-Calculation-sheet'!Y29 -> 0 | AA23: =SUM(B23:Y23)/1000 -> 25.758106
A25: Wind Capacity (MW) | AA25: Total Wind Capacity (GW)
A27: 2028 | B27: =B5/'Output-Calculation-sheet'!B4*'Output-Calculation-sheet'!B13 -> 13305.667 | C27: =C5/'Output-Calculation-sheet'!C4*'Output-Calculation-sheet'!C13 -> 0 | D27: =D5/'Output-Calculation-sheet'!D4*'Output-Calculation-sheet'!D13 -> 2902.2952 | E27: =E5/'Output-Calculation-sheet'!E4*'Output-Calculation-sheet'!E13 -> 3605.5767 | F27: =F5/'Output-Calculation-sheet'!F4*'Output-Calculation-sheet'!F13 -> 1775.837 | G27: =G5/'Output-Calculation-sheet'!G4*'Output-Calculation-sheet'!G13 -> 1079.9332 | H27: =H5/'Output-Calculation-sheet'!H4*'Output-Calculation-sheet'!H13 -> 0 | I27: =I5/'Output-Calculation-sheet'!I4*'Output-Calculation-sheet'!I13 -> 1013.3489 | ... Y27: =Y5/'Output-Calculation-sheet'!Y4*'Output-Calculation-sheet'!Y13 -> 107.0101 | AA27: =SUM(B27:Y27)/1000 -> 32.036963
A28: 2029 | B28: =B6/'Output-Calculation-sheet'!B5*'Output-Calculation-sheet'!B14 -> 17672.309 | C28: =C6/'Output-Calculation-sheet'!C5*'Output-Calculation-sheet'!C14 -> 0 | D28: =D6/'Output-Calculation-sheet'!D5*'Output-Calculation-sheet'!D14 -> 3892.6613 | E28: =E6/'Output-Calculation-sheet'!E5*'Output-Calculation-sheet'!E14 -> 4870.796 | F28: =F6/'Output-Calculation-sheet'!F5*'Output-Calculation-sheet'!F14 -> 2383.4512 | G28: =G6/'Output-Calculation-sheet'!G5*'Output-Calculation-sheet'!G14 -> 1449.6761 | H28: =H6/'Output-Calculation-sheet'!H5*'Output-Calculation-sheet'!H14 -> 0 | I28: =I6/'Output-Calculation-sheet'!I5*'Output-Calculation-sheet'!I14 -> 1361.6503 | ... Y28: =Y6/'Output-Calculation-sheet'!Y5*'Output-Calculation-sheet'!Y14 -> 143.80595 | AA28: =SUM(B28:Y28)/1000 -> 42.838626
A29: 2030 | B29: =B7/'Output-Calculation-sheet'!B6*'Output-Calculation-sheet'!B15 -> 21633.143 | C29: =C7/'Output-Calculation-sheet'!C6*'Output-Calculation-sheet'!C15 -> 0 | D29: =D7/'Output-Calculation-sheet'!D6*'Output-Calculation-sheet'!D15 -> 4796.3002 | E29: =E7/'Output-Calculation-sheet'!E6*'Output-Calculation-sheet'!E15 -> 6010.9474 | F29: =F7/'Output-Calculation-sheet'!F6*'Output-Calculation-sheet'!F15 -> 2932.0866 | G29: =G7/'Output-Calculation-sheet'!G6*'Output-Calculation-sheet'!G15 -> 1785.7898 | H29: =H7/'Output-Calculation-sheet'!H6*'Output-Calculation-sheet'!H15 -> 0 | I29: =I7/'Output-Calculation-sheet'!I6*'Output-Calculation-sheet'!I15 -> 1679.2189 | ... Y29: =Y7/'Output-Calculation-sheet'!Y6*'Output-Calculation-sheet'!Y15 -> 178.18355 | AA29: =SUM(B29:Y29)/1000 -> 52.678388
A30: 2031 | B30: =B8/'Output-Calculation-sheet'!B7*'Output-Calculation-sheet'!B16 -> 24271.079 | C30: =C8/'Output-Calculation-sheet'!C7*'Output-Calculation-sheet'!C16 -> 0 | D30: =D8/'Output-Calculation-sheet'!D7*'Output-Calculation-sheet'!D16 -> 5468.0402 | E30: =E8/'Output-Calculation-sheet'!E7*'Output-Calculation-sheet'!E16 -> 6852.3279 | F30: =F8/'Output-Calculation-sheet'!F7*'Output-Calculation-sheet'!F16 -> 3346.6763 | G30: =G8/'Output-Calculation-sheet'!G7*'Output-Calculation-sheet'!G16 -> 2039.4211 | H30: =H8/'Output-Calculation-sheet'!H7*'Output-Calculation-sheet'!H16 -> 0 | I30: =I8/'Output-Calculation-sheet'!I7*'Output-Calculation-sheet'!I16 -> 1919.8632 | ... Y30: =Y8/'Output-Calculation-sheet'!Y7*'Output-Calculation-sheet'!Y16 -> 203.34154 | AA30: =SUM(B30:Y30)/1000 -> 59.599097
A31: 2032 | B31: =B9/'Output-Calculation-sheet'!B8*'Output-Calculation-sheet'!B17 -> 25317.584 | C31: =C9/'Output-Calculation-sheet'!C8*'Output-Calculation-sheet'!C17 -> 0 | D31: =D9/'Output-Calculation-sheet'!D8*'Output-Calculation-sheet'!D17 -> 5794.6724 | E31: =E9/'Output-Calculation-sheet'!E8*'Output-Calculation-sheet'!E17 -> 7278.8741 | F31: =F9/'Output-Calculation-sheet'!F8*'Output-Calculation-sheet'!F17 -> 3551.5019 | G31: =G9/'Output-Calculation-sheet'!G8*'Output-Calculation-sheet'!G17 -> 2161.8942 | H31: =H9/'Output-Calculation-sheet'!H8*'Output-Calculation-sheet'!H17 -> 0 | I31: =I9/'Output-Calculation-sheet'!I8*'Output-Calculation-sheet'!I17 -> 2034.1382 | ... Y31: =Y9/'Output-Calculation-sheet'!Y8*'Output-Calculation-sheet'!Y17 -> 215.48914 | AA31: =SUM(B31:Y31)/1000 -> 62.707507
A32: 2033 | B32: =B10/'Output-Calculation-sheet'!B9*'Output-Calculation-sheet'!B18 -> 25081.511 | C32: =C10/'Output-Calculation-sheet'!C9*'Output-Calculation-sheet'!C18 -> 0 | D32: =D10/'Output-Calculation-sheet'!D9*'Output-Calculation-sheet'!D18 -> 5867.8551 | E32: =E10/'Output-Calculation-sheet'!E9*'Output-Calculation-sheet'!E18 -> 7380.1055 | F32: =F10/'Output-Calculation-sheet'!F9*'Output-Calculation-sheet'!F18 -> 3594.5276 | G32: =G10/'Output-Calculation-sheet'!G9*'Output-Calculation-sheet'!G18 -> 2186.8589 | H32: =H10/'Output-Calculation-sheet'!H9*'Output-Calculation-sheet'!H18 -> 0 | I32: =I10/'Output-Calculation-sheet'!I9*'Output-Calculation-sheet'!I18 -> 2060.7293 | ... Y32: =Y10/'Output-Calculation-sheet'!Y9*'Output-Calculation-sheet'!Y18 -> 218.3461 | AA32: =SUM(B32:Y32)/1000 -> 62.88059
A33: 2034 | B33: =B11/'Output-Calculation-sheet'!B10*'Output-Calculation-sheet'!B19 -> 23537.883 | C33: =C11/'Output-Calculation-sheet'!C10*'Output-Calculation-sheet'!C19 -> 0 | D33: =D11/'Output-Calculation-sheet'!D10*'Output-Calculation-sheet'!D19 -> 5668.6022 | E33: =E11/'Output-Calculation-sheet'!E10*'Output-Calculation-sheet'!E19 -> 7135.2086 | F33: =F11/'Output-Calculation-sheet'!F10*'Output-Calculation-sheet'!F19 -> 3473.327 | G33: =G11/'Output-Calculation-sheet'!G10*'Output-Calculation-sheet'!G19 -> 2108.4549 | H33: =H11/'Output-Calculation-sheet'!H10*'Output-Calculation-sheet'!H19 -> 0 | I33: =I11/'Output-Calculation-sheet'!I10*'Output-Calculation-sheet'!I19 -> 1992.59 | ... Y33: =Y11/'Output-Calculation-sheet'!Y10*'Output-Calculation-sheet'!Y19 -> 211.47068 | AA33: =SUM(B33:Y33)/1000 -> 60.021977
A34: 2035 | B34: =B12/'Output-Calculation-sheet'!B11*'Output-Calculation-sheet'!B20 -> 20716.974 | C34: =C12/'Output-Calculation-sheet'!C11*'Output-Calculation-sheet'!C20 -> 0 | D34: =D12/'Output-Calculation-sheet'!D11*'Output-Calculation-sheet'!D20 -> 5219.0339 | E34: =E12/'Output-Calculation-sheet'!E11*'Output-Calculation-sheet'!E20 -> 6569.4427 | F34: =F12/'Output-Calculation-sheet'!F11*'Output-Calculation-sheet'!F20 -> 3192.5781 | G34: =G12/'Output-Calculation-sheet'!G11*'Output-Calculation-sheet'!G20 -> 1944.6064 | H34: =H12/'Output-Calculation-sheet'!H11*'Output-Calculation-sheet'!H20 -> 0 | I34: =I12/'Output-Calculation-sheet'!I11*'Output-Calculation-sheet'!I20 -> 1834.1429 | ... Y34: =Y12/'Output-Calculation-sheet'!Y11*'Output-Calculation-sheet'!Y20 -> 194.50151 | AA34: =SUM(B34:Y34)/1000 -> 54.224292
A36: DAC Capacity (ktCO2/yr) | AA36: Total DAC Capacity (ktCO2/yr)
A38: 2028 | B38: =B5/'Output-Calculation-sheet'!B4*'Output-Calculation-sheet'!B31*0.0114 -> 0 | C38: =C5/'Output-Calculation-sheet'!C4*'Output-Calculation-sheet'!C31*0.0114 -> 0 | D38: =D5/'Output-Calculation-sheet'!D4*'Output-Calculation-sheet'!D31*0.0114 -> 0 | E38: =E5/'Output-Calculation-sheet'!E4*'Output-Calculation-sheet'!E31*0.0114 -> 0 | F38: =F5/'Output-Calculation-sheet'!F4*'Output-Calculation-sheet'!F31*0.0114 -> 0 | G38: =G5/'Output-Calculation-sheet'!G4*'Output-Calculation-sheet'!G31*0.0114 -> 0 | H38: =H5/'Output-Calculation-sheet'!H4*'Output-Calculation-sheet'!H31*0.0114 -> 0 | I38: =I5/'Output-Calculation-sheet'!I4*'Output-Calculation-sheet'!I31*0.0114 -> 0 | ... Y38: =Y5/'Output-Calculation-sheet'!Y4*'Output-Calculation-sheet'!Y31*0.0114 -> 0 | AA38: =SUM(B38:Y38) -> 0
A39: 2029 | B39: =B6/'Output-Calculation-sheet'!B5*'Output-Calculation-sheet'!B32*0.0114 -> 0 | C39: =C6/'Output-Calculation-sheet'!C5*'Output-Calculation-sheet'!C32*0.0114 -> 0 | D39: =D6/'Output-Calculation-sheet'!D5*'Output-Calculation-sheet'!D32*0.0114 -> 0 | E39: =E6/'Output-Calculation-sheet'!E5*'Output-Calculation-sheet'!E32*0.0114 -> 0 | F39: =F6/'Output-Calculation-sheet'!F5*'Output-Calculation-sheet'!F32*0.0114 -> 0 | G39: =G6/'Output-Calculation-sheet'!G5*'Output-Calculation-sheet'!G32*0.0114 -> 0 | H39: =H6/'Output-Calculation-sheet'!H5*'Output-Calculation-sheet'!H32*0.0114 -> 0 | I39: =I6/'Output-Calculation-sheet'!I5*'Output-Calculation-sheet'!I32*0.0114 -> 0 | ... Y39: =Y6/'Output-Calculation-sheet'!Y5*'Output-Calculation-sheet'!Y32*0.0114 -> 0 | AA39: =SUM(B39:Y39) -> 0
A40: 2030 | B40: =B7/'Output-Calculation-sheet'!B6*'Output-Calculation-sheet'!B33*0.0114 -> 0 | C40: =C7/'Output-Calculation-sheet'!C6*'Output-Calculation-sheet'!C33*0.0114 -> 0 | D40: =D7/'Output-Calculation-sheet'!D6*'Output-Calculation-sheet'!D33*0.0114 -> 0 | E40: =E7/'Output-Calculation-sheet'!E6*'Output-Calculation-sheet'!E33*0.0114 -> 0 | F40: =F7/'Output-Calculation-sheet'!F6*'Output-Calculation-sheet'!F33*0.0114 -> 0 | G40: =G7/'Output-Calculation-sheet'!G6*'Output-Calculation-sheet'!G33*0.0114 -> 0 | H40: =H7/'Output-Calculation-sheet'!H6*'Output-Calculation-sheet'!H33*0.0114 -> 0 | I40: =I7/'Output-Calculation-sheet'!I6*'Output-Calculation-sheet'!I33*0.0114 -> 0 | ... Y40: =Y7/'Output-Calculation-sheet'!Y6*'Output-Calculation-sheet'!Y33*0.0114 -> 0 | AA40: =SUM(B40:Y40) -> 0
A41: 2031 | B41: =B8/'Output-Calculation-sheet'!B7*'Output-Calculation-sheet'!B34*0.0114 -> 0 | C41: =C8/'Output-Calculation-sheet'!C7*'Output-Calculation-sheet'!C34*0.0114 -> 0 | D41: =D8/'Output-Calculation-sheet'!D7*'Output-Calculation-sheet'!D34*0.0114 -> 0 | E41: =E8/'Output-Calculation-sheet'!E7*'Output-Calculation-sheet'!E34*0.0114 -> 0 | F41: =F8/'Output-Calculation-sheet'!F7*'Output-Calculation-sheet'!F34*0.0114 -> 0 | G41: =G8/'Output-Calculation-sheet'!G7*'Output-Calculation-sheet'!G34*0.0114 -> 0 | H41: =H8/'Output-Calculation-sheet'!H7*'Output-Calculation-sheet'!H34*0.0114 -> 0 | I41: =I8/'Output-Calculation-sheet'!I7*'Output-Calculation-sheet'!I34*0.0114 -> 0 | ... Y41: =Y8/'Output-Calculation-sheet'!Y7*'Output-Calculation-sheet'!Y34*0.0114 -> 0 | AA41: =SUM(B41:Y41) -> 0
A42: 2032 | B42: =B9/'Output-Calculation-sheet'!B8*'Output-Calculation-sheet'!B35*0.0114 -> 0 | C42: =C9/'Output-Calculation-sheet'!C8*'Output-Calculation-sheet'!C35*0.0114 -> 0 | D42: =D9/'Output-Calculation-sheet'!D8*'Output-Calculation-sheet'!D35*0.0114 -> 0 | E42: =E9/'Output-Calculation-sheet'!E8*'Output-Calculation-sheet'!E35*0.0114 -> 0 | F42: =F9/'Output-Calculation-sheet'!F8*'Output-Calculation-sheet'!F35*0.0114 -> 0 | G42: =G9/'Output-Calculation-sheet'!G8*'Output-Calculation-sheet'!G35*0.0114 -> 0 | H42: =H9/'Output-Calculation-sheet'!H8*'Output-Calculation-sheet'!H35*0.0114 -> 0 | I42: =I9/'Output-Calculation-sheet'!I8*'Output-Calculation-sheet'!I35*0.0114 -> 0 | ... Y42: =Y9/'Output-Calculation-sheet'!Y8*'Output-Calculation-sheet'!Y35*0.0114 -> 0 | AA42: =SUM(B42:Y42) -> 0
A43: 2033 | B43: =B10/'Output-Calculation-sheet'!B9*'Output-Calculation-sheet'!B36*0.0114 -> 0 | C43: =C10/'Output-Calculation-sheet'!C9*'Output-Calculation-sheet'!C36*0.0114 -> 0 | D43: =D10/'Output-Calculation-sheet'!D9*'Output-Calculation-sheet'!D36*0.0114 -> 0 | E43: =E10/'Output-Calculation-sheet'!E9*'Output-Calculation-sheet'!E36*0.0114 -> 0 | F43: =F10/'Output-Calculation-sheet'!F9*'Output-Calculation-sheet'!F36*0.0114 -> 0 | G43: =G10/'Output-Calculation-sheet'!G9*'Output-Calculation-sheet'!G36*0.0114 -> 0 | H43: =H10/'Output-Calculation-sheet'!H9*'Output-Calculation-sheet'!H36*0.0114 -> 0 | I43: =I10/'Output-Calculation-sheet'!I9*'Output-Calculation-sheet'!I36*0.0114 -> 0 | ... Y43: =Y10/'Output-Calculation-sheet'!Y9*'Output-Calculation-sheet'!Y36*0.0114 -> 0 | AA43: =SUM(B43:Y43) -> 0
A44: 2034 | B44: =B11/'Output-Calculation-sheet'!B10*'Output-Calculation-sheet'!B37*0.0114 -> 0 | C44: =C11/'Output-Calculation-sheet'!C10*'Output-Calculation-sheet'!C37*0.0114 -> 0 | D44: =D11/'Output-Calculation-sheet'!D10*'Output-Calculation-sheet'!D37*0.0114 -> 0 | E44: =E11/'Output-Calculation-sheet'!E10*'Output-Calculation-sheet'!E37*0.0114 -> 0 | F44: =F11/'Output-Calculation-sheet'!F10*'Output-Calculation-sheet'!F37*0.0114 -> 0 | G44: =G11/'Output-Calculation-sheet'!G10*'Output-Calculation-sheet'!G37*0.0114 -> 0 | H44: =H11/'Output-Calculation-sheet'!H10*'Output-Calculation-sheet'!H37*0.0114 -> 0 | I44: =I11/'Output-Calculation-sheet'!I10*'Output-Calculation-sheet'!I37*0.0114 -> 0 | ... Y44: =Y11/'Output-Calculation-sheet'!Y10*'Output-Calculation-sheet'!Y37*0.0114 -> 0 | AA44: =SUM(B44:Y44) -> 0
A45: 2035 | B45: =B12/'Output-Calculation-sheet'!B11*'Output-Calculation-sheet'!B38*0.0114 -> 0 | C45: =C12/'Output-Calculation-sheet'!C11*'Output-Calculation-sheet'!C38*0.0114 -> 0 | D45: =D12/'Output-Calculation-sheet'!D11*'Output-Calculation-sheet'!D38*0.0114 -> 0 | E45: =E12/'Output-Calculation-sheet'!E11*'Output-Calculation-sheet'!E38*0.0114 -> 0 | F45: =F12/'Output-Calculation-sheet'!F11*'Output-Calculation-sheet'!F38*0.0114 -> 0 | G45: =G12/'Output-Calculation-sheet'!G11*'Output-Calculation-sheet'!G38*0.0114 -> 0 | H45: =H12/'Output-Calculation-sheet'!H11*'Output-Calculation-sheet'!H38*0.0114 -> 0 | I45: =I12/'Output-Calculation-sheet'!I11*'Output-Calculation-sheet'!I38*0.0114 -> 0 | ... Y45: =Y12/'Output-Calculation-sheet'!Y11*'Output-Calculation-sheet'!Y38*0.0114 -> 0 | AA45: =SUM(B45:Y45) -> 0
A47: Battery Storage Capacity (MWh) | AA47: Total Battery Storage Capacity (GWh)
A49: 2028 | B49: =B5/'Output-Calculation-sheet'!B4*'Output-Calculation-sheet'!B40 -> 0 | C49: =C5/'Output-Calculation-sheet'!C4*'Output-Calculation-sheet'!C40 -> 0 | D49: =D5/'Output-Calculation-sheet'!D4*'Output-Calculation-sheet'!D40 -> 0 | E49: =E5/'Output-Calculation-sheet'!E4*'Output-Calculation-sheet'!E40 -> 0 | F49: =F5/'Output-Calculation-sheet'!F4*'Output-Calculation-sheet'!F40 -> 0 | G49: =G5/'Output-Calculation-sheet'!G4*'Output-Calculation-sheet'!G40 -> 0 | H49: =H5/'Output-Calculation-sheet'!H4*'Output-Calculation-sheet'!H40 -> 0 | I49: =I5/'Output-Calculation-sheet'!I4*'Output-Calculation-sheet'!I40 -> 0 | ... Y49: =Y5/'Output-Calculation-sheet'!Y4*'Output-Calculation-sheet'!Y40 -> 0 | AA49: =SUM(B49:Y49)/1000 -> 0.38252506
A50: 2029 | B50: =B6/'Output-Calculation-sheet'!B5*'Output-Calculation-sheet'!B41 -> 0 | C50: =C6/'Output-Calculation-sheet'!C5*'Output-Calculation-sheet'!C41 -> 0 | D50: =D6/'Output-Calculation-sheet'!D5*'Output-Calculation-sheet'!D41 -> 0 | E50: =E6/'Output-Calculation-sheet'!E5*'Output-Calculation-sheet'!E41 -> 0 | F50: =F6/'Output-Calculation-sheet'!F5*'Output-Calculation-sheet'!F41 -> 0 | G50: =G6/'Output-Calculation-sheet'!G5*'Output-Calculation-sheet'!G41 -> 0 | H50: =H6/'Output-Calculation-sheet'!H5*'Output-Calculation-sheet'!H41 -> 0 | I50: =I6/'Output-Calculation-sheet'!I5*'Output-Calculation-sheet'!I41 -> 0 | ... Y50: =Y6/'Output-Calculation-sheet'!Y5*'Output-Calculation-sheet'!Y41 -> 0 | AA50: =SUM(B50:Y50)/1000 -> 0.63122548
A51: 2030 | B51: =B7/'Output-Calculation-sheet'!B6*'Output-Calculation-sheet'!B42 -> 0 | C51: =C7/'Output-Calculation-sheet'!C6*'Output-Calculation-sheet'!C42 -> 0 | D51: =D7/'Output-Calculation-sheet'!D6*'Output-Calculation-sheet'!D42 -> 0 | E51: =E7/'Output-Calculation-sheet'!E6*'Output-Calculation-sheet'!E42 -> 0 | F51: =F7/'Output-Calculation-sheet'!F6*'Output-Calculation-sheet'!F42 -> 0 | G51: =G7/'Output-Calculation-sheet'!G6*'Output-Calculation-sheet'!G42 -> 0 | H51: =H7/'Output-Calculation-sheet'!H6*'Output-Calculation-sheet'!H42 -> 0 | I51: =I7/'Output-Calculation-sheet'!I6*'Output-Calculation-sheet'!I42 -> 0 | ... Y51: =Y7/'Output-Calculation-sheet'!Y6*'Output-Calculation-sheet'!Y42 -> 0 | AA51: =SUM(B51:Y51)/1000 -> 1.3298355
A52: 2031 | B52: =B8/'Output-Calculation-sheet'!B7*'Output-Calculation-sheet'!B43 -> 0 | C52: =C8/'Output-Calculation-sheet'!C7*'Output-Calculation-sheet'!C43 -> 0 | D52: =D8/'Output-Calculation-sheet'!D7*'Output-Calculation-sheet'!D43 -> 0 | E52: =E8/'Output-Calculation-sheet'!E7*'Output-Calculation-sheet'!E43 -> 0 | F52: =F8/'Output-Calculation-sheet'!F7*'Output-Calculation-sheet'!F43 -> 0 | G52: =G8/'Output-Calculation-sheet'!G7*'Output-Calculation-sheet'!G43 -> 138.69273 | H52: =H8/'Output-Calculation-sheet'!H7*'Output-Calculation-sheet'!H43 -> 0 | I52: =I8/'Output-Calculation-sheet'!I7*'Output-Calculation-sheet'!I43 -> 0 | ... Y52: =Y8/'Output-Calculation-sheet'!Y7*'Output-Calculation-sheet'!Y43 -> 0 | AA52: =SUM(B52:Y52)/1000 -> 2.0565292
A53: 2032 | B53: =B9/'Output-Calculation-sheet'!B8*'Output-Calculation-sheet'!B44 -> 1552.1547 | C53: =C9/'Output-Calculation-sheet'!C8*'Output-Calculation-sheet'!C44 -> 0 | D53: =D9/'Output-Calculation-sheet'!D8*'Output-Calculation-sheet'!D44 -> 0 | E53: =E9/'Output-Calculation-sheet'!E8*'Output-Calculation-sheet'!E44 -> 0 | F53: =F9/'Output-Calculation-sheet'!F8*'Output-Calculation-sheet'!F44 -> 0 | G53: =G9/'Output-Calculation-sheet'!G8*'Output-Calculation-sheet'!G44 -> 292.61842 | H53: =H9/'Output-Calculation-sheet'!H8*'Output-Calculation-sheet'!H44 -> 0 | I53: =I9/'Output-Calculation-sheet'!I8*'Output-Calculation-sheet'!I44 -> 0 | ... Y53: =Y9/'Output-Calculation-sheet'!Y8*'Output-Calculation-sheet'!Y44 -> 0 | AA53: =SUM(B53:Y53)/1000 -> 4.2502949
A54: 2033 | B54: =B10/'Output-Calculation-sheet'!B9*'Output-Calculation-sheet'!B45 -> 4688.279 | C54: =C10/'Output-Calculation-sheet'!C9*'Output-Calculation-sheet'!C45 -> 0 | D54: =D10/'Output-Calculation-sheet'!D9*'Output-Calculation-sheet'!D45 -> 0 | E54: =E10/'Output-Calculation-sheet'!E9*'Output-Calculation-sheet'!E45 -> 0 | F54: =F10/'Output-Calculation-sheet'!F9*'Output-Calculation-sheet'!F45 -> 0 | G54: =G10/'Output-Calculation-sheet'!G9*'Output-Calculation-sheet'!G45 -> 412.4648 | H54: =H10/'Output-Calculation-sheet'!H9*'Output-Calculation-sheet'!H45 -> 0 | I54: =I10/'Output-Calculation-sheet'!I9*'Output-Calculation-sheet'!I45 -> 0 | ... Y54: =Y10/'Output-Calculation-sheet'!Y9*'Output-Calculation-sheet'!Y45 -> 0 | AA54: =SUM(B54:Y54)/1000 -> 8.2652056
A55: 2034 | B55: =B11/'Output-Calculation-sheet'!B10*'Output-Calculation-sheet'!B46 -> 8078.8705 | C55: =C11/'Output-Calculation-sheet'!C10*'Output-Calculation-sheet'!C46 -> 0 | D55: =D11/'Output-Calculation-sheet'!D10*'Output-Calculation-sheet'!D46 -> 0 | E55: =E11/'Output-Calculation-sheet'!E10*'Output-Calculation-sheet'!E46 -> 0 | F55: =F11/'Output-Calculation-sheet'!F10*'Output-Calculation-sheet'!F46 -> 0 | G55: =G11/'Output-Calculation-sheet'!G10*'Output-Calculation-sheet'!G46 -> 538.38437 | H55: =H11/'Output-Calculation-sheet'!H10*'Output-Calculation-sheet'!H46 -> 0 | I55: =I11/'Output-Calculation-sheet'!I10*'Output-Calculation-sheet'!I46 -> 0 | ... Y55: =Y11/'Output-Calculation-sheet'!Y10*'Output-Calculation-sheet'!Y46 -> 0 | AA55: =SUM(B55:Y55)/1000 -> 12.403749
A56: 2035 | B56: =B12/'Output-Calculation-sheet'!B11*'Output-Calculation-sheet'!B47 -> 16162.166 | C56: =C12/'Output-Calculation-sheet'!C11*'Output-Calculation-sheet'!C47 -> 0 | D56: =D12/'Output-Calculation-sheet'!D11*'Output-Calculation-sheet'!D47 -> 0 | E56: =E12/'Output-Calculation-sheet'!E11*'Output-Calculation-sheet'!E47 -> 0 | F56: =F12/'Output-Calculation-sheet'!F11*'Output-Calculation-sheet'!F47 -> 0 | G56: =G12/'Output-Calculation-sheet'!G11*'Output-Calculation-sheet'!G47 -> 596.42549 | H56: =H12/'Output-Calculation-sheet'!H11*'Output-Calculation-sheet'!H47 -> 0 | I56: =I12/'Output-Calculation-sheet'!I11*'Output-Calculation-sheet'!I47 -> 0 | ... Y56: =Y12/'Output-Calculation-sheet'!Y11*'Output-Calculation-sheet'!Y47 -> 0 | AA56: =SUM(B56:Y56)/1000 -> 20.932728
A58: Total cost of energy ($bn) | AA58: Total cost of energy ($bn)
A60: 2028 | B60: =B5*'Output-Calculation-sheet'!B49/10^9 -> 3.7345051 | C60: =C5*'Output-Calculation-sheet'!C49/10^9 -> 1.8831893 | D60: =D5*'Output-Calculation-sheet'!D49/10^9 -> 0.6606565 | E60: =E5*'Output-Calculation-sheet'!E49/10^9 -> 0.85004531 | F60: =F5*'Output-Calculation-sheet'!F49/10^9 -> 0.35510841 | G60: =G5*'Output-Calculation-sheet'!G49/10^9 -> 0.25371903 | H60: =H5*'Output-Calculation-sheet'!H49/10^9 -> 0.49037652 | I60: =I5*'Output-Calculation-sheet'!I49/10^9 -> 0.22768337 | ... Y60: =Y5*'Output-Calculation-sheet'!Y49/10^9 -> 0.026793844 | AA60: =SUM(B60:Y60) -> 11.461555
A61: 2029 | B61: =B6*'Output-Calculation-sheet'!B50/10^9 -> 4.9169182 | C61: =C6*'Output-Calculation-sheet'!C50/10^9 -> 2.4869108 | D61: =D6*'Output-Calculation-sheet'!D50/10^9 -> 0.86955428 | E61: =E6*'Output-Calculation-sheet'!E50/10^9 -> 1.1191721 | F61: =F6*'Output-Calculation-sheet'!F50/10^9 -> 0.46672824 | G61: =G6*'Output-Calculation-sheet'!G50/10^9 -> 0.33404789 | H61: =H6*'Output-Calculation-sheet'!H50/10^9 -> 0.64667923 | I61: =I6*'Output-Calculation-sheet'!I50/10^9 -> 0.29963057 | ... Y61: =Y6*'Output-Calculation-sheet'!Y50/10^9 -> 0.035298011 | AA61: =SUM(B61:Y61) -> 15.10281
A62: 2030 | B62: =B7*'Output-Calculation-sheet'!B51/10^9 -> 5.9408138 | C62: =C7*'Output-Calculation-sheet'!C51/10^9 -> 3.0143887 | D62: =D7*'Output-Calculation-sheet'!D51/10^9 -> 1.0505657 | E62: =E7*'Output-Calculation-sheet'!E51/10^9 -> 1.352517 | F62: =F7*'Output-Calculation-sheet'!F51/10^9 -> 0.56306098 | G62: =G7*'Output-Calculation-sheet'!G51/10^9 -> 0.40371169 | H62: =H7*'Output-Calculation-sheet'!H51/10^9 -> 0.78275088 | I62: =I7*'Output-Calculation-sheet'!I51/10^9 -> 0.3619421 | ... Y62: =Y7*'Output-Calculation-sheet'!Y51/10^9 -> 0.042684255 | AA62: =SUM(B62:Y62) -> 18.261445
A63: 2031 | B63: =B8*'Output-Calculation-sheet'!B52/10^9 -> 6.6971798 | C63: =C8*'Output-Calculation-sheet'!C52/10^9 -> 3.3946449 | D63: =D8*'Output-Calculation-sheet'!D52/10^9 -> 1.1859007 | E63: =E8*'Output-Calculation-sheet'!E52/10^9 -> 1.5269523 | F63: =F8*'Output-Calculation-sheet'!F52/10^9 -> 0.63513935 | G63: =G8*'Output-Calculation-sheet'!G52/10^9 -> 0.45572759 | H63: =H8*'Output-Calculation-sheet'!H52/10^9 -> 0.88033184 | I63: =I8*'Output-Calculation-sheet'!I52/10^9 -> 0.40853063 | ... Y63: =Y8*'Output-Calculation-sheet'!Y52/10^9 -> 0.048203537 | AA63: =SUM(B63:Y63) -> 20.587412
A64: 2032 | B64: =B9*'Output-Calculation-sheet'!B53/10^9 -> 7.0162855 | C64: =C9*'Output-Calculation-sheet'!C53/10^9 -> 3.5532104 | D64: =D9*'Output-Calculation-sheet'!D53/10^9 -> 1.2446394 | E64: =E9*'Output-Calculation-sheet'!E53/10^9 -> 1.6027919 | F64: =F9*'Output-Calculation-sheet'!F53/10^9 -> 0.66610634 | G64: =G9*'Output-Calculation-sheet'!G53/10^9 -> 0.47819775 | H64: =H9*'Output-Calculation-sheet'!H53/10^9 -> 0.92031842 | I64: =I9*'Output-Calculation-sheet'!I53/10^9 -> 0.42872351 | ... Y64: =Y9*'Output-Calculation-sheet'!Y53/10^9 -> 0.050613248 | AA64: =SUM(B64:Y64) -> 21.573439
A65: 2033 | B65: =B10*'Output-Calculation-sheet'!B54/10^9 -> 7.0092579 | C65: =C10*'Output-Calculation-sheet'!C54/10^9 -> 3.5485438 | D65: =D10*'Output-Calculation-sheet'!D54/10^9 -> 1.2466751 | E65: =E10*'Output-Calculation-sheet'!E54/10^9 -> 1.6056202 | F65: =F10*'Output-Calculation-sheet'!F54/10^9 -> 0.66669789 | G65: =G10*'Output-Calculation-sheet'!G54/10^9 -> 0.47877117 | H65: =H10*'Output-Calculation-sheet'!H54/10^9 -> 0.9180022 | I65: =I10*'Output-Calculation-sheet'!I54/10^9 -> 0.42938433 | ... Y65: =Y10*'Output-Calculation-sheet'!Y54/10^9 -> 0.050718571 | AA65: =SUM(B65:Y65) -> 21.56659
A66: 2034 | B66: =B11*'Output-Calculation-sheet'!B55/10^9 -> 6.6809708 | C66: =C11*'Output-Calculation-sheet'!C55/10^9 -> 3.3842602 | D66: =D11*'Output-Calculation-sheet'!D55/10^9 -> 1.1927897 | E66: =E11*'Output-Calculation-sheet'!E55/10^9 -> 1.5364063 | F66: =F11*'Output-Calculation-sheet'!F55/10^9 -> 0.63739578 | G66: =G11*'Output-Calculation-sheet'!G55/10^9 -> 0.45779846 | H66: =H11*'Output-Calculation-sheet'!H55/10^9 -> 0.87446451 | I66: =I11*'Output-Calculation-sheet'!I55/10^9 -> 0.41078192 | ... Y66: =Y11*'Output-Calculation-sheet'!Y55/10^9 -> 0.048547758 | AA66: =SUM(B66:Y66) -> 20.583619
A67: 2035 | B67: =B12*'Output-Calculation-sheet'!B56/10^9 -> 6.048222 | C67: =C12*'Output-Calculation-sheet'!C56/10^9 -> 3.0700429 | D67: =D12*'Output-Calculation-sheet'!D56/10^9 -> 1.0858262 | E67: =E12*'Output-Calculation-sheet'!E56/10^9 -> 1.3987957 | F67: =F12*'Output-Calculation-sheet'!F56/10^9 -> 0.57978989 | G67: =G12*'Output-Calculation-sheet'!G56/10^9 -> 0.41640363 | H67: =H12*'Output-Calculation-sheet'!H56/10^9 -> 0.79233326 | I67: =I12*'Output-Calculation-sheet'!I56/10^9 -> 0.37390347 | ... Y67: =Y12*'Output-Calculation-sheet'!Y56/10^9 -> 0.044213955 | AA67: =SUM(B67:Y67) -> 18.678264
B68: =SUM(B60:B67) -> 48.044153 | C68: =SUM(C60:C67) -> 24.335191 | D68: =SUM(D60:D67) -> 8.5366077 | E68: =SUM(E60:E67) -> 10.992301 | F68: =SUM(F60:F67) -> 4.5700269 | G68: =SUM(G60:G67) -> 3.2783772 | H68: =SUM(H60:H67) -> 6.3052569 | I68: =SUM(I60:I67) -> 2.9405799 | ... Y68: =SUM(Y60:Y67) -> 0.34707318
A69: Battery Interface Capacity (MW) | AA69: Total Battery Interface Capacity (GW)
A71: 2028 | B71: =B5/'Output-Calculation-sheet'!B4*'Output-Calculation-sheet'!B58 -> 0 | C71: =C5/'Output-Calculation-sheet'!C4*'Output-Calculation-sheet'!C58 -> 0 | D71: =D5/'Output-Calculation-sheet'!D4*'Output-Calculation-sheet'!D58 -> 0 | E71: =E5/'Output-Calculation-sheet'!E4*'Output-Calculation-sheet'!E58 -> 0 | F71: =F5/'Output-Calculation-sheet'!F4*'Output-Calculation-sheet'!F58 -> 0 | G71: =G5/'Output-Calculation-sheet'!G4*'Output-Calculation-sheet'!G58 -> 0 | H71: =H5/'Output-Calculation-sheet'!H4*'Output-Calculation-sheet'!H58 -> 0 | I71: =I5/'Output-Calculation-sheet'!I4*'Output-Calculation-sheet'!I58 -> 0 | ... Y71: =Y5/'Output-Calculation-sheet'!Y4*'Output-Calculation-sheet'!Y58 -> 0 | AA71: =SUM(B71:Y71)/1000 -> 0.086251763
A72: 2029 | B72: =B6/'Output-Calculation-sheet'!B5*'Output-Calculation-sheet'!B59 -> 0 | C72: =C6/'Output-Calculation-sheet'!C5*'Output-Calculation-sheet'!C59 -> 0 | D72: =D6/'Output-Calculation-sheet'!D5*'Output-Calculation-sheet'!D59 -> 0 | E72: =E6/'Output-Calculation-sheet'!E5*'Output-Calculation-sheet'!E59 -> 0 | F72: =F6/'Output-Calculation-sheet'!F5*'Output-Calculation-sheet'!F59 -> 0 | G72: =G6/'Output-Calculation-sheet'!G5*'Output-Calculation-sheet'!G59 -> 0 | H72: =H6/'Output-Calculation-sheet'!H5*'Output-Calculation-sheet'!H59 -> 0 | I72: =I6/'Output-Calculation-sheet'!I5*'Output-Calculation-sheet'!I59 -> 0 | ... Y72: =Y6/'Output-Calculation-sheet'!Y5*'Output-Calculation-sheet'!Y59 -> 0 | AA72: =SUM(B72:Y72)/1000 -> 0.14703574
A73: 2030 | B73: =B7/'Output-Calculation-sheet'!B6*'Output-Calculation-sheet'!B60 -> 0 | C73: =C7/'Output-Calculation-sheet'!C6*'Output-Calculation-sheet'!C60 -> 0 | D73: =D7/'Output-Calculation-sheet'!D6*'Output-Calculation-sheet'!D60 -> 0 | E73: =E7/'Output-Calculation-sheet'!E6*'Output-Calculation-sheet'!E60 -> 0 | F73: =F7/'Output-Calculation-sheet'!F6*'Output-Calculation-sheet'!F60 -> 0 | G73: =G7/'Output-Calculation-sheet'!G6*'Output-Calculation-sheet'!G60 -> 0 | H73: =H7/'Output-Calculation-sheet'!H6*'Output-Calculation-sheet'!H60 -> 0 | I73: =I7/'Output-Calculation-sheet'!I6*'Output-Calculation-sheet'!I60 -> 0 | ... Y73: =Y7/'Output-Calculation-sheet'!Y6*'Output-Calculation-sheet'!Y60 -> 0 | AA73: =SUM(B73:Y73)/1000 -> 0.34984501
A74: 2031 | B74: =B8/'Output-Calculation-sheet'!B7*'Output-Calculation-sheet'!B61 -> 0 | C74: =C8/'Output-Calculation-sheet'!C7*'Output-Calculation-sheet'!C61 -> 0 | D74: =D8/'Output-Calculation-sheet'!D7*'Output-Calculation-sheet'!D61 -> 0 | E74: =E8/'Output-Calculation-sheet'!E7*'Output-Calculation-sheet'!E61 -> 0 | F74: =F8/'Output-Calculation-sheet'!F7*'Output-Calculation-sheet'!F61 -> 0 | G74: =G8/'Output-Calculation-sheet'!G7*'Output-Calculation-sheet'!G61 -> 50.817015 | H74: =H8/'Output-Calculation-sheet'!H7*'Output-Calculation-sheet'!H61 -> 0 | I74: =I8/'Output-Calculation-sheet'!I7*'Output-Calculation-sheet'!I61 -> 0 | ... Y74: =Y8/'Output-Calculation-sheet'!Y7*'Output-Calculation-sheet'!Y61 -> 0 | AA74: =SUM(B74:Y74)/1000 -> 0.5762708
A75: 2032 | B75: =B9/'Output-Calculation-sheet'!B8*'Output-Calculation-sheet'!B62 -> 528.50868 | C75: =C9/'Output-Calculation-sheet'!C8*'Output-Calculation-sheet'!C62 -> 0 | D75: =D9/'Output-Calculation-sheet'!D8*'Output-Calculation-sheet'!D62 -> 0 | E75: =E9/'Output-Calculation-sheet'!E8*'Output-Calculation-sheet'!E62 -> 0 | F75: =F9/'Output-Calculation-sheet'!F8*'Output-Calculation-sheet'!F62 -> 0 | G75: =G9/'Output-Calculation-sheet'!G8*'Output-Calculation-sheet'!G62 -> 107.18613 | H75: =H9/'Output-Calculation-sheet'!H8*'Output-Calculation-sheet'!H62 -> 0 | I75: =I9/'Output-Calculation-sheet'!I8*'Output-Calculation-sheet'!I62 -> 0 | ... Y75: =Y9/'Output-Calculation-sheet'!Y8*'Output-Calculation-sheet'!Y62 -> 0 | AA75: =SUM(B75:Y75)/1000 -> 1.2903596
A76: 2033 | B76: =B10/'Output-Calculation-sheet'!B9*'Output-Calculation-sheet'!B63 -> 1287.9093 | C76: =C10/'Output-Calculation-sheet'!C9*'Output-Calculation-sheet'!C63 -> 0 | D76: =D10/'Output-Calculation-sheet'!D9*'Output-Calculation-sheet'!D63 -> 0 | E76: =E10/'Output-Calculation-sheet'!E9*'Output-Calculation-sheet'!E63 -> 0 | F76: =F10/'Output-Calculation-sheet'!F9*'Output-Calculation-sheet'!F63 -> 0 | G76: =G10/'Output-Calculation-sheet'!G9*'Output-Calculation-sheet'!G63 -> 151.07996 | H76: =H10/'Output-Calculation-sheet'!H9*'Output-Calculation-sheet'!H63 -> 0 | I76: =I10/'Output-Calculation-sheet'!I9*'Output-Calculation-sheet'!I63 -> 0 | ... Y76: =Y10/'Output-Calculation-sheet'!Y9*'Output-Calculation-sheet'!Y63 -> 0 | AA76: =SUM(B76:Y76)/1000 -> 2.3072953
A77: 2034 | B77: =B11/'Output-Calculation-sheet'!B10*'Output-Calculation-sheet'!B64 -> 2070.4454 | C77: =C11/'Output-Calculation-sheet'!C10*'Output-Calculation-sheet'!C64 -> 0 | D77: =D11/'Output-Calculation-sheet'!D10*'Output-Calculation-sheet'!D64 -> 0 | E77: =E11/'Output-Calculation-sheet'!E10*'Output-Calculation-sheet'!E64 -> 0 | F77: =F11/'Output-Calculation-sheet'!F10*'Output-Calculation-sheet'!F64 -> 0 | G77: =G11/'Output-Calculation-sheet'!G10*'Output-Calculation-sheet'!G64 -> 197.21869 | H77: =H11/'Output-Calculation-sheet'!H10*'Output-Calculation-sheet'!H64 -> 0 | I77: =I11/'Output-Calculation-sheet'!I10*'Output-Calculation-sheet'!I64 -> 0 | ... Y77: =Y11/'Output-Calculation-sheet'!Y10*'Output-Calculation-sheet'!Y64 -> 0 | AA77: =SUM(B77:Y77)/1000 -> 3.2908886
A78: 2035 | B78: =B12/'Output-Calculation-sheet'!B11*'Output-Calculation-sheet'!B65 -> 3334.7363 | C78: =C12/'Output-Calculation-sheet'!C11*'Output-Calculation-sheet'!C65 -> 0 | D78: =D12/'Output-Calculation-sheet'!D11*'Output-Calculation-sheet'!D65 -> 0 | E78: =E12/'Output-Calculation-sheet'!E11*'Output-Calculation-sheet'!E65 -> 0 | F78: =F12/'Output-Calculation-sheet'!F11*'Output-Calculation-sheet'!F65 -> 0 | G78: =G12/'Output-Calculation-sheet'!G11*'Output-Calculation-sheet'!G65 -> 215.64671 | H78: =H12/'Output-Calculation-sheet'!H11*'Output-Calculation-sheet'!H65 -> 0 | I78: =I12/'Output-Calculation-sheet'!I11*'Output-Calculation-sheet'!I65 -> 0 | ... Y78: =Y12/'Output-Calculation-sheet'!Y11*'Output-Calculation-sheet'!Y65 -> 0 | AA78: =SUM(B78:Y78)/1000 -> 4.6619455
A80: Heat Pump Capacity (MW) | AA80: Total Heat Pump Capacity (GW)
A82: 2028 | B82: =B5/'Output-Calculation-sheet'!B4*'Output-Calculation-sheet'!B67 -> 0 | C82: =C5/'Output-Calculation-sheet'!C4*'Output-Calculation-sheet'!C67 -> 0 | D82: =D5/'Output-Calculation-sheet'!D4*'Output-Calculation-sheet'!D67 -> 0 | E82: =E5/'Output-Calculation-sheet'!E4*'Output-Calculation-sheet'!E67 -> 0 | F82: =F5/'Output-Calculation-sheet'!F4*'Output-Calculation-sheet'!F67 -> 0 | G82: =G5/'Output-Calculation-sheet'!G4*'Output-Calculation-sheet'!G67 -> 0 | H82: =H5/'Output-Calculation-sheet'!H4*'Output-Calculation-sheet'!H67 -> 0 | I82: =I5/'Output-Calculation-sheet'!I4*'Output-Calculation-sheet'!I67 -> 0 | ... Y82: =Y5/'Output-Calculation-sheet'!Y4*'Output-Calculation-sheet'!Y67 -> 0 | AA82: =SUM(B82:Y82)/1000 -> 0
A83: 2029 | B83: =B6/'Output-Calculation-sheet'!B5*'Output-Calculation-sheet'!B68 -> 0 | C83: =C6/'Output-Calculation-sheet'!C5*'Output-Calculation-sheet'!C68 -> 0 | D83: =D6/'Output-Calculation-sheet'!D5*'Output-Calculation-sheet'!D68 -> 0 | E83: =E6/'Output-Calculation-sheet'!E5*'Output-Calculation-sheet'!E68 -> 0 | F83: =F6/'Output-Calculation-sheet'!F5*'Output-Calculation-sheet'!F68 -> 0 | G83: =G6/'Output-Calculation-sheet'!G5*'Output-Calculation-sheet'!G68 -> 0 | H83: =H6/'Output-Calculation-sheet'!H5*'Output-Calculation-sheet'!H68 -> 0 | I83: =I6/'Output-Calculation-sheet'!I5*'Output-Calculation-sheet'!I68 -> 0 | ... Y83: =Y6/'Output-Calculation-sheet'!Y5*'Output-Calculation-sheet'!Y68 -> 0 | AA83: =SUM(B83:Y83)/1000 -> 0
A84: 2030 | B84: =B7/'Output-Calculation-sheet'!B6*'Output-Calculation-sheet'!B69 -> 0 | C84: =C7/'Output-Calculation-sheet'!C6*'Output-Calculation-sheet'!C69 -> 0 | D84: =D7/'Output-Calculation-sheet'!D6*'Output-Calculation-sheet'!D69 -> 0 | E84: =E7/'Output-Calculation-sheet'!E6*'Output-Calculation-sheet'!E69 -> 0 | F84: =F7/'Output-Calculation-sheet'!F6*'Output-Calculation-sheet'!F69 -> 0 | G84: =G7/'Output-Calculation-sheet'!G6*'Output-Calculation-sheet'!G69 -> 0 | H84: =H7/'Output-Calculation-sheet'!H6*'Output-Calculation-sheet'!H69 -> 0 | I84: =I7/'Output-Calculation-sheet'!I6*'Output-Calculation-sheet'!I69 -> 0 | ... Y84: =Y7/'Output-Calculation-sheet'!Y6*'Output-Calculation-sheet'!Y69 -> 0 | AA84: =SUM(B84:Y84)/1000 -> 0
A85: 2031 | B85: =B8/'Output-Calculation-sheet'!B7*'Output-Calculation-sheet'!B70 -> 0 | C85: =C8/'Output-Calculation-sheet'!C7*'Output-Calculation-sheet'!C70 -> 0 | D85: =D8/'Output-Calculation-sheet'!D7*'Output-Calculation-sheet'!D70 -> 0 | E85: =E8/'Output-Calculation-sheet'!E7*'Output-Calculation-sheet'!E70 -> 0 | F85: =F8/'Output-Calculation-sheet'!F7*'Output-Calculation-sheet'!F70 -> 0 | G85: =G8/'Output-Calculation-sheet'!G7*'Output-Calculation-sheet'!G70 -> 0 | H85: =H8/'Output-Calculation-sheet'!H7*'Output-Calculation-sheet'!H70 -> 0 | I85: =I8/'Output-Calculation-sheet'!I7*'Output-Calculation-sheet'!I70 -> 0 | ... Y85: =Y8/'Output-Calculation-sheet'!Y7*'Output-Calculation-sheet'!Y70 -> 0 | AA85: =SUM(B85:Y85)/1000 -> 0
A86: 2032 | B86: =B9/'Output-Calculation-sheet'!B8*'Output-Calculation-sheet'!B71 -> 0 | C86: =C9/'Output-Calculation-sheet'!C8*'Output-Calculation-sheet'!C71 -> 0 | D86: =D9/'Output-Calculation-sheet'!D8*'Output-Calculation-sheet'!D71 -> 0 | E86: =E9/'Output-Calculation-sheet'!E8*'Output-Calculation-sheet'!E71 -> 0 | F86: =F9/'Output-Calculation-sheet'!F8*'Output-Calculation-sheet'!F71 -> 0 | G86: =G9/'Output-Calculation-sheet'!G8*'Output-Calculation-sheet'!G71 -> 0 | H86: =H9/'Output-Calculation-sheet'!H8*'Output-Calculation-sheet'!H71 -> 0 | I86: =I9/'Output-Calculation-sheet'!I8*'Output-Calculation-sheet'!I71 -> 0 | ... Y86: =Y9/'Output-Calculation-sheet'!Y8*'Output-Calculation-sheet'!Y71 -> 0 | AA86: =SUM(B86:Y86)/1000 -> 0
A87: 2033 | B87: =B10/'Output-Calculation-sheet'!B9*'Output-Calculation-sheet'!B72 -> 0 | C87: =C10/'Output-Calculation-sheet'!C9*'Output-Calculation-sheet'!C72 -> 0 | D87: =D10/'Output-Calculation-sheet'!D9*'Output-Calculation-sheet'!D72 -> 0 | E87: =E10/'Output-Calculation-sheet'!E9*'Output-Calculation-sheet'!E72 -> 0 | F87: =F10/'Output-Calculation-sheet'!F9*'Output-Calculation-sheet'!F72 -> 0 | G87: =G10/'Output-Calculation-sheet'!G9*'Output-Calculation-sheet'!G72 -> 0 | H87: =H10/'Output-Calculation-sheet'!H9*'Output-Calculation-sheet'!H72 -> 0 | I87: =I10/'Output-Calculation-sheet'!I9*'Output-Calculation-sheet'!I72 -> 0 | ... Y87: =Y10/'Output-Calculation-sheet'!Y9*'Output-Calculation-sheet'!Y72 -> 0 | AA87: =SUM(B87:Y87)/1000 -> 0
A88: 2034 | B88: =B11/'Output-Calculation-sheet'!B10*'Output-Calculation-sheet'!B73 -> 0 | C88: =C11/'Output-Calculation-sheet'!C10*'Output-Calculation-sheet'!C73 -> 0 | D88: =D11/'Output-Calculation-sheet'!D10*'Output-Calculation-sheet'!D73 -> 0 | E88: =E11/'Output-Calculation-sheet'!E10*'Output-Calculation-sheet'!E73 -> 0 | F88: =F11/'Output-Calculation-sheet'!F10*'Output-Calculation-sheet'!F73 -> 0 | G88: =G11/'Output-Calculation-sheet'!G10*'Output-Calculation-sheet'!G73 -> 0 | H88: =H11/'Output-Calculation-sheet'!H10*'Output-Calculation-sheet'!H73 -> 0 | I88: =I11/'Output-Calculation-sheet'!I10*'Output-Calculation-sheet'!I73 -> 0 | ... Y88: =Y11/'Output-Calculation-sheet'!Y10*'Output-Calculation-sheet'!Y73 -> 0 | AA88: =SUM(B88:Y88)/1000 -> 0
A89: 2035 | B89: =B12/'Output-Calculation-sheet'!B11*'Output-Calculation-sheet'!B74 -> 0 | C89: =C12/'Output-Calculation-sheet'!C11*'Output-Calculation-sheet'!C74 -> 0 | D89: =D12/'Output-Calculation-sheet'!D11*'Output-Calculation-sheet'!D74 -> 0 | E89: =E12/'Output-Calculation-sheet'!E11*'Output-Calculation-sheet'!E74 -> 0 | F89: =F12/'Output-Calculation-sheet'!F11*'Output-Calculation-sheet'!F74 -> 0 | G89: =G12/'Output-Calculation-sheet'!G11*'Output-Calculation-sheet'!G74 -> 0 | H89: =H12/'Output-Calculation-sheet'!H11*'Output-Calculation-sheet'!H74 -> 0 | I89: =I12/'Output-Calculation-sheet'!I11*'Output-Calculation-sheet'!I74 -> 0 | ... Y89: =Y12/'Output-Calculation-sheet'!Y11*'Output-Calculation-sheet'!Y74 -> 0 | AA89: =SUM(B89:Y89)/1000 -> 0
A91: Emissions avoided (kgCO2) | AA91: Total avoided emissions (GtCO2)
A93: 2028 | B93: =B5/'Output-Calculation-sheet'!B4*'Output-Calculation-sheet'!B76 -> 8.0969135e+09 | C93: =C5/'Output-Calculation-sheet'!C4*'Output-Calculation-sheet'!C76 -> 9.1749737e+08 | D93: =D5/'Output-Calculation-sheet'!D4*'Output-Calculation-sheet'!D76 -> 3.7377558e+09 | E93: =E5/'Output-Calculation-sheet'!E4*'Output-Calculation-sheet'!E76 -> 5.989623e+09 | F93: =F5/'Output-Calculation-sheet'!F4*'Output-Calculation-sheet'!F76 -> 2.8076421e+09 | G93: =G5/'Output-Calculation-sheet'!G4*'Output-Calculation-sheet'!G76 -> 2.1239937e+09 | H93: =H5/'Output-Calculation-sheet'!H4*'Output-Calculation-sheet'!H76 -> 5.8419184e+08 | I93: =I5/'Output-Calculation-sheet'!I4*'Output-Calculation-sheet'!I76 -> 1.4199823e+09 | ... Y93: =Y5/'Output-Calculation-sheet'!Y4*'Output-Calculation-sheet'!Y76 -> 1.9655606e+08 | AA93: =SUM(B93:Y93)/10^9 -> 34.366875
A94: 2029 | B94: =B6/'Output-Calculation-sheet'!B5*'Output-Calculation-sheet'!B77 -> 1.0678721e+10 | C94: =C6/'Output-Calculation-sheet'!C5*'Output-Calculation-sheet'!C77 -> 1.2371531e+09 | D94: =D6/'Output-Calculation-sheet'!D5*'Output-Calculation-sheet'!D77 -> 4.8918885e+09 | E94: =E6/'Output-Calculation-sheet'!E5*'Output-Calculation-sheet'!E77 -> 7.9921113e+09 | F94: =F6/'Output-Calculation-sheet'!F5*'Output-Calculation-sheet'!F77 -> 3.6720686e+09 | G94: =G6/'Output-Calculation-sheet'!G5*'Output-Calculation-sheet'!G77 -> 2.8146753e+09 | H94: =H6/'Output-Calculation-sheet'!H5*'Output-Calculation-sheet'!H77 -> 7.8221395e+08 | I94: =I6/'Output-Calculation-sheet'!I5*'Output-Calculation-sheet'!I77 -> 1.8537093e+09 | ... Y94: =Y6/'Output-Calculation-sheet'!Y5*'Output-Calculation-sheet'!Y77 -> 2.6218436e+08 | AA94: =SUM(B94:Y94)/10^9 -> 45.425441
A95: 2030 | B95: =B7/'Output-Calculation-sheet'!B6*'Output-Calculation-sheet'!B78 -> 1.290317e+10 | C95: =C7/'Output-Calculation-sheet'!C6*'Output-Calculation-sheet'!C78 -> 1.5323549e+09 | D95: =D7/'Output-Calculation-sheet'!D6*'Output-Calculation-sheet'!D78 -> 5.8782284e+09 | E95: =E7/'Output-Calculation-sheet'!E6*'Output-Calculation-sheet'!E78 -> 9.7709067e+09 | F95: =F7/'Output-Calculation-sheet'!F6*'Output-Calculation-sheet'!F78 -> 4.4031274e+09 | G95: =G7/'Output-Calculation-sheet'!G6*'Output-Calculation-sheet'!G78 -> 3.4233318e+09 | H95: =H7/'Output-Calculation-sheet'!H6*'Output-Calculation-sheet'!H78 -> 9.5968761e+08 | I95: =I7/'Output-Calculation-sheet'!I6*'Output-Calculation-sheet'!I78 -> 2.2200865e+09 | ... Y95: =Y7/'Output-Calculation-sheet'!Y6*'Output-Calculation-sheet'!Y78 -> 3.216391e+08 | AA95: =SUM(B95:Y95)/10^9 -> 55.274382
A96: 2031 | B96: =B8/'Output-Calculation-sheet'!B7*'Output-Calculation-sheet'!B79 -> 1.4705553e+10 | C96: =C8/'Output-Calculation-sheet'!C7*'Output-Calculation-sheet'!C79 -> 1.8100978e+09 | D96: =D8/'Output-Calculation-sheet'!D7*'Output-Calculation-sheet'!D79 -> 6.4101107e+09 | E96: =E8/'Output-Calculation-sheet'!E7*'Output-Calculation-sheet'!E79 -> 1.0959841e+10 | F96: =F8/'Output-Calculation-sheet'!F7*'Output-Calculation-sheet'!F79 -> 4.9322941e+09 | G96: =G8/'Output-Calculation-sheet'!G7*'Output-Calculation-sheet'!G79 -> 3.7463014e+09 | H96: =H8/'Output-Calculation-sheet'!H7*'Output-Calculation-sheet'!H79 -> 1.0899269e+09 | I96: =I8/'Output-Calculation-sheet'!I7*'Output-Calculation-sheet'!I79 -> 2.5129174e+09 | ... Y96: =Y8/'Output-Calculation-sheet'!Y7*'Output-Calculation-sheet'!Y79 -> 3.5767429e+08 | AA96: =SUM(B96:Y96)/10^9 -> 62.035893
A97: 2032 | B97: =B9/'Output-Calculation-sheet'!B8*'Output-Calculation-sheet'!B80 -> 1.5719309e+10 | C97: =C9/'Output-Calculation-sheet'!C8*'Output-Calculation-sheet'!C80 -> 1.9748679e+09 | D97: =D9/'Output-Calculation-sheet'!D8*'Output-Calculation-sheet'!D80 -> 6.5042186e+09 | E97: =E9/'Output-Calculation-sheet'!E8*'Output-Calculation-sheet'!E80 -> 1.1451363e+10 | F97: =F9/'Output-Calculation-sheet'!F8*'Output-Calculation-sheet'!F80 -> 5.1415946e+09 | G97: =G9/'Output-Calculation-sheet'!G8*'Output-Calculation-sheet'!G80 -> 3.8057104e+09 | H97: =H9/'Output-Calculation-sheet'!H8*'Output-Calculation-sheet'!H80 -> 1.1531548e+09 | I97: =I9/'Output-Calculation-sheet'!I8*'Output-Calculation-sheet'!I80 -> 2.6433374e+09 | ... Y97: =Y9/'Output-Calculation-sheet'!Y8*'Output-Calculation-sheet'!Y80 -> 3.6935875e+08 | AA97: =SUM(B97:Y97)/10^9 -> 64.900343
A98: 2033 | B98: =B10/'Output-Calculation-sheet'!B9*'Output-Calculation-sheet'!B81 -> 1.6177778e+10 | C98: =C10/'Output-Calculation-sheet'!C9*'Output-Calculation-sheet'!C81 -> 2.0399792e+09 | D98: =D10/'Output-Calculation-sheet'!D9*'Output-Calculation-sheet'!D81 -> 6.3050352e+09 | E98: =E10/'Output-Calculation-sheet'!E9*'Output-Calculation-sheet'!E81 -> 1.142547e+10 | F98: =F10/'Output-Calculation-sheet'!F9*'Output-Calculation-sheet'!F81 -> 5.1180701e+09 | G98: =G10/'Output-Calculation-sheet'!G9*'Output-Calculation-sheet'!G81 -> 3.6826154e+09 | H98: =H10/'Output-Calculation-sheet'!H9*'Output-Calculation-sheet'!H81 -> 1.1615925e+09 | I98: =I10/'Output-Calculation-sheet'!I9*'Output-Calculation-sheet'!I81 -> 2.6572109e+09 | ... Y98: =Y10/'Output-Calculation-sheet'!Y9*'Output-Calculation-sheet'!Y81 -> 3.6405993e+08 | AA98: =SUM(B98:Y98)/10^9 -> 65.009417
A99: 2034 | B99: =B11/'Output-Calculation-sheet'!B10*'Output-Calculation-sheet'!B82 -> 1.5891456e+10 | C99: =C11/'Output-Calculation-sheet'!C10*'Output-Calculation-sheet'!C82 -> 2.017624e+09 | D99: =D11/'Output-Calculation-sheet'!D10*'Output-Calculation-sheet'!D82 -> 5.8400679e+09 | E99: =E11/'Output-Calculation-sheet'!E10*'Output-Calculation-sheet'!E82 -> 1.0888119e+10 | F99: =F11/'Output-Calculation-sheet'!F10*'Output-Calculation-sheet'!F82 -> 4.8694053e+09 | G99: =G11/'Output-Calculation-sheet'!G10*'Output-Calculation-sheet'!G82 -> 3.4002968e+09 | H99: =H11/'Output-Calculation-sheet'!H10*'Output-Calculation-sheet'!H82 -> 1.1195735e+09 | I99: =I11/'Output-Calculation-sheet'!I10*'Output-Calculation-sheet'!I82 -> 2.5523462e+09 | ... Y99: =Y11/'Output-Calculation-sheet'!Y10*'Output-Calculation-sheet'!Y82 -> 3.4263605e+08 | AA99: =SUM(B99:Y99)/10^9 -> 62.251393
A100: 2035 | B100: =B12/'Output-Calculation-sheet'!B11*'Output-Calculation-sheet'!B83 -> 1.5149328e+10 | C100: =C12/'Output-Calculation-sheet'!C11*'Output-Calculation-sheet'!C83 -> 1.8919707e+09 | D100: =D12/'Output-Calculation-sheet'!D11*'Output-Calculation-sheet'!D83 -> 5.1538266e+09 | E100: =E12/'Output-Calculation-sheet'!E11*'Output-Calculation-sheet'!E83 -> 9.8809704e+09 | F100: =F12/'Output-Calculation-sheet'!F11*'Output-Calculation-sheet'!F83 -> 4.4109378e+09 | G100: =G12/'Output-Calculation-sheet'!G11*'Output-Calculation-sheet'!G83 -> 2.9865228e+09 | H100: =H12/'Output-Calculation-sheet'!H11*'Output-Calculation-sheet'!H83 -> 1.0286204e+09 | I100: =I12/'Output-Calculation-sheet'!I11*'Output-Calculation-sheet'!I83 -> 2.334405e+09 | ... Y100: =Y12/'Output-Calculation-sheet'!Y11*'Output-Calculation-sheet'!Y83 -> 3.0637927e+08 | AA100: =SUM(B100:Y100)/10^9 -> 57.059101

Sheet Peak 2035-Nominal-Medium
A1: Country | B1: Virginia | C1: Oregon | D1: Iowa | E1: Ohio | F1: Texas | G1: Nebraska | H1: Georgia | I1: Oklahoma | J1: Illinois | K1: New Mexico | L1: New York | M1: Alabama | N1: Tennessee | O1: Washington | P1: Utah | Q1: South Carolina | R1: Arizona | S1: North Carolina | T1: Colorado | U1: Nevada | V1: California | W1: Wyoming | X1: Pennsylvania | Y1: Missouri
A3: Year
A5: 2028 | B5: 5.115808e+10 | C5: 2.4108262e+10 | D5: 2.1486979e+10 | E5: 1.7047737e+10 | F5: 1.097424e+10 | G5: 7.7108023e+09 | H5: 7.5215916e+09 | I5: 7.0251479e+09 | J5: 6.8377937e+09 | K5: 6.7722425e+09 | L5: 5.432781e+09 | M5: 5.1892426e+09 | N5: 5.0932266e+09 | O5: 4.6842562e+09 | P5: 4.6365976e+09 | Q5: 4.5616627e+09 | R5: 4.3885293e+09 | S5: 2.9168414e+09 | T5: 1.6131856e+09 | U5: 1.4050296e+09 | V5: 1.0819009e+09 | W5: 9.3668638e+08 | X5: 5.6201183e+08 | Y5: 5.4655088e+08
A6: 2029 | B6: 6.8020613e+10 | C6: 3.2054736e+10 | D6: 2.8569435e+10 | E6: 2.2666948e+10 | F6: 1.4591528e+10 | G6: 1.0252408e+10 | H6: 1.000083e+10 | I6: 9.3407506e+09 | J6: 9.0916415e+09 | K6: 9.0044835e+09 | L6: 7.2235138e+09 | M6: 6.8997011e+09 | N6: 6.7720367e+09 | O6: 6.228263e+09 | P6: 6.1648954e+09 | Q6: 6.0652607e+09 | R6: 5.8350598e+09 | S6: 3.8782796e+09 | T6: 2.1449178e+09 | U6: 1.8681501e+09 | V6: 1.4385129e+09 | W6: 1.2454334e+09 | X6: 7.4726004e+08 | Y6: 7.2670292e+08
A7: 2030 | B7: 8.3034356e+10 | C7: 3.9129967e+10 | D7: 3.4875379e+10 | E7: 2.7670074e+10 | F7: 1.781222e+10 | G7: 1.2515354e+10 | H7: 1.2208248e+10 | I7: 1.1402473e+10 | J7: 1.109838e+10 | K7: 1.0991984e+10 | L7: 8.8179125e+09 | M7: 8.4226268e+09 | N7: 8.2667838e+09 | O7: 7.6029866e+09 | P7: 7.5256322e+09 | Q7: 7.4040058e+09 | R7: 7.1229942e+09 | S7: 4.7343068e+09 | T7: 2.6183514e+09 | U7: 2.2804946e+09 | V7: 1.7560265e+09 | W7: 1.5203297e+09 | X7: 9.1219784e+08 | Y7: 8.8710328e+08
A8: 2031 | B8: 9.5717262e+10 | C8: 4.510679e+10 | D8: 4.0202344e+10 | E8: 3.1896481e+10 | F8: 2.0532909e+10 | G8: 1.4426986e+10 | H8: 1.4072971e+10 | I8: 1.3144119e+10 | J8: 1.2793578e+10 | K8: 1.2670931e+10 | L8: 1.0164786e+10 | M8: 9.7091229e+09 | N8: 9.5294761e+09 | O8: 8.7642885e+09 | P8: 8.6751188e+09 | Q8: 8.5349149e+09 | R8: 8.2109807e+09 | S8: 5.4574384e+09 | T8: 3.0182859e+09 | U8: 2.6288239e+09 | V8: 2.024247e+09 | W8: 1.7525493e+09 | X8: 1.0515296e+09 | Y8: 1.022602e+09
A9: 2032 | B9: 1.0505162e+11 | C9: 4.9505608e+10 | D9: 4.412288e+10 | E9: 3.5007028e+10 | F9: 2.253528e+10 | G9: 1.5833906e+10 | H9: 1.5445368e+10 | I9: 1.4425935e+10 | J9: 1.4041209e+10 | K9: 1.3906601e+10 | L9: 1.1156056e+10 | M9: 1.0655957e+10 | N9: 1.0458791e+10 | O9: 9.6189826e+09 | P9: 9.521117e+09 | Q9: 9.3672404e+09 | R9: 9.0117161e+09 | S9: 5.9896482e+09 | T9: 3.3126294e+09 | U9: 2.885187e+09 | V9: 2.2216517e+09 | W9: 1.923458e+09 | X9: 1.1540748e+09 | Y9: 1.1223262e+09
A10: 2033 | B10: 1.1284456e+11 | C10: 5.3178034e+10 | D10: 4.7396004e+10 | E10: 3.760392e+10 | F10: 2.4206993e+10 | G10: 1.7008497e+10 | H10: 1.6591136e+10 | I10: 1.549608e+10 | J10: 1.5082814e+10 | K10: 1.4938221e+10 | L10: 1.1983635e+10 | M10: 1.1446438e+10 | N10: 1.1234646e+10 | O10: 1.0332538e+10 | P10: 1.0227413e+10 | Q10: 1.0062121e+10 | R10: 9.6802235e+09 | S10: 6.4339724e+09 | T10: 3.5583669e+09 | U10: 3.099216e+09 | V10: 2.3864583e+09 | W10: 2.066144e+09 | X10: 1.2396864e+09 | Y10: 1.2055826e+09
A11: 2034 | B11: 1.1962455e+11 | C11: 5.6373108e+10 | D11: 5.0243679e+10 | E11: 3.9863261e+10 | F11: 2.5661411e+10 | G11: 1.8030412e+10 | H11: 1.7587975e+10 | I11: 1.6427124e+10 | J11: 1.5989028e+10 | K11: 1.5835748e+10 | L11: 1.2703643e+10 | M11: 1.2134169e+10 | N11: 1.1909652e+10 | O11: 1.0953344e+10 | P11: 1.0841902e+10 | Q11: 1.0666679e+10 | R11: 1.0261836e+10 | S11: 6.8205421e+09 | T11: 3.7721628e+09 | U11: 3.2854249e+09 | V11: 2.5298429e+09 | W11: 2.1902833e+09 | X11: 1.31417e+09 | Y11: 1.2780171e+09
A12: 2035 | B12: 1.255454e+11 | C12: 5.9163311e+10 | D12: 5.2730504e+10 | E12: 4.1836304e+10 | F12: 2.693153e+10 | G12: 1.8922832e+10 | H12: 1.8458496e+10 | I12: 1.724019e+10 | J12: 1.678041e+10 | K12: 1.6619543e+10 | L12: 1.3332413e+10 | M12: 1.2734753e+10 | N12: 1.2499124e+10 | O12: 1.1495483e+10 | P12: 1.1378525e+10 | Q12: 1.119463e+10 | R12: 1.0769749e+10 | S12: 7.1581268e+09 | T12: 3.9588671e+09 | U12: 3.4480379e+09 | V12: 2.6550582e+09 | W12: 2.298692e+09 | X12: 1.3792152e+09 | Y12: 1.341273e+09
A14: Solar Capacity (MW) | AA14: Total Solar Capacity (GW)
A16: 2028 | B16: =B5/'Output-Calculation-sheet'!B4*'Output-Calculation-sheet'!B22 -> 1552.6591 | C16: =C5/'Output-Calculation-sheet'!C4*'Output-Calculation-sheet'!C22 -> 3193.017 | D16: =D5/'Output-Calculation-sheet'!D4*'Output-Calculation-sheet'!D22 -> 0 | E16: =E5/'Output-Calculation-sheet'!E4*'Output-Calculation-sheet'!E22 -> 0 | F16: =F5/'Output-Calculation-sheet'!F4*'Output-Calculation-sheet'!F22 -> 0 | G16: =G5/'Output-Calculation-sheet'!G4*'Output-Calculation-sheet'!G22 -> 0 | H16: =H5/'Output-Calculation-sheet'!H4*'Output-Calculation-sheet'!H22 -> 1213.5092 | I16: =I5/'Output-Calculation-sheet'!I4*'Output-Calculation-sheet'!I22 -> 0 | ... Y16: =Y5/'Output-Calculation-sheet'!Y4*'Output-Calculation-sheet'!Y22 -> 0 | AA16: =SUM(B16:Y16)/1000 -> 7.377627
A17: 2029 | B17: =B6/'Output-Calculation-sheet'!B5*'Output-Calculation-sheet'!B23 -> 2597.6152 | C17: =C6/'Output-Calculation-sheet'!C5*'Output-Calculation-sheet'!C23 -> 4386.2282 | D17: =D6/'Output-Calculation-sheet'!D5*'Output-Calculation-sheet'!D23 -> 0 | E17: =E6/'Output-Calculation-sheet'!E5*'Output-Calculation-sheet'!E23 -> 0 | F17: =F6/'Output-Calculation-sheet'!F5*'Output-Calculation-sheet'!F23 -> 0 | G17: =G6/'Output-Calculation-sheet'!G5*'Output-Calculation-sheet'!G23 -> 0 | H17: =H6/'Output-Calculation-sheet'!H5*'Output-Calculation-sheet'!H23 -> 1652.8098 | I17: =I6/'Output-Calculation-sheet'!I5*'Output-Calculation-sheet'!I23 -> 0 | ... Y17: =Y6/'Output-Calculation-sheet'!Y5*'Output-Calculation-sheet'!Y23 -> 0 | AA17: =SUM(B17:Y17)/1000 -> 10.690451
A18: 2030 | B18: =B7/'Output-Calculation-sheet'!B6*'Output-Calculation-sheet'!B24 -> 3679.4985 | C18: =C7/'Output-Calculation-sheet'!C6*'Output-Calculation-sheet'!C24 -> 5549.413 | D18: =D7/'Output-Calculation-sheet'!D6*'Output-Calculation-sheet'!D24 -> 0 | E18: =E7/'Output-Calculation-sheet'!E6*'Output-Calculation-sheet'!E24 -> 0 | F18: =F7/'Output-Calculation-sheet'!F6*'Output-Calculation-sheet'!F24 -> 0 | G18: =G7/'Output-Calculation-sheet'!G6*'Output-Calculation-sheet'!G24 -> 0 | H18: =H7/'Output-Calculation-sheet'!H6*'Output-Calculation-sheet'!H24 -> 2065.4187 | I18: =I7/'Output-Calculation-sheet'!I6*'Output-Calculation-sheet'!I24 -> 0 | ... Y18: =Y7/'Output-Calculation-sheet'!Y6*'Output-Calculation-sheet'!Y24 -> 0 | AA18: =SUM(B18:Y18)/1000 -> 14.784244
A19: 2031 | B19: =B8/'Output-Calculation-sheet'!B7*'Output-Calculation-sheet'!B25 -> 5014.3991 | C19: =C8/'Output-Calculation-sheet'!C7*'Output-Calculation-sheet'!C25 -> 6686.0029 | D19: =D8/'Output-Calculation-sheet'!D7*'Output-Calculation-sheet'!D25 -> 0 | E19: =E8/'Output-Calculation-sheet'!E7*'Output-Calculation-sheet'!E25 -> 0 | F19: =F8/'Output-Calculation-sheet'!F7*'Output-Calculation-sheet'!F25 -> 0 | G19: =G8/'Output-Calculation-sheet'!G7*'Output-Calculation-sheet'!G25 -> 0 | H19: =H8/'Output-Calculation-sheet'!H7*'Output-Calculation-sheet'!H25 -> 2436.1559 | I19: =I8/'Output-Calculation-sheet'!I7*'Output-Calculation-sheet'!I25 -> 0 | ... Y19: =Y8/'Output-Calculation-sheet'!Y7*'Output-Calculation-sheet'!Y25 -> 0 | AA19: =SUM(B19:Y19)/1000 -> 18.472826
A20: 2032 | B20: =B9/'Output-Calculation-sheet'!B8*'Output-Calculation-sheet'!B26 -> 6604.9457 | C20: =C9/'Output-Calculation-sheet'!C8*'Output-Calculation-sheet'!C26 -> 7612.7176 | D20: =D9/'Output-Calculation-sheet'!D8*'Output-Calculation-sheet'!D26 -> 0 | E20: =E9/'Output-Calculation-sheet'!E8*'Output-Calculation-sheet'!E26 -> 0 | F20: =F9/'Output-Calculation-sheet'!F8*'Output-Calculation-sheet'!F26 -> 0 | G20: =G9/'Output-Calculation-sheet'!G8*'Output-Calculation-sheet'!G26 -> 0 | H20: =H9/'Output-Calculation-sheet'!H8*'Output-Calculation-sheet'!H26 -> 2740.6107 | I20: =I9/'Output-Calculation-sheet'!I8*'Output-Calculation-sheet'!I26 -> 0 | ... Y20: =Y9/'Output-Calculation-sheet'!Y8*'Output-Calculation-sheet'!Y26 -> 0 | AA20: =SUM(B20:Y20)/1000 -> 22.021272
A21: 2033 | B21: =B10/'Output-Calculation-sheet'!B9*'Output-Calculation-sheet'!B27 -> 8928.7306 | C21: =C10/'Output-Calculation-sheet'!C9*'Output-Calculation-sheet'!C27 -> 8401.5198 | D21: =D10/'Output-Calculation-sheet'!D9*'Output-Calculation-sheet'!D27 -> 0 | E21: =E10/'Output-Calculation-sheet'!E9*'Output-Calculation-sheet'!E27 -> 0 | F21: =F10/'Output-Calculation-sheet'!F9*'Output-Calculation-sheet'!F27 -> 0 | G21: =G10/'Output-Calculation-sheet'!G9*'Output-Calculation-sheet'!G27 -> 0 | H21: =H10/'Output-Calculation-sheet'!H9*'Output-Calculation-sheet'!H27 -> 3006.5512 | I21: =I10/'Output-Calculation-sheet'!I9*'Output-Calculation-sheet'!I27 -> 0 | ... Y21: =Y10/'Output-Calculation-sheet'!Y9*'Output-Calculation-sheet'!Y27 -> 0 | AA21: =SUM(B21:Y21)/1000 -> 26.114752
A22: 2034 | B22: =B11/'Output-Calculation-sheet'!B10*'Output-Calculation-sheet'!B28 -> 11667.953 | C22: =C11/'Output-Calculation-sheet'!C10*'Output-Calculation-sheet'!C28 -> 9190.841 | D22: =D11/'Output-Calculation-sheet'!D10*'Output-Calculation-sheet'!D28 -> 0 | E22: =E11/'Output-Calculation-sheet'!E10*'Output-Calculation-sheet'!E28 -> 0 | F22: =F11/'Output-Calculation-sheet'!F10*'Output-Calculation-sheet'!F28 -> 0 | G22: =G11/'Output-Calculation-sheet'!G10*'Output-Calculation-sheet'!G28 -> 0 | H22: =H11/'Output-Calculation-sheet'!H10*'Output-Calculation-sheet'!H28 -> 3261.7133 | I22: =I11/'Output-Calculation-sheet'!I10*'Output-Calculation-sheet'!I28 -> 0 | ... Y22: =Y11/'Output-Calculation-sheet'!Y10*'Output-Calculation-sheet'!Y28 -> 0 | AA22: =SUM(B22:Y22)/1000 -> 30.694998
A23: 2035 | B23: =B12/'Output-Calculation-sheet'!B11*'Output-Calculation-sheet'!B29 -> 15830.3 | C23: =C12/'Output-Calculation-sheet'!C11*'Output-Calculation-sheet'!C29 -> 9914.1179 | D23: =D12/'Output-Calculation-sheet'!D11*'Output-Calculation-sheet'!D29 -> 0 | E23: =E12/'Output-Calculation-sheet'!E11*'Output-Calculation-sheet'!E29 -> 0 | F23: =F12/'Output-Calculation-sheet'!F11*'Output-Calculation-sheet'!F29 -> 0 | G23: =G12/'Output-Calculation-sheet'!G11*'Output-Calculation-sheet'!G29 -> 0 | H23: =H12/'Output-Calculation-sheet'!H11*'Output-Calculation-sheet'!H29 -> 3512.1406 | I23: =I12/'Output-Calculation-sheet'!I11*'Output-Calculation-sheet'!I29 -> 0 | ... Y23: =Y12/'Output-Calculation-sheet'!Y11*'Output-Calculation-sheet'!Y29 -> 0 | AA23: =SUM(B23:Y23)/1000 -> 36.718611
A25: Wind Capacity (MW) | AA25: Total Wind Capacity (GW)
A27: 2028 | B27: =B5/'Output-Calculation-sheet'!B4*'Output-Calculation-sheet'!B13 -> 13305.667 | C27: =C5/'Output-Calculation-sheet'!C4*'Output-Calculation-sheet'!C13 -> 0 | D27: =D5/'Output-Calculation-sheet'!D4*'Output-Calculation-sheet'!D13 -> 2902.2952 | E27: =E5/'Output-Calculation-sheet'!E4*'Output-Calculation-sheet'!E13 -> 3605.5767 | F27: =F5/'Output-Calculation-sheet'!F4*'Output-Calculation-sheet'!F13 -> 1775.837 | G27: =G5/'Output-Calculation-sheet'!G4*'Output-Calculation-sheet'!G13 -> 1079.9332 | H27: =H5/'Output-Calculation-sheet'!H4*'Output-Calculation-sheet'!H13 -> 0 | I27: =I5/'Output-Calculation-sheet'!I4*'Output-Calculation-sheet'!I13 -> 1013.3489 | ... Y27: =Y5/'Output-Calculation-sheet'!Y4*'Output-Calculation-sheet'!Y13 -> 107.0101 | AA27: =SUM(B27:Y27)/1000 -> 32.036963
A28: 2029 | B28: =B6/'Output-Calculation-sheet'!B5*'Output-Calculation-sheet'!B14 -> 17672.309 | C28: =C6/'Output-Calculation-sheet'!C5*'Output-Calculation-sheet'!C14 -> 0 | D28: =D6/'Output-Calculation-sheet'!D5*'Output-Calculation-sheet'!D14 -> 3892.6613 | E28: =E6/'Output-Calculation-sheet'!E5*'Output-Calculation-sheet'!E14 -> 4870.796 | F28: =F6/'Output-Calculation-sheet'!F5*'Output-Calculation-sheet'!F14 -> 2383.4512 | G28: =G6/'Output-Calculation-sheet'!G5*'Output-Calculation-sheet'!G14 -> 1449.6761 | H28: =H6/'Output-Calculation-sheet'!H5*'Output-Calculation-sheet'!H14 -> 0 | I28: =I6/'Output-Calculation-sheet'!I5*'Output-Calculation-sheet'!I14 -> 1361.6503 | ... Y28: =Y6/'Output-Calculation-sheet'!Y5*'Output-Calculation-sheet'!Y14 -> 143.80595 | AA28: =SUM(B28:Y28)/1000 -> 42.838626
A29: 2030 | B29: =B7/'Output-Calculation-sheet'!B6*'Output-Calculation-sheet'!B15 -> 21633.143 | C29: =C7/'Output-Calculation-sheet'!C6*'Output-Calculation-sheet'!C15 -> 0 | D29: =D7/'Output-Calculation-sheet'!D6*'Output-Calculation-sheet'!D15 -> 4796.3002 | E29: =E7/'Output-Calculation-sheet'!E6*'Output-Calculation-sheet'!E15 -> 6010.9474 | F29: =F7/'Output-Calculation-sheet'!F6*'Output-Calculation-sheet'!F15 -> 2932.0866 | G29: =G7/'Output-Calculation-sheet'!G6*'Output-Calculation-sheet'!G15 -> 1785.7898 | H29: =H7/'Output-Calculation-sheet'!H6*'Output-Calculation-sheet'!H15 -> 0 | I29: =I7/'Output-Calculation-sheet'!I6*'Output-Calculation-sheet'!I15 -> 1679.2189 | ... Y29: =Y7/'Output-Calculation-sheet'!Y6*'Output-Calculation-sheet'!Y15 -> 178.18355 | AA29: =SUM(B29:Y29)/1000 -> 52.678388
A30: 2031 | B30: =B8/'Output-Calculation-sheet'!B7*'Output-Calculation-sheet'!B16 -> 24660.14 | C30: =C8/'Output-Calculation-sheet'!C7*'Output-Calculation-sheet'!C16 -> 0 | D30: =D8/'Output-Calculation-sheet'!D7*'Output-Calculation-sheet'!D16 -> 5555.6917 | E30: =E8/'Output-Calculation-sheet'!E7*'Output-Calculation-sheet'!E16 -> 6962.1693 | F30: =F8/'Output-Calculation-sheet'!F7*'Output-Calculation-sheet'!F16 -> 3400.3228 | G30: =G8/'Output-Calculation-sheet'!G7*'Output-Calculation-sheet'!G16 -> 2072.1126 | H30: =H8/'Output-Calculation-sheet'!H7*'Output-Calculation-sheet'!H16 -> 0 | I30: =I8/'Output-Calculation-sheet'!I7*'Output-Calculation-sheet'!I16 -> 1950.6382 | ... Y30: =Y8/'Output-Calculation-sheet'!Y7*'Output-Calculation-sheet'!Y16 -> 206.60106 | AA30: =SUM(B30:Y30)/1000 -> 60.554458
A31: 2032 | B31: =B9/'Output-Calculation-sheet'!B8*'Output-Calculation-sheet'!B17 -> 26762.284 | C31: =C9/'Output-Calculation-sheet'!C8*'Output-Calculation-sheet'!C17 -> 0 | D31: =D9/'Output-Calculation-sheet'!D8*'Output-Calculation-sheet'!D17 -> 6125.3346 | E31: =E9/'Output-Calculation-sheet'!E8*'Output-Calculation-sheet'!E17 -> 7694.2295 | F31: =F9/'Output-Calculation-sheet'!F8*'Output-Calculation-sheet'!F17 -> 3754.1618 | G31: =G9/'Output-Calculation-sheet'!G8*'Output-Calculation-sheet'!G17 -> 2285.2587 | H31: =H9/'Output-Calculation-sheet'!H8*'Output-Calculation-sheet'!H17 -> 0 | I31: =I9/'Output-Calculation-sheet'!I8*'Output-Calculation-sheet'!I17 -> 2150.2125 | ... Y31: =Y9/'Output-Calculation-sheet'!Y8*'Output-Calculation-sheet'!Y17 -> 227.78563 | AA31: =SUM(B31:Y31)/1000 -> 66.285795
A32: 2033 | B32: =B10/'Output-Calculation-sheet'!B9*'Output-Calculation-sheet'!B18 -> 28286.247 | C32: =C10/'Output-Calculation-sheet'!C9*'Output-Calculation-sheet'!C18 -> 0 | D32: =D10/'Output-Calculation-sheet'!D9*'Output-Calculation-sheet'!D18 -> 6617.6075 | E32: =E10/'Output-Calculation-sheet'!E9*'Output-Calculation-sheet'!E18 -> 8323.0824 | F32: =F10/'Output-Calculation-sheet'!F9*'Output-Calculation-sheet'!F18 -> 4053.8106 | G32: =G10/'Output-Calculation-sheet'!G9*'Output-Calculation-sheet'!G18 -> 2466.28 | H32: =H10/'Output-Calculation-sheet'!H9*'Output-Calculation-sheet'!H18 -> 0 | I32: =I10/'Output-Calculation-sheet'!I9*'Output-Calculation-sheet'!I18 -> 2324.0345 | ... Y32: =Y10/'Output-Calculation-sheet'!Y9*'Output-Calculation-sheet'!Y18 -> 246.2448 | AA32: =SUM(B32:Y32)/1000 -> 70.91502
A33: 2034 | B33: =B11/'Output-Calculation-sheet'!B10*'Output-Calculation-sheet'!B19 -> 29258.277 | C33: =C11/'Output-Calculation-sheet'!C10*'Output-Calculation-sheet'!C19 -> 0 | D33: =D11/'Output-Calculation-sheet'!D10*'Output-Calculation-sheet'!D19 -> 7046.2382 | E33: =E11/'Output-Calculation-sheet'!E10*'Output-Calculation-sheet'!E19 -> 8869.2728 | F33: =F11/'Output-Calculation-sheet'!F10*'Output-Calculation-sheet'!F19 -> 4317.4469 | G33: =G11/'Output-Calculation-sheet'!G10*'Output-Calculation-sheet'!G19 -> 2620.871 | H33: =H11/'Output-Calculation-sheet'!H10*'Output-Calculation-sheet'!H19 -> 0 | I33: =I11/'Output-Calculation-sheet'!I10*'Output-Calculation-sheet'!I19 -> 2476.8476 | ... Y33: =Y11/'Output-Calculation-sheet'!Y10*'Output-Calculation-sheet'!Y19 -> 262.86423 | AA33: =SUM(B33:Y33)/1000 -> 74.609072
A34: 2035 | B34: =B12/'Output-Calculation-sheet'!B11*'Output-Calculation-sheet'!B20 -> 29532.393 | C34: =C12/'Output-Calculation-sheet'!C11*'Output-Calculation-sheet'!C20 -> 0 | D34: =D12/'Output-Calculation-sheet'!D11*'Output-Calculation-sheet'!D20 -> 7439.8201 | E34: =E12/'Output-Calculation-sheet'!E11*'Output-Calculation-sheet'!E20 -> 9364.8504 | F34: =F12/'Output-Calculation-sheet'!F11*'Output-Calculation-sheet'!F20 -> 4551.0735 | G34: =G12/'Output-Calculation-sheet'!G11*'Output-Calculation-sheet'!G20 -> 2772.0689 | H34: =H12/'Output-Calculation-sheet'!H11*'Output-Calculation-sheet'!H20 -> 0 | I34: =I12/'Output-Calculation-sheet'!I11*'Output-Calculation-sheet'!I20 -> 2614.6013 | ... Y34: =Y12/'Output-Calculation-sheet'!Y11*'Output-Calculation-sheet'!Y20 -> 277.26516 | AA34: =SUM(B34:Y34)/1000 -> 77.297634
A36: DAC Capacity (ktCO2/yr) | AA36: Total DAC Capacity (ktCO2/yr)
A38: 2028 | B38: =B5/'Output-Calculation-sheet'!B4*'Output-Calculation-sheet'!B31*0.0114 -> 0 | C38: =C5/'Output-Calculation-sheet'!C4*'Output-Calculation-sheet'!C31*0.0114 -> 0 | D38: =D5/'Output-Calculation-sheet'!D4*'Output-Calculation-sheet'!D31*0.0114 -> 0 | E38: =E5/'Output-Calculation-sheet'!E4*'Output-Calculation-sheet'!E31*0.0114 -> 0 | F38: =F5/'Output-Calculation-sheet'!F4*'Output-Calculation-sheet'!F31*0.0114 -> 0 | G38: =G5/'Output-Calculation-sheet'!G4*'Output-Calculation-sheet'!G31*0.0114 -> 0 | H38: =H5/'Output-Calculation-sheet'!H4*'Output-Calculation-sheet'!H31*0.0114 -> 0 | I38: =I5/'Output-Calculation-sheet'!I4*'Output-Calculation-sheet'!I31*0.0114 -> 0 | ... Y38: =Y5/'Output-Calculation-sheet'!Y4*'Output-Calculation-sheet'!Y31*0.0114 -> 0 | AA38: =SUM(B38:Y38) -> 0
A39: 2029 | B39: =B6/'Output-Calculation-sheet'!B5*'Output-Calculation-sheet'!B32*0.0114 -> 0 | C39: =C6/'Output-Calculation-sheet'!C5*'Output-Calculation-sheet'!C32*0.0114 -> 0 | D39: =D6/'Output-Calculation-sheet'!D5*'Output-Calculation-sheet'!D32*0.0114 -> 0 | E39: =E6/'Output-Calculation-sheet'!E5*'Output-Calculation-sheet'!E32*0.0114 -> 0 | F39: =F6/'Output-Calculation-sheet'!F5*'Output-Calculation-sheet'!F32*0.0114 -> 0 | G39: =G6/'Output-Calculation-sheet'!G5*'Output-Calculation-sheet'!G32*0.0114 -> 0 | H39: =H6/'Output-Calculation-sheet'!H5*'Output-Calculation-sheet'!H32*0.0114 -> 0 | I39: =I6/'Output-Calculation-sheet'!I5*'Output-Calculation-sheet'!I32*0.0114 -> 0 | ... Y39: =Y6/'Output-Calculation-sheet'!Y5*'Output-Calculation-sheet'!Y32*0.0114 -> 0 | AA39: =SUM(B39:Y39) -> 0
A40: 2030 | B40: =B7/'Output-Calculation-sheet'!B6*'Output-Calculation-sheet'!B33*0.0114 -> 0 | C40: =C7/'Output-Calculation-sheet'!C6*'Output-Calculation-sheet'!C33*0.0114 -> 0 | D40: =D7/'Output-Calculation-sheet'!D6*'Output-Calculation-sheet'!D33*0.0114 -> 0 | E40: =E7/'Output-Calculation-sheet'!E6*'Output-Calculation-sheet'!E33*0.0114 -> 0 | F40: =F7/'Output-Calculation-sheet'!F6*'Output-Calculation-sheet'!F33*0.0114 -> 0 | G40: =G7/'Output-Calculation-sheet'!G6*'Output-Calculation-sheet'!G33*0.0114 -> 0 | H40: =H7/'Output-Calculation-sheet'!H6*'Output-Calculation-sheet'!H33*0.0114 -> 0 | I40: =I7/'Output-Calculation-sheet'!I6*'Output-Calculation-sheet'!I33*0.0114 -> 0 | ... Y40: =Y7/'Output-Calculation-sheet'!Y6*'Output-Calculation-sheet'!Y33*0.0114 -> 0 | AA40: =SUM(B40:Y40) -> 0
A41: 2031 | B41: =B8/'Output-Calculation-sheet'!B7*'Output-Calculation-sheet'!B34*0.0114 -> 0 | C41: =C8/'Output-Calculation-sheet'!C7*'Output-Calculation-sheet'!C34*0.0114 -> 0 | D41: =D8/'Output-Calculation-sheet'!D7*'Output-Calculation-sheet'!D34*0.0114 -> 0 | E41: =E8/'Output-Calculation-sheet'!E7*'Output-Calculation-sheet'!E34*0.0114 -> 0 | F41: =F8/'Output-Calculation-sheet'!F7*'Output-Calculation-sheet'!F34*0.0114 -> 0 | G41: =G8/'Output-Calculation-sheet'!G7*'Output-Calculation-sheet'!G34*0.0114 -> 0 | H41: =H8/'Output-Calculation-sheet'!H7*'Output-Calculation-sheet'!H34*0.0114 -> 0 | I41: =I8/'Output-Calculation-sheet'!I7*'Output-Calculation-sheet'!I34*0.0114 -> 0 | ... Y41: =Y8/'Output-Calculation-sheet'!Y7*'Output-Calculation-sheet'!Y34*0.0114 -> 0 | AA41: =SUM(B41:Y41) -> 0
A42: 2032 | B42: =B9/'Output-Calculation-sheet'!B8*'Output-Calculation-sheet'!B35*0.0114 -> 0 | C42: =C9/'Output-Calculation-sheet'!C8*'Output-Calculation-sheet'!C35*0.0114 -> 0 | D42: =D9/'Output-Calculation-sheet'!D8*'Output-Calculation-sheet'!D35*0.0114 -> 0 | E42: =E9/'Output-Calculation-sheet'!E8*'Output-Calculation-sheet'!E35*0.0114 -> 0 | F42: =F9/'Output-Calculation-sheet'!F8*'Output-Calculation-sheet'!F35*0.0114 -> 0 | G42: =G9/'Output-Calculation-sheet'!G8*'Output-Calculation-sheet'!G35*0.0114 -> 0 | H42: =H9/'Output-Calculation-sheet'!H8*'Output-Calculation-sheet'!H35*0.0114 -> 0 | I42: =I9/'Output-Calculation-sheet'!I8*'Output-Calculation-sheet'!I35*0.0114 -> 0 | ... Y42: =Y9/'Output-Calculation-sheet'!Y8*'Output-Calculation-sheet'!Y35*0.0114 -> 0 | AA42: =SUM(B42:Y42) -> 0
A43: 2033 | B43: =B10/'Output-Calculation-sheet'!B9*'Output-Calculation-sheet'!B36*0.0114 -> 0 | C43: =C10/'Output-Calculation-sheet'!C9*'Output-Calculation-sheet'!C36*0.0114 -> 0 | D43: =D10/'Output-Calculation-sheet'!D9*'Output-Calculation-sheet'!D36*0.0114 -> 0 | E43: =E10/'Output-Calculation-sheet'!E9*'Output-Calculation-sheet'!E36*0.0114 -> 0 | F43: =F10/'Output-Calculation-sheet'!F9*'Output-Calculation-sheet'!F36*0.0114 -> 0 | G43: =G10/'Output-Calculation-sheet'!G9*'Output-Calculation-sheet'!G36*0.0114 -> 0 | H43: =H10/'Output-Calculation-sheet'!H9*'Output-Calculation-sheet'!H36*0.0114 -> 0 | I43: =I10/'Output-Calculation-sheet'!I9*'Output-Calculation-sheet'!I36*0.0114 -> 0 | ... Y43: =Y10/'Output-Calculation-sheet'!Y9*'Output-Calculation-sheet'!Y36*0.0114 -> 0 | AA43: =SUM(B43:Y43) -> 0
A44: 2034 | B44: =B11/'Output-Calculation-sheet'!B10*'Output-Calculation-sheet'!B37*0.0114 -> 0 | C44: =C11/'Output-Calculation-sheet'!C10*'Output-Calculation-sheet'!C37*0.0114 -> 0 | D44: =D11/'Output-Calculation-sheet'!D10*'Output-Calculation-sheet'!D37*0.0114 -> 0 | E44: =E11/'Output-Calculation-sheet'!E10*'Output-Calculation-sheet'!E37*0.0114 -> 0 | F44: =F11/'Output-Calculation-sheet'!F10*'Output-Calculation-sheet'!F37*0.0114 -> 0 | G44: =G11/'Output-Calculation-sheet'!G10*'Output-Calculation-sheet'!G37*0.0114 -> 0 | H44: =H11/'Output-Calculation-sheet'!H10*'Output-Calculation-sheet'!H37*0.0114 -> 0 | I44: =I11/'Output-Calculation-sheet'!I10*'Output-Calculation-sheet'!I37*0.0114 -> 0 | ... Y44: =Y11/'Output-Calculation-sheet'!Y10*'Output-Calculation-sheet'!Y37*0.0114 -> 0 | AA44: =SUM(B44:Y44) -> 0
A45: 2035 | B45: =B12/'Output-Calculation-sheet'!B11*'Output-Calculation-sheet'!B38*0.0114 -> 0 | C45: =C12/'Output-Calculation-sheet'!C11*'Output-Calculation-sheet'!C38*0.0114 -> 0 | D45: =D12/'Output-Calculation-sheet'!D11*'Output-Calculation-sheet'!D38*0.0114 -> 0 | E45: =E12/'Output-Calculation-sheet'!E11*'Output-Calculation-sheet'!E38*0.0114 -> 0 | F45: =F12/'Output-Calculation-sheet'!F11*'Output-Calculation-sheet'!F38*0.0114 -> 0 | G45: =G12/'Output-Calculation-sheet'!G11*'Output-Calculation-sheet'!G38*0.0114 -> 0 | H45: =H12/'Output-Calculation-sheet'!H11*'Output-Calculation-sheet'!H38*0.0114 -> 0 | I45: =I12/'Output-Calculation-sheet'!I11*'Output-Calculation-sheet'!I38*0.0114 -> 0 | ... Y45: =Y12/'Output-Calculation-sheet'!Y11*'Output-Calculation-sheet'!Y38*0.0114 -> 0 | AA45: =SUM(B45:Y45) -> 0
A47: Battery Storage Capacity (MWh) | AA47: Total Battery Storage Capacity (GWh)
A49: 2028 | B49: =B5/'Output-Calculation-sheet'!B4*'Output-Calculation-sheet'!B40 -> 0 | C49: =C5/'Output-Calculation-sheet'!C4*'Output-Calculation-sheet'!C40 -> 0 | D49: =D5/'Output-Calculation-sheet'!D4*'Output-Calculation-sheet'!D40 -> 0 | E49: =E5/'Output-Calculation-sheet'!E4*'Output-Calculation-sheet'!E40 -> 0 | F49: =F5/'Output-Calculation-sheet'!F4*'Output-Calculation-sheet'!F40 -> 0 | G49: =G5/'Output-Calculation-sheet'!G4*'Output-Calculation-sheet'!G40 -> 0 | H49: =H5/'Output-Calculation-sheet'!H4*'Output-Calculation-sheet'!H40 -> 0 | I49: =I5/'Output-Calculation-sheet'!I4*'Output-Calculation-sheet'!I40 -> 0 | ... Y49: =Y5/'Output-Calculation-sheet'!Y4*'Output-Calculation-sheet'!Y40 -> 0 | AA49: =SUM(B49:Y49)/1000 -> 0.38252506
A50: 2029 | B50: =B6/'Output-Calculation-sheet'!B5*'Output-Calculation-sheet'!B41 -> 0 | C50: =C6/'Output-Calculation-sheet'!C5*'Output-Calculation-sheet'!C41 -> 0 | D50: =D6/'Output-Calculation-sheet'!D5*'Output-Calculation-sheet'!D41 -> 0 | E50: =E6/'Output-Calculation-sheet'!E5*'Output-Calculation-sheet'!E41 -> 0 | F50: =F6/'Output-Calculation-sheet'!F5*'Output-Calculation-sheet'!F41 -> 0 | G50: =G6/'Output-Calculation-sheet'!G5*'Output-Calculation-sheet'!G41 -> 0 | H50: =H6/'Output-Calculation-sheet'!H5*'Output-Calculation-sheet'!H41 -> 0 | I50: =I6/'Output-Calculation-sheet'!I5*'Output-Calculation-sheet'!I41 -> 0 | ... Y50: =Y6/'Output-Calculation-sheet'!Y5*'Output-Calculation-sheet'!Y41 -> 0 | AA50: =SUM(B50:Y50)/1000 -> 0.63122548
A51: 2030 | B51: =B7/'Output-Calculation-sheet'!B6*'Output-Calculation-sheet'!B42 -> 0 | C51: =C7/'Output-Calculation-sheet'!C6*'Output-Calculation-sheet'!C42 -> 0 | D51: =D7/'Output-Calculation-sheet'!D6*'Output-Calculation-sheet'!D42 -> 0 | E51: =E7/'Output-Calculation-sheet'!E6*'Output-Calculation-sheet'!E42 -> 0 | F51: =F7/'Output-Calculation-sheet'!F6*'Output-Calculation-sheet'!F42 -> 0 | G51: =G7/'Output-Calculation-sheet'!G6*'Output-Calculation-sheet'!G42 -> 0 | H51: =H7/'Output-Calculation-sheet'!H6*'Output-Calculation-sheet'!H42 -> 0 | I51: =I7/'Output-Calculation-sheet'!I6*'Output-Calculation-sheet'!I42 -> 0 | ... Y51: =Y7/'Output-Calculation-sheet'!Y6*'Output-Calculation-sheet'!Y42 -> 0 | AA51: =SUM(B51:Y51)/1000 -> 1.3298355
A52: 2031 | B52: =B8/'Output-Calculation-sheet'!B7*'Output-Calculation-sheet'!B43 -> 0 | C52: =C8/'Output-Calculation-sheet'!C7*'Output-Calculation-sheet'!C43 -> 0 | D52: =D8/'Output-Calculation-sheet'!D7*'Output-Calculation-sheet'!D43 -> 0 | E52: =E8/'Output-Calculation-sheet'!E7*'Output-Calculation-sheet'!E43 -> 0 | F52: =F8/'Output-Calculation-sheet'!F7*'Output-Calculation-sheet'!F43 -> 0 | G52: =G8/'Output-Calculation-sheet'!G7*'Output-Calculation-sheet'!G43 -> 140.91594 | H52: =H8/'Output-Calculation-sheet'!H7*'Output-Calculation-sheet'!H43 -> 0 | I52: =I8/'Output-Calculation-sheet'!I7*'Output-Calculation-sheet'!I43 -> 0 | ... Y52: =Y8/'Output-Calculation-sheet'!Y7*'Output-Calculation-sheet'!Y43 -> 0 | AA52: =SUM(B52:Y52)/1000 -> 2.0894949
A53: 2032 | B53: =B9/'Output-Calculation-sheet'!B8*'Output-Calculation-sheet'!B44 -> 1640.7255 | C53: =C9/'Output-Calculation-sheet'!C8*'Output-Calculation-sheet'!C44 -> 0 | D53: =D9/'Output-Calculation-sheet'!D8*'Output-Calculation-sheet'!D44 -> 0 | E53: =E9/'Output-Calculation-sheet'!E8*'Output-Calculation-sheet'!E44 -> 0 | F53: =F9/'Output-Calculation-sheet'!F8*'Output-Calculation-sheet'!F44 -> 0 | G53: =G9/'Output-Calculation-sheet'!G8*'Output-Calculation-sheet'!G44 -> 309.31615 | H53: =H9/'Output-Calculation-sheet'!H8*'Output-Calculation-sheet'!H44 -> 0 | I53: =I9/'Output-Calculation-sheet'!I8*'Output-Calculation-sheet'!I44 -> 0 | ... Y53: =Y9/'Output-Calculation-sheet'!Y8*'Output-Calculation-sheet'!Y44 -> 0 | AA53: =SUM(B53:Y53)/1000 -> 4.4928301
A54: 2033 | B54: =B10/'Output-Calculation-sheet'!B9*'Output-Calculation-sheet'!B45 -> 5287.3136 | C54: =C10/'Output-Calculation-sheet'!C9*'Output-Calculation-sheet'!C45 -> 0 | D54: =D10/'Output-Calculation-sheet'!D9*'Output-Calculation-sheet'!D45 -> 0 | E54: =E10/'Output-Calculation-sheet'!E9*'Output-Calculation-sheet'!E45 -> 0 | F54: =F10/'Output-Calculation-sheet'!F9*'Output-Calculation-sheet'!F45 -> 0 | G54: =G10/'Output-Calculation-sheet'!G9*'Output-Calculation-sheet'!G45 -> 465.16659 | H54: =H10/'Output-Calculation-sheet'!H9*'Output-Calculation-sheet'!H45 -> 0 | I54: =I10/'Output-Calculation-sheet'!I9*'Output-Calculation-sheet'!I45 -> 0 | ... Y54: =Y10/'Output-Calculation-sheet'!Y9*'Output-Calculation-sheet'!Y45 -> 0 | AA54: =SUM(B54:Y54)/1000 -> 9.3212742
A55: 2034 | B55: =B11/'Output-Calculation-sheet'!B10*'Output-Calculation-sheet'!B46 -> 10042.272 | C55: =C11/'Output-Calculation-sheet'!C10*'Output-Calculation-sheet'!C46 -> 0 | D55: =D11/'Output-Calculation-sheet'!D10*'Output-Calculation-sheet'!D46 -> 0 | E55: =E11/'Output-Calculation-sheet'!E10*'Output-Calculation-sheet'!E46 -> 0 | F55: =F11/'Output-Calculation-sheet'!F10*'Output-Calculation-sheet'!F46 -> 0 | G55: =G11/'Output-Calculation-sheet'!G10*'Output-Calculation-sheet'!G46 -> 669.2275 | H55: =H11/'Output-Calculation-sheet'!H10*'Output-Calculation-sheet'!H46 -> 0 | I55: =I11/'Output-Calculation-sheet'!I10*'Output-Calculation-sheet'!I46 -> 0 | ... Y55: =Y11/'Output-Calculation-sheet'!Y10*'Output-Calculation-sheet'!Y46 -> 0 | AA55: =SUM(B55:Y55)/1000 -> 15.418223
A56: 2035 | B56: =B12/'Output-Calculation-sheet'!B11*'Output-Calculation-sheet'!B47 -> 23039.438 | C56: =C12/'Output-Calculation-sheet'!C11*'Output-Calculation-sheet'!C47 -> 0 | D56: =D12/'Output-Calculation-sheet'!D11*'Output-Calculation-sheet'!D47 -> 0 | E56: =E12/'Output-Calculation-sheet'!E11*'Output-Calculation-sheet'!E47 -> 0 | F56: =F12/'Output-Calculation-sheet'!F11*'Output-Calculation-sheet'!F47 -> 0 | G56: =G12/'Output-Calculation-sheet'!G11*'Output-Calculation-sheet'!G47 -> 850.2145 | H56: =H12/'Output-Calculation-sheet'!H11*'Output-Calculation-sheet'!H47 -> 0 | I56: =I12/'Output-Calculation-sheet'!I11*'Output-Calculation-sheet'!I47 -> 0 | ... Y56: =Y12/'Output-Calculation-sheet'!Y11*'Output-Calculation-sheet'!Y47 -> 0 | AA56: =SUM(B56:Y56)/1000 -> 29.839953
A58: Total cost of energy ($bn) | AA58: Total cost of energy ($bn)
A60: 2028 | B60: =B5*'Output-Calculation-sheet'!B49/10^9 -> 3.7345051 | C60: =C5*'Output-Calculation-sheet'!C49/10^9 -> 1.8831893 | D60: =D5*'Output-Calculation-sheet'!D49/10^9 -> 0.6606565 | E60: =E5*'Output-Calculation-sheet'!E49/10^9 -> 0.85004531 | F60: =F5*'Output-Calculation-sheet'!F49/10^9 -> 0.35510841 | G60: =G5*'Output-Calculation-sheet'!G49/10^9 -> 0.25371903 | H60: =H5*'Output-Calculation-sheet'!H49/10^9 -> 0.49037652 | I60: =I5*'Output-Calculation-sheet'!I49/10^9 -> 0.22768337 | ... Y60: =Y5*'Output-Calculation-sheet'!Y49/10^9 -> 0.026793844 | AA60: =SUM(B60:Y60) -> 11.461555
A61: 2029 | B61: =B6*'Output-Calculation-sheet'!B50/10^9 -> 4.9169182 | C61: =C6*'Output-Calculation-sheet'!C50/10^9 -> 2.4869108 | D61: =D6*'Output-Calculation-sheet'!D50/10^9 -> 0.86955428 | E61: =E6*'Output-Calculation-sheet'!E50/10^9 -> 1.1191721 | F61: =F6*'Output-Calculation-sheet'!F50/10^9 -> 0.46672824 | G61: =G6*'Output-Calculation-sheet'!G50/10^9 -> 0.33404789 | H61: =H6*'Output-Calculation-sheet'!H50/10^9 -> 0.64667923 | I61: =I6*'Output-Calculation-sheet'!I50/10^9 -> 0.29963057 | ... Y61: =Y6*'Output-Calculation-sheet'!Y50/10^9 -> 0.035298011 | AA61: =SUM(B61:Y61) -> 15.10281
A62: 2030 | B62: =B7*'Output-Calculation-sheet'!B51/10^9 -> 5.9408138 | C62: =C7*'Output-Calculation-sheet'!C51/10^9 -> 3.0143887 | D62: =D7*'Output-Calculation-sheet'!D51/10^9 -> 1.0505657 | E62: =E7*'Output-Calculation-sheet'!E51/10^9 -> 1.352517 | F62: =F7*'Output-Calculation-sheet'!F51/10^9 -> 0.56306098 | G62: =G7*'Output-Calculation-sheet'!G51/10^9 -> 0.40371169 | H62: =H7*'Output-Calculation-sheet'!H51/10^9 -> 0.78275088 | I62: =I7*'Output-Calculation-sheet'!I51/10^9 -> 0.3619421 | ... Y62: =Y7*'Output-Calculation-sheet'!Y51/10^9 -> 0.042684255 | AA62: =SUM(B62:Y62) -> 18.261445
A63: 2031 | B63: =B8*'Output-Calculation-sheet'!B52/10^9 -> 6.8045342 | C63: =C8*'Output-Calculation-sheet'!C52/10^9 -> 3.4490604 | D63: =D8*'Output-Calculation-sheet'!D52/10^9 -> 1.2049104 | E63: =E8*'Output-Calculation-sheet'!E52/10^9 -> 1.551429 | F63: =F8*'Output-Calculation-sheet'!F52/10^9 -> 0.6453205 | G63: =G8*'Output-Calculation-sheet'!G52/10^9 -> 0.46303281 | H63: =H8*'Output-Calculation-sheet'!H52/10^9 -> 0.89444337 | I63: =I8*'Output-Calculation-sheet'!I52/10^9 -> 0.41507929 | ... Y63: =Y8*'Output-Calculation-sheet'!Y52/10^9 -> 0.048976229 | AA63: =SUM(B63:Y63) -> 20.917424
A64: 2032 | B64: =B9*'Output-Calculation-sheet'!B53/10^9 -> 7.4166568 | C64: =C9*'Output-Calculation-sheet'!C53/10^9 -> 3.7559678 | D64: =D9*'Output-Calculation-sheet'!D53/10^9 -> 1.3156624 | E64: =E9*'Output-Calculation-sheet'!E53/10^9 -> 1.6942523 | F64: =F9*'Output-Calculation-sheet'!F53/10^9 -> 0.70411646 | G64: =G9*'Output-Calculation-sheet'!G53/10^9 -> 0.50548521 | H64: =H9*'Output-Calculation-sheet'!H53/10^9 -> 0.97283468 | I64: =I9*'Output-Calculation-sheet'!I53/10^9 -> 0.45318781 | ... Y64: =Y9*'Output-Calculation-sheet'!Y53/10^9 -> 0.053501398 | AA64: =SUM(B64:Y64) -> 22.804487
A65: 2033 | B65: =B10*'Output-Calculation-sheet'!B54/10^9 -> 7.9048505 | C65: =C10*'Output-Calculation-sheet'!C54/10^9 -> 4.0019513 | D65: =D10*'Output-Calculation-sheet'!D54/10^9 -> 1.4059663 | E65: =E10*'Output-Calculation-sheet'!E54/10^9 -> 1.8107749 | F65: =F10*'Output-Calculation-sheet'!F54/10^9 -> 0.75188376 | G65: =G10*'Output-Calculation-sheet'!G54/10^9 -> 0.53994511 | H65: =H10*'Output-Calculation-sheet'!H54/10^9 -> 1.0352979 | I65: =I10*'Output-Calculation-sheet'!I54/10^9 -> 0.48424798 | ... Y65: =Y10*'Output-Calculation-sheet'!Y54/10^9 -> 0.057199025 | AA65: =SUM(B65:Y65) -> 24.322214
A66: 2034 | B66: =B11*'Output-Calculation-sheet'!B55/10^9 -> 8.3046419 | C66: =C11*'Output-Calculation-sheet'!C55/10^9 -> 4.2067343 | D66: =D11*'Output-Calculation-sheet'!D55/10^9 -> 1.4826724 | E66: =E11*'Output-Calculation-sheet'!E55/10^9 -> 1.9097979 | F66: =F11*'Output-Calculation-sheet'!F55/10^9 -> 0.79230158 | G66: =G11*'Output-Calculation-sheet'!G55/10^9 -> 0.56905686 | H66: =H11*'Output-Calculation-sheet'!H55/10^9 -> 1.0869849 | I66: =I11*'Output-Calculation-sheet'!I55/10^9 -> 0.51061393 | ... Y66: =Y11*'Output-Calculation-sheet'!Y55/10^9 -> 0.060346282 | AA66: =SUM(B66:Y66) -> 25.58604
A67: 2035 | B67: =B12*'Output-Calculation-sheet'!B56/10^9 -> 8.6218415 | C67: =C12*'Output-Calculation-sheet'!C56/10^9 -> 4.3763975 | D67: =D12*'Output-Calculation-sheet'!D56/10^9 -> 1.5478634 | E67: =E12*'Output-Calculation-sheet'!E56/10^9 -> 1.9940067 | F67: =F12*'Output-Calculation-sheet'!F56/10^9 -> 0.82650017 | G67: =G12*'Output-Calculation-sheet'!G56/10^9 -> 0.59359033 | H67: =H12*'Output-Calculation-sheet'!H56/10^9 -> 1.1294843 | I67: =I12*'Output-Calculation-sheet'!I56/10^9 -> 0.53300565 | ... Y67: =Y12*'Output-Calculation-sheet'!Y56/10^9 -> 0.063027732 | AA67: =SUM(B67:Y67) -> 26.626177
B68: =SUM(B60:B67) -> 53.644762 | C68: =SUM(C60:C67) -> 27.1746 | D68: =SUM(D60:D67) -> 9.5378516 | E68: =SUM(E60:E67) -> 12.281995 | F68: =SUM(F60:F67) -> 5.1050201 | G68: =SUM(G60:G67) -> 3.662589 | H68: =SUM(H60:H67) -> 7.0388519 | I68: =SUM(I60:I67) -> 3.2853907 | ... Y68: =SUM(Y60:Y67) -> 0.38782678
A69: Battery Interface Capacity (MW) | AA69: Total Battery Interface Capacity (GW)
A71: 2028 | B71: =B5/'Output-Calculation-sheet'!B4*'Output-Calculation-sheet'!B58 -> 0 | C71: =C5/'Output-Calculation-sheet'!C4*'Output-Calculation-sheet'!C58 -> 0 | D71: =D5/'Output-Calculation-sheet'!D4*'Output-Calculation-sheet'!D58 -> 0 | E71: =E5/'Output-Calculation-sheet'!E4*'Output-Calculation-sheet'!E58 -> 0 | F71: =F5/'Output-Calculation-sheet'!F4*'Output-Calculation-sheet'!F58 -> 0 | G71: =G5/'Output-Calculation-sheet'!G4*'Output-Calculation-sheet'!G58 -> 0 | H71: =H5/'Output-Calculation-sheet'!H4*'Output-Calculation-sheet'!H58 -> 0 | I71: =I5/'Output-Calculation-sheet'!I4*'Output-Calculation-sheet'!I58 -> 0 | ... Y71: =Y5/'Output-Calculation-sheet'!Y4*'Output-Calculation-sheet'!Y58 -> 0 | AA71: =SUM(B71:Y71)/1000 -> 0.086251763
A72: 2029 | B72: =B6/'Output-Calculation-sheet'!B5*'Output-Calculation-sheet'!B59 -> 0 | C72: =C6/'Output-Calculation-sheet'!C5*'Output-Calculation-sheet'!C59 -> 0 | D72: =D6/'Output-Calculation-sheet'!D5*'Output-Calculation-sheet'!D59 -> 0 | E72: =E6/'Output-Calculation-sheet'!E5*'Output-Calculation-sheet'!E59 -> 0 | F72: =F6/'Output-Calculation-sheet'!F5*'Output-Calculation-sheet'!F59 -> 0 | G72: =G6/'Output-Calculation-sheet'!G5*'Output-Calculation-sheet'!G59 -> 0 | H72: =H6/'Output-Calculation-sheet'!H5*'Output-Calculation-sheet'!H59 -> 0 | I72: =I6/'Output-Calculation-sheet'!I5*'Output-Calculation-sheet'!I59 -> 0 | ... Y72: =Y6/'Output-Calculation-sheet'!Y5*'Output-Calculation-sheet'!Y59 -> 0 | AA72: =SUM(B72:Y72)/1000 -> 0.14703574
A73: 2030 | B73: =B7/'Output-Calculation-sheet'!B6*'Output-Calculation-sheet'!B60 -> 0 | C73: =C7/'Output-Calculation-sheet'!C6*'Output-Calculation-sheet'!C60 -> 0 | D73: =D7/'Output-Calculation-sheet'!D6*'Output-Calculation-sheet'!D60 -> 0 | E73: =E7/'Output-Calculation-sheet'!E6*'Output-Calculation-sheet'!E60 -> 0 | F73: =F7/'Output-Calculation-sheet'!F6*'Output-Calculation-sheet'!F60 -> 0 | G73: =G7/'Output-Calculation-sheet'!G6*'Output-Calculation-sheet'!G60 -> 0 | H73: =H7/'Output-Calculation-sheet'!H6*'Output-Calculation-sheet'!H60 -> 0 | I73: =I7/'Output-Calculation-sheet'!I6*'Output-Calculation-sheet'!I60 -> 0 | ... Y73: =Y7/'Output-Calculation-sheet'!Y6*'Output-Calculation-sheet'!Y60 -> 0 | AA73: =SUM(B73:Y73)/1000 -> 0.34984501
A74: 2031 | B74: =B8/'Output-Calculation-sheet'!B7*'Output-Calculation-sheet'!B61 -> 0 | C74: =C8/'Output-Calculation-sheet'!C7*'Output-Calculation-sheet'!C61 -> 0 | D74: =D8/'Output-Calculation-sheet'!D7*'Output-Calculation-sheet'!D61 -> 0 | E74: =E8/'Output-Calculation-sheet'!E7*'Output-Calculation-sheet'!E61 -> 0 | F74: =F8/'Output-Calculation-sheet'!F7*'Output-Calculation-sheet'!F61 -> 0 | G74: =G8/'Output-Calculation-sheet'!G7*'Output-Calculation-sheet'!G61 -> 51.631601 | H74: =H8/'Output-Calculation-sheet'!H7*'Output-Calculation-sheet'!H61 -> 0 | I74: =I8/'Output-Calculation-sheet'!I7*'Output-Calculation-sheet'!I61 -> 0 | ... Y74: =Y8/'Output-Calculation-sheet'!Y7*'Output-Calculation-sheet'!Y61 -> 0 | AA74: =SUM(B74:Y74)/1000 -> 0.58550831
A75: 2032 | B75: =B9/'Output-Calculation-sheet'!B8*'Output-Calculation-sheet'!B62 -> 558.66705 | C75: =C9/'Output-Calculation-sheet'!C8*'Output-Calculation-sheet'!C62 -> 0 | D75: =D9/'Output-Calculation-sheet'!D8*'Output-Calculation-sheet'!D62 -> 0 | E75: =E9/'Output-Calculation-sheet'!E8*'Output-Calculation-sheet'!E62 -> 0 | F75: =F9/'Output-Calculation-sheet'!F8*'Output-Calculation-sheet'!F62 -> 0 | G75: =G9/'Output-Calculation-sheet'!G8*'Output-Calculation-sheet'!G62 -> 113.30251 | H75: =H9/'Output-Calculation-sheet'!H8*'Output-Calculation-sheet'!H62 -> 0 | I75: =I9/'Output-Calculation-sheet'!I8*'Output-Calculation-sheet'!I62 -> 0 | ... Y75: =Y9/'Output-Calculation-sheet'!Y8*'Output-Calculation-sheet'!Y62 -> 0 | AA75: =SUM(B75:Y75)/1000 -> 1.3639915
A76: 2033 | B76: =B10/'Output-Calculation-sheet'!B9*'Output-Calculation-sheet'!B63 -> 1452.4691 | C76: =C10/'Output-Calculation-sheet'!C9*'Output-Calculation-sheet'!C63 -> 0 | D76: =D10/'Output-Calculation-sheet'!D9*'Output-Calculation-sheet'!D63 -> 0 | E76: =E10/'Output-Calculation-sheet'!E9*'Output-Calculation-sheet'!E63 -> 0 | F76: =F10/'Output-Calculation-sheet'!F9*'Output-Calculation-sheet'!F63 -> 0 | G76: =G10/'Output-Calculation-sheet'!G9*'Output-Calculation-sheet'!G63 -> 170.38388 | H76: =H10/'Output-Calculation-sheet'!H9*'Output-Calculation-sheet'!H63 -> 0 | I76: =I10/'Output-Calculation-sheet'!I9*'Output-Calculation-sheet'!I63 -> 0 | ... Y76: =Y10/'Output-Calculation-sheet'!Y9*'Output-Calculation-sheet'!Y63 -> 0 | AA76: =SUM(B76:Y76)/1000 -> 2.6021049
A77: 2034 | B77: =B11/'Output-Calculation-sheet'!B10*'Output-Calculation-sheet'!B64 -> 2573.6242 | C77: =C11/'Output-Calculation-sheet'!C10*'Output-Calculation-sheet'!C64 -> 0 | D77: =D11/'Output-Calculation-sheet'!D10*'Output-Calculation-sheet'!D64 -> 0 | E77: =E11/'Output-Calculation-sheet'!E10*'Output-Calculation-sheet'!E64 -> 0 | F77: =F11/'Output-Calculation-sheet'!F10*'Output-Calculation-sheet'!F64 -> 0 | G77: =G11/'Output-Calculation-sheet'!G10*'Output-Calculation-sheet'!G64 -> 245.1486 | H77: =H11/'Output-Calculation-sheet'!H10*'Output-Calculation-sheet'!H64 -> 0 | I77: =I11/'Output-Calculation-sheet'!I10*'Output-Calculation-sheet'!I64 -> 0 | ... Y77: =Y11/'Output-Calculation-sheet'!Y10*'Output-Calculation-sheet'!Y64 -> 0 | AA77: =SUM(B77:Y77)/1000 -> 4.0906707
A78: 2035 | B78: =B12/'Output-Calculation-sheet'!B11*'Output-Calculation-sheet'!B65 -> 4753.7223 | C78: =C12/'Output-Calculation-sheet'!C11*'Output-Calculation-sheet'!C65 -> 0 | D78: =D12/'Output-Calculation-sheet'!D11*'Output-Calculation-sheet'!D65 -> 0 | E78: =E12/'Output-Calculation-sheet'!E11*'Output-Calculation-sheet'!E65 -> 0 | F78: =F12/'Output-Calculation-sheet'!F11*'Output-Calculation-sheet'!F65 -> 0 | G78: =G12/'Output-Calculation-sheet'!G11*'Output-Calculation-sheet'!G65 -> 307.40799 | H78: =H12/'Output-Calculation-sheet'!H11*'Output-Calculation-sheet'!H65 -> 0 | I78: =I12/'Output-Calculation-sheet'!I11*'Output-Calculation-sheet'!I65 -> 0 | ... Y78: =Y12/'Output-Calculation-sheet'!Y11*'Output-Calculation-sheet'!Y65 -> 0 | AA78: =SUM(B78:Y78)/1000 -> 6.6456811
A80: Heat Pump Capacity (MW) | AA80: Total Heat Pump Capacity (GW)
A82: 2028 | B82: =B5/'Output-Calculation-sheet'!B4*'Output-Calculation-sheet'!B67 -> 0 | C82: =C5/'Output-Calculation-sheet'!C4*'Output-Calculation-sheet'!C67 -> 0 | D82: =D5/'Output-Calculation-sheet'!D4*'Output-Calculation-sheet'!D67 -> 0 | E82: =E5/'Output-Calculation-sheet'!E4*'Output-Calculation-sheet'!E67 -> 0 | F82: =F5/'Output-Calculation-sheet'!F4*'Output-Calculation-sheet'!F67 -> 0 | G82: =G5/'Output-Calculation-sheet'!G4*'Output-Calculation-sheet'!G67 -> 0 | H82: =H5/'Output-Calculation-sheet'!H4*'Output-Calculation-sheet'!H67 -> 0 | I82: =I5/'Output-Calculation-sheet'!I4*'Output-Calculation-sheet'!I67 -> 0 | ... Y82: =Y5/'Output-Calculation-sheet'!Y4*'Output-Calculation-sheet'!Y67 -> 0 | AA82: =SUM(B82:Y82)/1000 -> 0
A83: 2029 | B83: =B6/'Output-Calculation-sheet'!B5*'Output-Calculation-sheet'!B68 -> 0 | C83: =C6/'Output-Calculation-sheet'!C5*'Output-Calculation-sheet'!C68 -> 0 | D83: =D6/'Output-Calculation-sheet'!D5*'Output-Calculation-sheet'!D68 -> 0 | E83: =E6/'Output-Calculation-sheet'!E5*'Output-Calculation-sheet'!E68 -> 0 | F83: =F6/'Output-Calculation-sheet'!F5*'Output-Calculation-sheet'!F68 -> 0 | G83: =G6/'Output-Calculation-sheet'!G5*'Output-Calculation-sheet'!G68 -> 0 | H83: =H6/'Output-Calculation-sheet'!H5*'Output-Calculation-sheet'!H68 -> 0 | I83: =I6/'Output-Calculation-sheet'!I5*'Output-Calculation-sheet'!I68 -> 0 | ... Y83: =Y6/'Output-Calculation-sheet'!Y5*'Output-Calculation-sheet'!Y68 -> 0 | AA83: =SUM(B83:Y83)/1000 -> 0
A84: 2030 | B84: =B7/'Output-Calculation-sheet'!B6*'Output-Calculation-sheet'!B69 -> 0 | C84: =C7/'Output-Calculation-sheet'!C6*'Output-Calculation-sheet'!C69 -> 0 | D84: =D7/'Output-Calculation-sheet'!D6*'Output-Calculation-sheet'!D69 -> 0 | E84: =E7/'Output-Calculation-sheet'!E6*'Output-Calculation-sheet'!E69 -> 0 | F84: =F7/'Output-Calculation-sheet'!F6*'Output-Calculation-sheet'!F69 -> 0 | G84: =G7/'Output-Calculation-sheet'!G6*'Output-Calculation-sheet'!G69 -> 0 | H84: =H7/'Output-Calculation-sheet'!H6*'Output-Calculation-sheet'!H69 -> 0 | I84: =I7/'Output-Calculation-sheet'!I6*'Output-Calculation-sheet'!I69 -> 0 | ... Y84: =Y7/'Output-Calculation-sheet'!Y6*'Output-Calculation-sheet'!Y69 -> 0 | AA84: =SUM(B84:Y84)/1000 -> 0
A85: 2031 | B85: =B8/'Output-Calculation-sheet'!B7*'Output-Calculation-sheet'!B70 -> 0 | C85: =C8/'Output-Calculation-sheet'!C7*'Output-Calculation-sheet'!C70 -> 0 | D85: =D8/'Output-Calculation-sheet'!D7*'Output-Calculation-sheet'!D70 -> 0 | E85: =E8/'Output-Calculation-sheet'!E7*'Output-Calculation-sheet'!E70 -> 0 | F85: =F8/'Output-Calculation-sheet'!F7*'Output-Calculation-sheet'!F70 -> 0 | G85: =G8/'Output-Calculation-sheet'!G7*'Output-Calculation-sheet'!G70 -> 0 | H85: =H8/'Output-Calculation-sheet'!H7*'Output-Calculation-sheet'!H70 -> 0 | I85: =I8/'Output-Calculation-sheet'!I7*'Output-Calculation-sheet'!I70 -> 0 | ... Y85: =Y8/'Output-Calculation-sheet'!Y7*'Output-Calculation-sheet'!Y70 -> 0 | AA85: =SUM(B85:Y85)/1000 -> 0
A86: 2032 | B86: =B9/'Output-Calculation-sheet'!B8*'Output-Calculation-sheet'!B71 -> 0 | C86: =C9/'Output-Calculation-sheet'!C8*'Output-Calculation-sheet'!C71 -> 0 | D86: =D9/'Output-Calculation-sheet'!D8*'Output-Calculation-sheet'!D71 -> 0 | E86: =E9/'Output-Calculation-sheet'!E8*'Output-Calculation-sheet'!E71 -> 0 | F86: =F9/'Output-Calculation-sheet'!F8*'Output-Calculation-sheet'!F71 -> 0 | G86: =G9/'Output-Calculation-sheet'!G8*'Output-Calculation-sheet'!G71 -> 0 | H86: =H9/'Output-Calculation-sheet'!H8*'Output-Calculation-sheet'!H71 -> 0 | I86: =I9/'Output-Calculation-sheet'!I8*'Output-Calculation-sheet'!I71 -> 0 | ... Y86: =Y9/'Output-Calculation-sheet'!Y8*'Output-Calculation-sheet'!Y71 -> 0 | AA86: =SUM(B86:Y86)/1000 -> 0
A87: 2033 | B87: =B10/'Output-Calculation-sheet'!B9*'Output-Calculation-sheet'!B72 -> 0 | C87: =C10/'Output-Calculation-sheet'!C9*'Output-Calculation-sheet'!C72 -> 0 | D87: =D10/'Output-Calculation-sheet'!D9*'Output-Calculation-sheet'!D72 -> 0 | E87: =E10/'Output-Calculation-sheet'!E9*'Output-Calculation-sheet'!E72 -> 0 | F87: =F10/'Output-Calculation-sheet'!F9*'Output-Calculation-sheet'!F72 -> 0 | G87: =G10/'Output-Calculation-sheet'!G9*'Output-Calculation-sheet'!G72 -> 0 | H87: =H10/'Output-Calculation-sheet'!H9*'Output-Calculation-sheet'!H72 -> 0 | I87: =I10/'Output-Calculation-sheet'!I9*'Output-Calculation-sheet'!I72 -> 0 | ... Y87: =Y10/'Output-Calculation-sheet'!Y9*'Output-Calculation-sheet'!Y72 -> 0 | AA87: =SUM(B87:Y87)/1000 -> 0
A88: 2034 | B88: =B11/'Output-Calculation-sheet'!B10*'Output-Calculation-sheet'!B73 -> 0 | C88: =C11/'Output-Calculation-sheet'!C10*'Output-Calculation-sheet'!C73 -> 0 | D88: =D11/'Output-Calculation-sheet'!D10*'Output-Calculation-sheet'!D73 -> 0 | E88: =E11/'Output-Calculation-sheet'!E10*'Output-Calculation-sheet'!E73 -> 0 | F88: =F11/'Output-Calculation-sheet'!F10*'Output-Calculation-sheet'!F73 -> 0 | G88: =G11/'Output-Calculation-sheet'!G10*'Output-Calculation-sheet'!G73 -> 0 | H88: =H11/'Output-Calculation-sheet'!H10*'Output-Calculation-sheet'!H73 -> 0 | I88: =I11/'Output-Calculation-sheet'!I10*'Output-Calculation-sheet'!I73 -> 0 | ... Y88: =Y11/'Output-Calculation-sheet'!Y10*'Output-Calculation-sheet'!Y73 -> 0 | AA88: =SUM(B88:Y88)/1000 -> 0
A89: 2035 | B89: =B12/'Output-Calculation-sheet'!B11*'Output-Calculation-sheet'!B74 -> 0 | C89: =C12/'Output-Calculation-sheet'!C11*'Output-Calculation-sheet'!C74 -> 0 | D89: =D12/'Output-Calculation-sheet'!D11*'Output-Calculation-sheet'!D74 -> 0 | E89: =E12/'Output-Calculation-sheet'!E11*'Output-Calculation-sheet'!E74 -> 0 | F89: =F12/'Output-Calculation-sheet'!F11*'Output-Calculation-sheet'!F74 -> 0 | G89: =G12/'Output-Calculation-sheet'!G11*'Output-Calculation-sheet'!G74 -> 0 | H89: =H12/'Output-Calculation-sheet'!H11*'Output-Calculation-sheet'!H74 -> 0 | I89: =I12/'Output-Calculation-sheet'!I11*'Output-Calculation-sheet'!I74 -> 0 | ... Y89: =Y12/'Output-Calculation-sheet'!Y11*'Output-Calculation-sheet'!Y74 -> 0 | AA89: =SUM(B89:Y89)/1000 -> 0
A91: Emissions avoided (kgCO2) | AA91: Total avoided emissions (GtCO2)
A93: 2028 | B93: =B5/'Output-Calculation-sheet'!B4*'Output-Calculation-sheet'!B76 -> 8.0969135e+09 | C93: =C5/'Output-Calculation-sheet'!C4*'Output-Calculation-sheet'!C76 -> 9.1749737e+08 | D93: =D5/'Output-Calculation-sheet'!D4*'Output-Calculation-sheet'!D76 -> 3.7377558e+09 | E93: =E5/'Output-Calculation-sheet'!E4*'Output-Calculation-sheet'!E76 -> 5.989623e+09 | F93: =F5/'Output-Calculation-sheet'!F4*'Output-Calculation-sheet'!F76 -> 2.8076421e+09 | G93: =G5/'Output-Calculation-sheet'!G4*'Output-Calculation-sheet'!G76 -> 2.1239937e+09 | H93: =H5/'Output-Calculation-sheet'!H4*'Output-Calculation-sheet'!H76 -> 5.8419184e+08 | I93: =I5/'Output-Calculation-sheet'!I4*'Output-Calculation-sheet'!I76 -> 1.4199823e+09 | ... Y93: =Y5/'Output-Calculation-sheet'!Y4*'Output-Calculation-sheet'!Y76 -> 1.9655606e+08 | AA93: =SUM(B93:Y93)/10^9 -> 34.366875
A94: 2029 | B94: =B6/'Output-Calculation-sheet'!B5*'Output-Calculation-sheet'!B77 -> 1.0678721e+10 | C94: =C6/'Output-Calculation-sheet'!C5*'Output-Calculation-sheet'!C77 -> 1.2371531e+09 | D94: =D6/'Output-Calculation-sheet'!D5*'Output-Calculation-sheet'!D77 -> 4.8918885e+09 | E94: =E6/'Output-Calculation-sheet'!E5*'Output-Calculation-sheet'!E77 -> 7.9921113e+09 | F94: =F6/'Output-Calculation-sheet'!F5*'Output-Calculation-sheet'!F77 -> 3.6720686e+09 | G94: =G6/'Output-Calculation-sheet'!G5*'Output-Calculation-sheet'!G77 -> 2.8146753e+09 | H94: =H6/'Output-Calculation-sheet'!H5*'Output-Calculation-sheet'!H77 -> 7.8221395e+08 | I94: =I6/'Output-Calculation-sheet'!I5*'Output-Calculation-sheet'!I77 -> 1.8537093e+09 | ... Y94: =Y6/'Output-Calculation-sheet'!Y5*'Output-Calculation-sheet'!Y77 -> 2.6218436e+08 | AA94: =SUM(B94:Y94)/10^9 -> 45.425441
A95: 2030 | B95: =B7/'Output-Calculation-sheet'!B6*'Output-Calculation-sheet'!B78 -> 1.290317e+10 | C95: =C7/'Output-Calculation-sheet'!C6*'Output-Calculation-sheet'!C78 -> 1.5323549e+09 | D95: =D7/'Output-Calculation-sheet'!D6*'Output-Calculation-sheet'!D78 -> 5.8782284e+09 | E95: =E7/'Output-Calculation-sheet'!E6*'Output-Calculation-sheet'!E78 -> 9.7709067e+09 | F95: =F7/'Output-Calculation-sheet'!F6*'Output-Calculation-sheet'!F78 -> 4.4031274e+09 | G95: =G7/'Output-Calculation-sheet'!G6*'Output-Calculation-sheet'!G78 -> 3.4233318e+09 | H95: =H7/'Output-Calculation-sheet'!H6*'Output-Calculation-sheet'!H78 -> 9.5968761e+08 | I95: =I7/'Output-Calculation-sheet'!I6*'Output-Calculation-sheet'!I78 -> 2.2200865e+09 | ... Y95: =Y7/'Output-Calculation-sheet'!Y6*'Output-Calculation-sheet'!Y78 -> 3.216391e+08 | AA95: =SUM(B95:Y95)/10^9 -> 55.274382
A96: 2031 | B96: =B8/'Output-Calculation-sheet'!B7*'Output-Calculation-sheet'!B79 -> 1.494128e+10 | C96: =C8/'Output-Calculation-sheet'!C7*'Output-Calculation-sheet'!C79 -> 1.8391133e+09 | D96: =D8/'Output-Calculation-sheet'!D7*'Output-Calculation-sheet'!D79 -> 6.5128634e+09 | E96: =E8/'Output-Calculation-sheet'!E7*'Output-Calculation-sheet'!E79 -> 1.1135525e+10 | F96: =F8/'Output-Calculation-sheet'!F7*'Output-Calculation-sheet'!F79 -> 5.0113578e+09 | G96: =G8/'Output-Calculation-sheet'!G7*'Output-Calculation-sheet'!G79 -> 3.8063538e+09 | H96: =H8/'Output-Calculation-sheet'!H7*'Output-Calculation-sheet'!H79 -> 1.1073982e+09 | I96: =I8/'Output-Calculation-sheet'!I7*'Output-Calculation-sheet'!I79 -> 2.5531989e+09 | ... Y96: =Y8/'Output-Calculation-sheet'!Y7*'Output-Calculation-sheet'!Y79 -> 3.6340773e+08 | AA96: =SUM(B96:Y96)/10^9 -> 63.030315
A97: 2032 | B97: =B9/'Output-Calculation-sheet'!B8*'Output-Calculation-sheet'!B80 -> 1.6616302e+10 | C97: =C9/'Output-Calculation-sheet'!C8*'Output-Calculation-sheet'!C80 -> 2.0875601e+09 | D97: =D9/'Output-Calculation-sheet'!D8*'Output-Calculation-sheet'!D80 -> 6.8753697e+09 | E97: =E9/'Output-Calculation-sheet'!E8*'Output-Calculation-sheet'!E80 -> 1.2104814e+10 | F97: =F9/'Output-Calculation-sheet'!F8*'Output-Calculation-sheet'!F80 -> 5.4349901e+09 | G97: =G9/'Output-Calculation-sheet'!G8*'Output-Calculation-sheet'!G80 -> 4.0228762e+09 | H97: =H9/'Output-Calculation-sheet'!H8*'Output-Calculation-sheet'!H80 -> 1.2189575e+09 | I97: =I9/'Output-Calculation-sheet'!I8*'Output-Calculation-sheet'!I80 -> 2.7941746e+09 | ... Y97: =Y9/'Output-Calculation-sheet'!Y8*'Output-Calculation-sheet'!Y80 -> 3.9043552e+08 | AA97: =SUM(B97:Y97)/10^9 -> 68.603761
A98: 2033 | B98: =B10/'Output-Calculation-sheet'!B9*'Output-Calculation-sheet'!B81 -> 1.8244858e+10 | C98: =C10/'Output-Calculation-sheet'!C9*'Output-Calculation-sheet'!C81 -> 2.3006331e+09 | D98: =D10/'Output-Calculation-sheet'!D9*'Output-Calculation-sheet'!D81 -> 7.1106474e+09 | E98: =E10/'Output-Calculation-sheet'!E9*'Output-Calculation-sheet'!E81 -> 1.2885334e+10 | F98: =F10/'Output-Calculation-sheet'!F9*'Output-Calculation-sheet'!F81 -> 5.7720203e+09 | G98: =G10/'Output-Calculation-sheet'!G9*'Output-Calculation-sheet'!G81 -> 4.1531535e+09 | H98: =H10/'Output-Calculation-sheet'!H9*'Output-Calculation-sheet'!H81 -> 1.3100124e+09 | I98: =I10/'Output-Calculation-sheet'!I9*'Output-Calculation-sheet'!I81 -> 2.9967303e+09 | ... Y98: =Y10/'Output-Calculation-sheet'!Y9*'Output-Calculation-sheet'!Y81 -> 4.105769e+08 | AA98: =SUM(B98:Y98)/10^9 -> 73.315853
A99: 2034 | B99: =B11/'Output-Calculation-sheet'!B10*'Output-Calculation-sheet'!B82 -> 1.9753544e+10 | C99: =C11/'Output-Calculation-sheet'!C10*'Output-Calculation-sheet'!C82 -> 2.5079656e+09 | D99: =D11/'Output-Calculation-sheet'!D10*'Output-Calculation-sheet'!D82 -> 7.2593751e+09 | E99: =E11/'Output-Calculation-sheet'!E10*'Output-Calculation-sheet'!E82 -> 1.353425e+10 | F99: =F11/'Output-Calculation-sheet'!F10*'Output-Calculation-sheet'!F82 -> 6.0528131e+09 | G99: =G11/'Output-Calculation-sheet'!G10*'Output-Calculation-sheet'!G82 -> 4.2266683e+09 | H99: =H11/'Output-Calculation-sheet'!H10*'Output-Calculation-sheet'!H82 -> 1.3916626e+09 | I99: =I11/'Output-Calculation-sheet'!I10*'Output-Calculation-sheet'!I82 -> 3.1726409e+09 | ... Y99: =Y11/'Output-Calculation-sheet'!Y10*'Output-Calculation-sheet'!Y82 -> 4.2590662e+08 | AA99: =SUM(B99:Y99)/10^9 -> 77.3803
A100: 2035 | B100: =B12/'Output-Calculation-sheet'!B11*'Output-Calculation-sheet'!B83 -> 2.159562e+10 | C100: =C12/'Output-Calculation-sheet'!C11*'Output-Calculation-sheet'!C83 -> 2.6970358e+09 | D100: =D12/'Output-Calculation-sheet'!D11*'Output-Calculation-sheet'!D83 -> 7.3468659e+09 | E100: =E12/'Output-Calculation-sheet'!E11*'Output-Calculation-sheet'!E83 -> 1.4085488e+10 | F100: =F12/'Output-Calculation-sheet'!F11*'Output-Calculation-sheet'!F83 -> 6.2878655e+09 | G100: =G12/'Output-Calculation-sheet'!G11*'Output-Calculation-sheet'!G83 -> 4.2573382e+09 | H100: =H12/'Output-Calculation-sheet'!H11*'Output-Calculation-sheet'!H83 -> 1.4663156e+09 | I100: =I12/'Output-Calculation-sheet'!I11*'Output-Calculation-sheet'!I83 -> 3.3277333e+09 | ... Y100: =Y12/'Output-Calculation-sheet'!Y11*'Output-Calculation-sheet'!Y83 -> 4.3674877e+08 | AA100: =SUM(B100:Y100)/10^9 -> 81.338702

Sheet Peak 2035-No Change-Medium
A1: Country | B1: Virginia | C1: Oregon | D1: Iowa | E1: Ohio | F1: Texas | G1: Nebraska | H1: Georgia | I1: Oklahoma | J1: Illinois | K1: New Mexico | L1: New York | M1: Alabama | N1: Tennessee | O1: Washington | P1: Utah | Q1: South Carolina | R1: Arizona | S1: North Carolina | T1: Colorado | U1: Nevada | V1: California | W1: Wyoming | X1: Pennsylvania | Y1: Missouri
A3: Year
A5: 2028 | B5: 5.115808e+10 | C5: 2.4108262e+10 | D5: 2.1486979e+10 | E5: 1.7047737e+10 | F5: 1.097424e+10 | G5: 7.7108023e+09 | H5: 7.5215916e+09 | I5: 7.0251479e+09 | J5: 6.8377937e+09 | K5: 6.7722425e+09 | L5: 5.432781e+09 | M5: 5.1892426e+09 | N5: 5.0932266e+09 | O5: 4.6842562e+09 | P5: 4.6365976e+09 | Q5: 4.5616627e+09 | R5: 4.3885293e+09 | S5: 2.9168414e+09 | T5: 1.6131856e+09 | U5: 1.4050296e+09 | V5: 1.0819009e+09 | W5: 9.3668638e+08 | X5: 5.6201183e+08 | Y5: 5.4655088e+08
A6: 2029 | B6: 6.8020613e+10 | C6: 3.2054736e+10 | D6: 2.8569435e+10 | E6: 2.2666948e+10 | F6: 1.4591528e+10 | G6: 1.0252408e+10 | H6: 1.000083e+10 | I6: 9.3407506e+09 | J6: 9.0916415e+09 | K6: 9.0044835e+09 | L6: 7.2235138e+09 | M6: 6.8997011e+09 | N6: 6.7720367e+09 | O6: 6.228263e+09 | P6: 6.1648954e+09 | Q6: 6.0652607e+09 | R6: 5.8350598e+09 | S6: 3.8782796e+09 | T6: 2.1449178e+09 | U6: 1.8681501e+09 | V6: 1.4385129e+09 | W6: 1.2454334e+09 | X6: 7.4726004e+08 | Y6: 7.2670292e+08
A7: 2030 | B7: 8.3034356e+10 | C7: 3.9129967e+10 | D7: 3.4875379e+10 | E7: 2.7670074e+10 | F7: 1.781222e+10 | G7: 1.2515354e+10 | H7: 1.2208248e+10 | I7: 1.1402473e+10 | J7: 1.109838e+10 | K7: 1.0991984e+10 | L7: 8.8179125e+09 | M7: 8.4226268e+09 | N7: 8.2667838e+09 | O7: 7.6029866e+09 | P7: 7.5256322e+09 | Q7: 7.4040058e+09 | R7: 7.1229942e+09 | S7: 4.7343068e+09 | T7: 2.6183514e+09 | U7: 2.2804946e+09 | V7: 1.7560265e+09 | W7: 1.5203297e+09 | X7: 9.1219784e+08 | Y7: 8.8710328e+08
A8: 2031 | B8: 9.5890564e+10 | C8: 4.5188459e+10 | D8: 4.0275133e+10 | E8: 3.1954231e+10 | F8: 2.0570085e+10 | G8: 1.4453106e+10 | H8: 1.4098451e+10 | I8: 1.3167918e+10 | J8: 1.2816742e+10 | K8: 1.2693873e+10 | L8: 1.018319e+10 | M8: 9.7267019e+09 | N8: 9.5467298e+09 | O8: 8.7801568e+09 | P8: 8.6908257e+09 | Q8: 8.5503679e+09 | R8: 8.2258472e+09 | S8: 5.4673194e+09 | T8: 3.0237507e+09 | U8: 2.6335835e+09 | V8: 2.027912e+09 | W8: 1.7557224e+09 | X8: 1.0534334e+09 | Y8: 1.0244535e+09
A9: 2032 | B9: 1.0544987e+11 | C9: 4.9693286e+10 | D9: 4.4290152e+10 | E9: 3.5139741e+10 | F9: 2.2620712e+10 | G9: 1.5893933e+10 | H9: 1.5503922e+10 | I9: 1.4480624e+10 | J9: 1.409444e+10 | K9: 1.3959322e+10 | L9: 1.119835e+10 | M9: 1.0696355e+10 | N9: 1.0498441e+10 | O9: 9.6554487e+09 | P9: 9.5572121e+09 | Q9: 9.4027521e+09 | R9: 9.04588e+09 | S9: 6.0123552e+09 | T9: 3.3251877e+09 | U9: 2.8961249e+09 | V9: 2.2300741e+09 | W9: 1.9307499e+09 | X9: 1.15845e+09 | Y9: 1.126581e+09
A10: 2033 | B10: 1.1345368e+11 | C10: 5.3465081e+10 | D10: 4.7651841e+10 | E10: 3.78069e+10 | F10: 2.4337658e+10 | G10: 1.7100307e+10 | H10: 1.6680693e+10 | I10: 1.5579725e+10 | J10: 1.5164229e+10 | K10: 1.5018855e+10 | L10: 1.2048321e+10 | M10: 1.1508224e+10 | N10: 1.1295288e+10 | O10: 1.0388312e+10 | P10: 1.0282619e+10 | Q10: 1.0116435e+10 | R10: 9.7324758e+09 | S10: 6.468702e+09 | T10: 3.5775744e+09 | U10: 3.1159451e+09 | V10: 2.39934e+09 | W10: 2.0772967e+09 | X10: 1.246378e+09 | Y10: 1.2120902e+09
A11: 2034 | B11: 1.205549e+11 | C11: 5.6811534e+10 | D11: 5.0634435e+10 | E11: 4.0173286e+10 | F11: 2.5860986e+10 | G11: 1.8170638e+10 | H11: 1.772476e+10 | I11: 1.6554882e+10 | J11: 1.6113379e+10 | K11: 1.5958906e+10 | L11: 1.2802442e+10 | M11: 1.2228539e+10 | N11: 1.2002276e+10 | O11: 1.103853e+10 | P11: 1.0926222e+10 | Q11: 1.0749637e+10 | R11: 1.0341645e+10 | S11: 6.873587e+09 | T11: 3.8014997e+09 | U11: 3.3109764e+09 | V11: 2.549518e+09 | W11: 2.2073176e+09 | X11: 1.3243905e+09 | Y11: 1.2879566e+09
A12: 2035 | B12: 1.2706709e+11 | C12: 5.9880406e+10 | D12: 5.336963e+10 | E12: 4.2343385e+10 | F12: 2.7257957e+10 | G12: 1.9152188e+10 | H12: 1.8682225e+10 | I12: 1.7449151e+10 | J12: 1.6983799e+10 | K12: 1.6820982e+10 | L12: 1.349401e+10 | M12: 1.2889106e+10 | N12: 1.2650621e+10 | O12: 1.1634815e+10 | P12: 1.151644e+10 | Q12: 1.1330316e+10 | R12: 1.0900285e+10 | S12: 7.2448876e+09 | T12: 4.0068509e+09 | U12: 3.4898302e+09 | V12: 2.6872391e+09 | W12: 2.3265535e+09 | X12: 1.3959321e+09 | Y12: 1.35753e+09
A14: Solar Capacity (MW) | AA14: Total Solar Capacity (GW)
A16: 2028 | B16: =B5/'Output-Calculation-sheet'!B4*'Output-Calculation-sheet'!B22 -> 1552.6591 | C16: =C5/'Output-Calculation-sheet'!C4*'Output-Calculation-sheet'!C22 -> 3193.017 | D16: =D5/'Output-Calculation-sheet'!D4*'Output-Calculation-sheet'!D22 -> 0 | E16: =E5/'Output-Calculation-sheet'!E4*'Output-Calculation-sheet'!E22 -> 0 | F16: =F5/'Output-Calculation-sheet'!F4*'Output-Calculation-sheet'!F22 -> 0 | G16: =G5/'Output-Calculation-sheet'!G4*'Output-Calculation-sheet'!G22 -> 0 | H16: =H5/'Output-Calculation-sheet'!H4*'Output-Calculation-sheet'!H22 -> 1213.5092 | I16: =I5/'Output-Calculation-sheet'!I4*'Output-Calculation-sheet'!I22 -> 0 | ... Y16: =Y5/'Output-Calculation-sheet'!Y4*'Output-Calculation-sheet'!Y22 -> 0 | AA16: =SUM(B16:Y16)/1000 -> 7.377627
A17: 2029 | B17: =B6/'Output-Calculation-sheet'!B5*'Output-Calculation-sheet'!B23 -> 2597.6152 | C17: =C6/'Output-Calculation-sheet'!C5*'Output-Calculation-sheet'!C23 -> 4386.2282 | D17: =D6/'Output-Calculation-sheet'!D5*'Output-Calculation-sheet'!D23 -> 0 | E17: =E6/'Output-Calculation-sheet'!E5*'Output-Calculation-sheet'!E23 -> 0 | F17: =F6/'Output-Calculation-sheet'!F5*'Output-Calculation-sheet'!F23 -> 0 | G17: =G6/'Output-Calculation-sheet'!G5*'Output-Calculation-sheet'!G23 -> 0 | H17: =H6/'Output-Calculation-sheet'!H5*'Output-Calculation-sheet'!H23 -> 1652.8098 | I17: =I6/'Output-Calculation-sheet'!I5*'Output-Calculation-sheet'!I23 -> 0 | ... Y17: =Y6/'Output-Calculation-sheet'!Y5*'Output-Calculation-sheet'!Y23 -> 0 | AA17: =SUM(B17:Y17)/1000 -> 10.690451
A18: 2030 | B18: =B7/'Output-Calculation-sheet'!B6*'Output-Calculation-sheet'!B24 -> 3679.4985 | C18: =C7/'Output-Calculation-sheet'!C6*'Output-Calculation-sheet'!C24 -> 5549.413 | D18: =D7/'Output-Calculation-sheet'!D6*'Output-Calculation-sheet'!D24 -> 0 | E18: =E7/'Output-Calculation-sheet'!E6*'Output-Calculation-sheet'!E24 -> 0 | F18: =F7/'Output-Calculation-sheet'!F6*'Output-Calculation-sheet'!F24 -> 0 | G18: =G7/'Output-Calculation-sheet'!G6*'Output-Calculation-sheet'!G24 -> 0 | H18: =H7/'Output-Calculation-sheet'!H6*'Output-Calculation-sheet'!H24 -> 2065.4187 | I18: =I7/'Output-Calculation-sheet'!I6*'Output-Calculation-sheet'!I24 -> 0 | ... Y18: =Y7/'Output-Calculation-sheet'!Y6*'Output-Calculation-sheet'!Y24 -> 0 | AA18: =SUM(B18:Y18)/1000 -> 14.784244
A19: 2031 | B19: =B8/'Output-Calculation-sheet'!B7*'Output-Calculation-sheet'!B25 -> 5023.478 | C19: =C8/'Output-Calculation-sheet'!C7*'Output-Calculation-sheet'!C25 -> 6698.1083 | D19: =D8/'Output-Calculation-sheet'!D7*'Output-Calculation-sheet'!D25 -> 0 | E19: =E8/'Output-Calculation-sheet'!E7*'Output-Calculation-sheet'!E25 -> 0 | F19: =F8/'Output-Calculation-sheet'!F7*'Output-Calculation-sheet'!F25 -> 0 | G19: =G8/'Output-Calculation-sheet'!G7*'Output-Calculation-sheet'!G25 -> 0 | H19: =H8/'Output-Calculation-sheet'!H7*'Output-Calculation-sheet'!H25 -> 2440.5667 | I19: =I8/'Output-Calculation-sheet'!I7*'Output-Calculation-sheet'!I25 -> 0 | ... Y19: =Y8/'Output-Calculation-sheet'!Y7*'Output-Calculation-sheet'!Y25 -> 0 | AA19: =SUM(B19:Y19)/1000 -> 18.506272
A20: 2032 | B20: =B9/'Output-Calculation-sheet'!B8*'Output-Calculation-sheet'!B26 -> 6629.9855 | C20: =C9/'Output-Calculation-sheet'!C8*'Output-Calculation-sheet'!C26 -> 7641.5778 | D20: =D9/'Output-Calculation-sheet'!D8*'Output-Calculation-sheet'!D26 -> 0 | E20: =E9/'Output-Calculation-sheet'!E8*'Output-Calculation-sheet'!E26 -> 0 | F20: =F9/'Output-Calculation-sheet'!F8*'Output-Calculation-sheet'!F26 -> 0 | G20: =G9/'Output-Calculation-sheet'!G8*'Output-Calculation-sheet'!G26 -> 0 | H20: =H9/'Output-Calculation-sheet'!H8*'Output-Calculation-sheet'!H26 -> 2751.0005 | I20: =I9/'Output-Calculation-sheet'!I8*'Output-Calculation-sheet'!I26 -> 0 | ... Y20: =Y9/'Output-Calculation-sheet'!Y8*'Output-Calculation-sheet'!Y26 -> 0 | AA20: =SUM(B20:Y20)/1000 -> 22.104756
A21: 2033 | B21: =B10/'Output-Calculation-sheet'!B9*'Output-Calculation-sheet'!B27 -> 8976.9265 | C21: =C10/'Output-Calculation-sheet'!C9*'Output-Calculation-sheet'!C27 -> 8446.8699 | D21: =D10/'Output-Calculation-sheet'!D9*'Output-Calculation-sheet'!D27 -> 0 | E21: =E10/'Output-Calculation-sheet'!E9*'Output-Calculation-sheet'!E27 -> 0 | F21: =F10/'Output-Calculation-sheet'!F9*'Output-Calculation-sheet'!F27 -> 0 | G21: =G10/'Output-Calculation-sheet'!G9*'Output-Calculation-sheet'!G27 -> 0 | H21: =H10/'Output-Calculation-sheet'!H9*'Output-Calculation-sheet'!H27 -> 3022.7801 | I21: =I10/'Output-Calculation-sheet'!I9*'Output-Calculation-sheet'!I27 -> 0 | ... Y21: =Y10/'Output-Calculation-sheet'!Y9*'Output-Calculation-sheet'!Y27 -> 0 | AA21: =SUM(B21:Y21)/1000 -> 26.255715
A22: 2034 | B22: =B11/'Output-Calculation-sheet'!B10*'Output-Calculation-sheet'!B28 -> 11758.697 | C22: =C11/'Output-Calculation-sheet'!C10*'Output-Calculation-sheet'!C28 -> 9262.3203 | D22: =D11/'Output-Calculation-sheet'!D10*'Output-Calculation-sheet'!D28 -> 0 | E22: =E11/'Output-Calculation-sheet'!E10*'Output-Calculation-sheet'!E28 -> 0 | F22: =F11/'Output-Calculation-sheet'!F10*'Output-Calculation-sheet'!F28 -> 0 | G22: =G11/'Output-Calculation-sheet'!G10*'Output-Calculation-sheet'!G28 -> 0 | H22: =H11/'Output-Calculation-sheet'!H10*'Output-Calculation-sheet'!H28 -> 3287.0803 | I22: =I11/'Output-Calculation-sheet'!I10*'Output-Calculation-sheet'!I28 -> 0 | ... Y22: =Y11/'Output-Calculation-sheet'!Y10*'Output-Calculation-sheet'!Y28 -> 0 | AA22: =SUM(B22:Y22)/1000 -> 30.93372
A23: 2035 | B23: =B12/'Output-Calculation-sheet'!B11*'Output-Calculation-sheet'!B29 -> 16022.172 | C23: =C12/'Output-Calculation-sheet'!C11*'Output-Calculation-sheet'!C29 -> 10034.283 | D23: =D12/'Output-Calculation-sheet'!D11*'Output-Calculation-sheet'!D29 -> 0 | E23: =E12/'Output-Calculation-sheet'!E11*'Output-Calculation-sheet'!E29 -> 0 | F23: =F12/'Output-Calculation-sheet'!F11*'Output-Calculation-sheet'!F29 -> 0 | G23: =G12/'Output-Calculation-sheet'!G11*'Output-Calculation-sheet'!G29 -> 0 | H23: =H12/'Output-Calculation-sheet'!H11*'Output-Calculation-sheet'!H29 -> 3554.7099 | I23: =I12/'Output-Calculation-sheet'!I11*'Output-Calculation-sheet'!I29 -> 0 | ... Y23: =Y12/'Output-Calculation-sheet'!Y11*'Output-Calculation-sheet'!Y29 -> 0 | AA23: =SUM(B23:Y23)/1000 -> 37.163662
A25: Wind Capacity (MW) | AA25: Total Wind Capacity (GW)
A27: 2028 | B27: =B5/'Output-Calculation-sheet'!B4*'Output-Calculation-sheet'!B13 -> 13305.667 | C27: =C5/'Output-Calculation-sheet'!C4*'Output-Calculation-sheet'!C13 -> 0 | D27: =D5/'Output-Calculation-sheet'!D4*'Output-Calculation-sheet'!D13 -> 2902.2952 | E27: =E5/'Output-Calculation-sheet'!E4*'Output-Calculation-sheet'!E13 -> 3605.5767 | F27: =F5/'Output-Calculation-sheet'!F4*'Output-Calculation-sheet'!F13 -> 1775.837 | G27: =G5/'Output-Calculation-sheet'!G4*'Output-Calculation-sheet'!G13 -> 1079.9332 | H27: =H5/'Output-Calculation-sheet'!H4*'Output-Calculation-sheet'!H13 -> 0 | I27: =I5/'Output-Calculation-sheet'!I4*'Output-Calculation-sheet'!I13 -> 1013.3489 | ... Y27: =Y5/'Output-Calculation-sheet'!Y4*'Output-Calculation-sheet'!Y13 -> 107.0101 | AA27: =SUM(B27:Y27)/1000 -> 32.036963
A28: 2029 | B28: =B6/'Output-Calculation-sheet'!B5*'Output-Calculation-sheet'!B14 -> 17672.309 | C28: =C6/'Output-Calculation-sheet'!C5*'Output-Calculation-sheet'!C14 -> 0 | D28: =D6/'Output-Calculation-sheet'!D5*'Output-Calculation-sheet'!D14 -> 3892.6613 | E28: =E6/'Output-Calculation-sheet'!E5*'Output-Calculation-sheet'!E14 -> 4870.796 | F28: =F6/'Output-Calculation-sheet'!F5*'Output-Calculation-sheet'!F14 -> 2383.4512 | G28: =G6/'Output-Calculation-sheet'!G5*'Output-Calculation-sheet'!G14 -> 1449.6761 | H28: =H6/'Output-Calculation-sheet'!H5*'Output-Calculation-sheet'!H14 -> 0 | I28: =I6/'Output-Calculation-sheet'!I5*'Output-Calculation-sheet'!I14 -> 1361.6503 | ... Y28: =Y6/'Output-Calculation-sheet'!Y5*'Output-Calculation-sheet'!Y14 -> 143.80595 | AA28: =SUM(B28:Y28)/1000 -> 42.838626
A29: 2030 | B29: =B7/'Output-Calculation-sheet'!B6*'Output-Calculation-sheet'!B15 -> 21633.143 | C29: =C7/'Output-Calculation-sheet'!C6*'Output-Calculation-sheet'!C15 -> 0 | D29: =D7/'Output-Calculation-sheet'!D6*'Output-Calculation-sheet'!D15 -> 4796.3002 | E29: =E7/'Output-Calculation-sheet'!E6*'Output-Calculation-sheet'!E15 -> 6010.9474 | F29: =F7/'Output-Calculation-sheet'!F6*'Output-Calculation-sheet'!F15 -> 2932.0866 | G29: =G7/'Output-Calculation-sheet'!G6*'Output-Calculation-sheet'!G15 -> 1785.7898 | H29: =H7/'Output-Calculation-sheet'!H6*'Output-Calculation-sheet'!H15 -> 0 | I29: =I7/'Output-Calculation-sheet'!I6*'Output-Calculation-sheet'!I15 -> 1679.2189 | ... Y29: =Y7/'Output-Calculation-sheet'!Y6*'Output-Calculation-sheet'!Y15 -> 178.18355 | AA29: =SUM(B29:Y29)/1000 -> 52.678388
A30: 2031 | B30: =B8/'Output-Calculation-sheet'!B7*'Output-Calculation-sheet'!B16 -> 24704.788 | C30: =C8/'Output-Calculation-sheet'!C7*'Output-Calculation-sheet'!C16 -> 0 | D30: =D8/'Output-Calculation-sheet'!D7*'Output-Calculation-sheet'!D16 -> 5565.7507 | E30: =E8/'Output-Calculation-sheet'!E7*'Output-Calculation-sheet'!E16 -> 6974.7747 | F30: =F8/'Output-Calculation-sheet'!F7*'Output-Calculation-sheet'!F16 -> 3406.4793 | G30: =G8/'Output-Calculation-sheet'!G7*'Output-Calculation-sheet'!G16 -> 2075.8643 | H30: =H8/'Output-Calculation-sheet'!H7*'Output-Calculation-sheet'!H16 -> 0 | I30: =I8/'Output-Calculation-sheet'!I7*'Output-Calculation-sheet'!I16 -> 1954.17 | ... Y30: =Y8/'Output-Calculation-sheet'!Y7*'Output-Calculation-sheet'!Y16 -> 206.97513 | AA30: =SUM(B30:Y30)/1000 -> 60.664096
A31: 2032 | B31: =B9/'Output-Calculation-sheet'!B8*'Output-Calculation-sheet'!B17 -> 26863.742 | C31: =C9/'Output-Calculation-sheet'!C8*'Output-Calculation-sheet'!C17 -> 0 | D31: =D9/'Output-Calculation-sheet'!D8*'Output-Calculation-sheet'!D17 -> 6148.5561 | E31: =E9/'Output-Calculation-sheet'!E8*'Output-Calculation-sheet'!E17 -> 7723.3988 | F31: =F9/'Output-Calculation-sheet'!F8*'Output-Calculation-sheet'!F17 -> 3768.394 | G31: =G9/'Output-Calculation-sheet'!G8*'Output-Calculation-sheet'!G17 -> 2293.9222 | H31: =H9/'Output-Calculation-sheet'!H8*'Output-Calculation-sheet'!H17 -> 0 | I31: =I9/'Output-Calculation-sheet'!I8*'Output-Calculation-sheet'!I17 -> 2158.3641 | ... Y31: =Y9/'Output-Calculation-sheet'!Y8*'Output-Calculation-sheet'!Y17 -> 228.64918 | AA31: =SUM(B31:Y31)/1000 -> 66.537088
A32: 2033 | B32: =B10/'Output-Calculation-sheet'!B9*'Output-Calculation-sheet'!B18 -> 28438.932 | C32: =C10/'Output-Calculation-sheet'!C9*'Output-Calculation-sheet'!C18 -> 0 | D32: =D10/'Output-Calculation-sheet'!D9*'Output-Calculation-sheet'!D18 -> 6653.3284 | E32: =E10/'Output-Calculation-sheet'!E9*'Output-Calculation-sheet'!E18 -> 8368.0091 | F32: =F10/'Output-Calculation-sheet'!F9*'Output-Calculation-sheet'!F18 -> 4075.6924 | G32: =G10/'Output-Calculation-sheet'!G9*'Output-Calculation-sheet'!G18 -> 2479.5926 | H32: =H10/'Output-Calculation-sheet'!H9*'Output-Calculation-sheet'!H18 -> 0 | I32: =I10/'Output-Calculation-sheet'!I9*'Output-Calculation-sheet'!I18 -> 2336.5793 | ... Y32: =Y10/'Output-Calculation-sheet'!Y9*'Output-Calculation-sheet'!Y18 -> 247.57399 | AA32: =SUM(B32:Y32)/1000 -> 71.297809
A33: 2034 | B33: =B11/'Output-Calculation-sheet'!B10*'Output-Calculation-sheet'!B19 -> 29485.825 | C33: =C11/'Output-Calculation-sheet'!C10*'Output-Calculation-sheet'!C19 -> 0 | D33: =D11/'Output-Calculation-sheet'!D10*'Output-Calculation-sheet'!D19 -> 7101.0384 | E33: =E11/'Output-Calculation-sheet'!E10*'Output-Calculation-sheet'!E19 -> 8938.2511 | F33: =F11/'Output-Calculation-sheet'!F10*'Output-Calculation-sheet'!F19 -> 4351.0247 | G33: =G11/'Output-Calculation-sheet'!G10*'Output-Calculation-sheet'!G19 -> 2641.2541 | H33: =H11/'Output-Calculation-sheet'!H10*'Output-Calculation-sheet'!H19 -> 0 | I33: =I11/'Output-Calculation-sheet'!I10*'Output-Calculation-sheet'!I19 -> 2496.1106 | ... Y33: =Y11/'Output-Calculation-sheet'!Y10*'Output-Calculation-sheet'!Y19 -> 264.90859 | AA33: =SUM(B33:Y33)/1000 -> 75.189323
A34: 2035 | B34: =B12/'Output-Calculation-sheet'!B11*'Output-Calculation-sheet'!B20 -> 29890.343 | C34: =C12/'Output-Calculation-sheet'!C11*'Output-Calculation-sheet'!C20 -> 0 | D34: =D12/'Output-Calculation-sheet'!D11*'Output-Calculation-sheet'!D20 -> 7529.9952 | E34: =E12/'Output-Calculation-sheet'!E11*'Output-Calculation-sheet'!E20 -> 9478.358 | F34: =F12/'Output-Calculation-sheet'!F11*'Output-Calculation-sheet'!F20 -> 4606.2352 | G34: =G12/'Output-Calculation-sheet'!G11*'Output-Calculation-sheet'!G20 -> 2805.6681 | H34: =H12/'Output-Calculation-sheet'!H11*'Output-Calculation-sheet'!H20 -> 0 | I34: =I12/'Output-Calculation-sheet'!I11*'Output-Calculation-sheet'!I20 -> 2646.2918 | ... Y34: =Y12/'Output-Calculation-sheet'!Y11*'Output-Calculation-sheet'!Y20 -> 280.62578 | AA34: =SUM(B34:Y34)/1000 -> 78.234527
A36: DAC Capacity (ktCO2/yr) | AA36: Total DAC Capacity (ktCO2/yr)
A38: 2028 | B38: =B5/'Output-Calculation-sheet'!B4*'Output-Calculation-sheet'!B31*0.0114 -> 0 | C38: =C5/'Output-Calculation-sheet'!C4*'Output-Calculation-sheet'!C31*0.0114 -> 0 | D38: =D5/'Output-Calculation-sheet'!D4*'Output-Calculation-sheet'!D31*0.0114 -> 0 | E38: =E5/'Output-Calculation-sheet'!E4*'Output-Calculation-sheet'!E31*0.0114 -> 0 | F38: =F5/'Output-Calculation-sheet'!F4*'Output-Calculation-sheet'!F31*0.0114 -> 0 | G38: =G5/'Output-Calculation-sheet'!G4*'Output-Calculation-sheet'!G31*0.0114 -> 0 | H38: =H5/'Output-Calculation-sheet'!H4*'Output-Calculation-sheet'!H31*0.0114 -> 0 | I38: =I5/'Output-Calculation-sheet'!I4*'Output-Calculation-sheet'!I31*0.0114 -> 0 | ... Y38: =Y5/'Output-Calculation-sheet'!Y4*'Output-Calculation-sheet'!Y31*0.0114 -> 0 | AA38: =SUM(B38:Y38) -> 0
A39: 2029 | B39: =B6/'Output-Calculation-sheet'!B5*'Output-Calculation-sheet'!B32*0.0114 -> 0 | C39: =C6/'Output-Calculation-sheet'!C5*'Output-Calculation-sheet'!C32*0.0114 -> 0 | D39: =D6/'Output-Calculation-sheet'!D5*'Output-Calculation-sheet'!D32*0.0114 -> 0 | E39: =E6/'Output-Calculation-sheet'!E5*'Output-Calculation-sheet'!E32*0.0114 -> 0 | F39: =F6/'Output-Calculation-sheet'!F5*'Output-Calculation-sheet'!F32*0.0114 -> 0 | G39: =G6/'Output-Calculation-sheet'!G5*'Output-Calculation-sheet'!G32*0.0114 -> 0 | H39: =H6/'Output-Calculation-sheet'!H5*'Output-Calculation-sheet'!H32*0.0114 -> 0 | I39: =I6/'Output-Calculation-sheet'!I5*'Output-Calculation-sheet'!I32*0.0114 -> 0 | ... Y39: =Y6/'Output-Calculation-sheet'!Y5*'Output-Calculation-sheet'!Y32*0.0114 -> 0 | AA39: =SUM(B39:Y39) -> 0
A40: 2030 | B40: =B7/'Output-Calculation-sheet'!B6*'Output-Calculation-sheet'!B33*0.0114 -> 0 | C40: =C7/'Output-Calculation-sheet'!C6*'Output-Calculation-sheet'!C33*0.0114 -> 0 | D40: =D7/'Output-Calculation-sheet'!D6*'Output-Calculation-sheet'!D33*0.0114 -> 0 | E40: =E7/'Output-Calculation-sheet'!E6*'Output-Calculation-sheet'!E33*0.0114 -> 0 | F40: =F7/'Output-Calculation-sheet'!F6*'Output-Calculation-sheet'!F33*0.0114 -> 0 | G40: =G7/'Output-Calculation-sheet'!G6*'Output-Calculation-sheet'!G33*0.0114 -> 0 | H40: =H7/'Output-Calculation-sheet'!H6*'Output-Calculation-sheet'!H33*0.0114 -> 0 | I40: =I7/'Output-Calculation-sheet'!I6*'Output-Calculation-sheet'!I33*0.0114 -> 0 | ... Y40: =Y7/'Output-Calculation-sheet'!Y6*'Output-Calculation-sheet'!Y33*0.0114 -> 0 | AA40: =SUM(B40:Y40) -> 0
A41: 2031 | B41: =B8/'Output-Calculation-sheet'!B7*'Output-Calculation-sheet'!B34*0.0114 -> 0 | C41: =C8/'Output-Calculation-sheet'!C7*'Output-Calculation-sheet'!C34*0.0114 -> 0 | D41: =D8/'Output-Calculation-sheet'!D7*'Output-Calculation-sheet'!D34*0.0114 -> 0 | E41: =E8/'Output-Calculation-sheet'!E7*'Output-Calculation-sheet'!E34*0.0114 -> 0 | F41: =F8/'Output-Calculation-sheet'!F7*'Output-Calculation-sheet'!F34*0.0114 -> 0 | G41: =G8/'Output-Calculation-sheet'!G7*'Output-Calculation-sheet'!G34*0.0114 -> 0 | H41: =H8/'Output-Calculation-sheet'!H7*'Output-Calculation-sheet'!H34*0.0114 -> 0 | I41: =I8/'Output-Calculation-sheet'!I7*'Output-Calculation-sheet'!I34*0.0114 -> 0 | ... Y41: =Y8/'Output-Calculation-sheet'!Y7*'Output-Calculation-sheet'!Y34*0.0114 -> 0 | AA41: =SUM(B41:Y41) -> 0
A42: 2032 | B42: =B9/'Output-Calculation-sheet'!B8*'Output-Calculation-sheet'!B35*0.0114 -> 0 | C42: =C9/'Output-Calculation-sheet'!C8*'Output-Calculation-sheet'!C35*0.0114 -> 0 | D42: =D9/'Output-Calculation-sheet'!D8*'Output-Calculation-sheet'!D35*0.0114 -> 0 | E42: =E9/'Output-Calculation-sheet'!E8*'Output-Calculation-sheet'!E35*0.0114 -> 0 | F42: =F9/'Output-Calculation-sheet'!F8*'Output-Calculation-sheet'!F35*0.0114 -> 0 | G42: =G9/'Output-Calculation-sheet'!G8*'Output-Calculation-sheet'!G35*0.0114 -> 0 | H42: =H9/'Output-Calculation-sheet'!H8*'Output-Calculation-sheet'!H35*0.0114 -> 0 | I42: =I9/'Output-Calculation-sheet'!I8*'Output-Calculation-sheet'!I35*0.0114 -> 0 | ... Y42: =Y9/'Output-Calculation-sheet'!Y8*'Output-Calculation-sheet'!Y35*0.0114 -> 0 | AA42: =SUM(B42:Y42) -> 0
A43: 2033 | B43: =B10/'Output-Calculation-sheet'!B9*'Output-Calculation-sheet'!B36*0.0114 -> 0 | C43: =C10/'Output-Calculation-sheet'!C9*'Output-Calculation-sheet'!C36*0.0114 -> 0 | D43: =D10/'Output-Calculation-sheet'!D9*'Output-Calculation-sheet'!D36*0.0114 -> 0 | E43: =E10/'Output-Calculation-sheet'!E9*'Output-Calculation-sheet'!E36*0.0114 -> 0 | F43: =F10/'Output-Calculation-sheet'!F9*'Output-Calculation-sheet'!F36*0.0114 -> 0 | G43: =G10/'Output-Calculation-sheet'!G9*'Output-Calculation-sheet'!G36*0.0114 -> 0 | H43: =H10/'Output-Calculation-sheet'!H9*'Output-Calculation-sheet'!H36*0.0114 -> 0 | I43: =I10/'Output-Calculation-sheet'!I9*'Output-Calculation-sheet'!I36*0.0114 -> 0 | ... Y43: =Y10/'Output-Calculation-sheet'!Y9*'Output-Calculation-sheet'!Y36*0.0114 -> 0 | AA43: =SUM(B43:Y43) -> 0
A44: 2034 | B44: =B11/'Output-Calculation-sheet'!B10*'Output-Calculation-sheet'!B37*0.0114 -> 0 | C44: =C11/'Output-Calculation-sheet'!C10*'Output-Calculation-sheet'!C37*0.0114 -> 0 | D44: =D11/'Output-Calculation-sheet'!D10*'Output-Calculation-sheet'!D37*0.0114 -> 0 | E44: =E11/'Output-Calculation-sheet'!E10*'Output-Calculation-sheet'!E37*0.0114 -> 0 | F44: =F11/'Output-Calculation-sheet'!F10*'Output-Calculation-sheet'!F37*0.0114 -> 0 | G44: =G11/'Output-Calculation-sheet'!G10*'Output-Calculation-sheet'!G37*0.0114 -> 0 | H44: =H11/'Output-Calculation-sheet'!H10*'Output-Calculation-sheet'!H37*0.0114 -> 0 | I44: =I11/'Output-Calculation-sheet'!I10*'Output-Calculation-sheet'!I37*0.0114 -> 0 | ... Y44: =Y11/'Output-Calculation-sheet'!Y10*'Output-Calculation-sheet'!Y37*0.0114 -> 0 | AA44: =SUM(B44:Y44) -> 0
A45: 2035 | B45: =B12/'Output-Calculation-sheet'!B11*'Output-Calculation-sheet'!B38*0.0114 -> 0 | C45: =C12/'Output-Calculation-sheet'!C11*'Output-Calculation-sheet'!C38*0.0114 -> 0 | D45: =D12/'Output-Calculation-sheet'!D11*'Output-Calculation-sheet'!D38*0.0114 -> 0 | E45: =E12/'Output-Calculation-sheet'!E11*'Output-Calculation-sheet'!E38*0.0114 -> 0 | F45: =F12/'Output-Calculation-sheet'!F11*'Output-Calculation-sheet'!F38*0.0114 -> 0 | G45: =G12/'Output-Calculation-sheet'!G11*'Output-Calculation-sheet'!G38*0.0114 -> 0 | H45: =H12/'Output-Calculation-sheet'!H11*'Output-Calculation-sheet'!H38*0.0114 -> 0 | I45: =I12/'Output-Calculation-sheet'!I11*'Output-Calculation-sheet'!I38*0.0114 -> 0 | ... Y45: =Y12/'Output-Calculation-sheet'!Y11*'Output-Calculation-sheet'!Y38*0.0114 -> 0 | AA45: =SUM(B45:Y45) -> 0
A47: Battery Storage Capacity (MWh) | AA47: Total Battery Storage Capacity (GWh)
A49: 2028 | B49: =B5/'Output-Calculation-sheet'!B4*'Output-Calculation-sheet'!B40 -> 0 | C49: =C5/'Output-Calculation-sheet'!C4*'Output-Calculation-sheet'!C40 -> 0 | D49: =D5/'Output-Calculation-sheet'!D4*'Output-Calculation-sheet'!D40 -> 0 | E49: =E5/'Output-Calculation-sheet'!E4*'Output-Calculation-sheet'!E40 -> 0 | F49: =F5/'Output-Calculation-sheet'!F4*'Output-Calculation-sheet'!F40 -> 0 | G49: =G5/'Output-Calculation-sheet'!G4*'Output-Calculation-sheet'!G40 -> 0 | H49: =H5/'Output-Calculation-sheet'!H4*'Output-Calculation-sheet'!H40 -> 0 | I49: =I5/'Output-Calculation-sheet'!I4*'Output-Calculation-sheet'!I40 -> 0 | ... Y49: =Y5/'Output-Calculation-sheet'!Y4*'Output-Calculation-sheet'!Y40 -> 0 | AA49: =SUM(B49:Y49)/1000 -> 0.38252506
A50: 2029 | B50: =B6/'Output-Calculation-sheet'!B5*'Output-Calculation-sheet'!B41 -> 0 | C50: =C6/'Output-Calculation-sheet'!C5*'Output-Calculation-sheet'!C41 -> 0 | D50: =D6/'Output-Calculation-sheet'!D5*'Output-Calculation-sheet'!D41 -> 0 | E50: =E6/'Output-Calculation-sheet'!E5*'Output-Calculation-sheet'!E41 -> 0 | F50: =F6/'Output-Calculation-sheet'!F5*'Output-Calculation-sheet'!F41 -> 0 | G50: =G6/'Output-Calculation-sheet'!G5*'Output-Calculation-sheet'!G41 -> 0 | H50: =H6/'Output-Calculation-sheet'!H5*'Output-Calculation-sheet'!H41 -> 0 | I50: =I6/'Output-Calculation-sheet'!I5*'Output-Calculation-sheet'!I41 -> 0 | ... Y50: =Y6/'Output-Calculation-sheet'!Y5*'Output-Calculation-sheet'!Y41 -> 0 | AA50: =SUM(B50:Y50)/1000 -> 0.63122548
A51: 2030 | B51: =B7/'Output-Calculation-sheet'!B6*'Output-Calculation-sheet'!B42 -> 0 | C51: =C7/'Output-Calculation-sheet'!C6*'Output-Calculation-sheet'!C42 -> 0 | D51: =D7/'Output-Calculation-sheet'!D6*'Output-Calculation-sheet'!D42 -> 0 | E51: =E7/'Output-Calculation-sheet'!E6*'Output-Calculation-sheet'!E42 -> 0 | F51: =F7/'Output-Calculation-sheet'!F6*'Output-Calculation-sheet'!F42 -> 0 | G51: =G7/'Output-Calculation-sheet'!G6*'Output-Calculation-sheet'!G42 -> 0 | H51: =H7/'Output-Calculation-sheet'!H6*'Output-Calculation-sheet'!H42 -> 0 | I51: =I7/'Output-Calculation-sheet'!I6*'Output-Calculation-sheet'!I42 -> 0 | ... Y51: =Y7/'Output-Calculation-sheet'!Y6*'Output-Calculation-sheet'!Y42 -> 0 | AA51: =SUM(B51:Y51)/1000 -> 1.3298355
A52: 2031 | B52: =B8/'Output-Calculation-sheet'!B7*'Output-Calculation-sheet'!B43 -> 0 | C52: =C8/'Output-Calculation-sheet'!C7*'Output-Calculation-sheet'!C43 -> 0 | D52: =D8/'Output-Calculation-sheet'!D7*'Output-Calculation-sheet'!D43 -> 0 | E52: =E8/'Output-Calculation-sheet'!E7*'Output-Calculation-sheet'!E43 -> 0 | F52: =F8/'Output-Calculation-sheet'!F7*'Output-Calculation-sheet'!F43 -> 0 | G52: =G8/'Output-Calculation-sheet'!G7*'Output-Calculation-sheet'!G43 -> 141.17108 | H52: =H8/'Output-Calculation-sheet'!H7*'Output-Calculation-sheet'!H43 -> 0 | I52: =I8/'Output-Calculation-sheet'!I7*'Output-Calculation-sheet'!I43 -> 0 | ... Y52: =Y8/'Output-Calculation-sheet'!Y7*'Output-Calculation-sheet'!Y43 -> 0 | AA52: =SUM(B52:Y52)/1000 -> 2.0932781
A53: 2032 | B53: =B9/'Output-Calculation-sheet'!B8*'Output-Calculation-sheet'!B44 -> 1646.9456 | C53: =C9/'Output-Calculation-sheet'!C8*'Output-Calculation-sheet'!C44 -> 0 | D53: =D9/'Output-Calculation-sheet'!D8*'Output-Calculation-sheet'!D44 -> 0 | E53: =E9/'Output-Calculation-sheet'!E8*'Output-Calculation-sheet'!E44 -> 0 | F53: =F9/'Output-Calculation-sheet'!F8*'Output-Calculation-sheet'!F44 -> 0 | G53: =G9/'Output-Calculation-sheet'!G8*'Output-Calculation-sheet'!G44 -> 310.48879 | H53: =H9/'Output-Calculation-sheet'!H8*'Output-Calculation-sheet'!H44 -> 0 | I53: =I9/'Output-Calculation-sheet'!I8*'Output-Calculation-sheet'!I44 -> 0 | ... Y53: =Y9/'Output-Calculation-sheet'!Y8*'Output-Calculation-sheet'!Y44 -> 0 | AA53: =SUM(B53:Y53)/1000 -> 4.5098627
A54: 2033 | B54: =B10/'Output-Calculation-sheet'!B9*'Output-Calculation-sheet'!B45 -> 5315.8538 | C54: =C10/'Output-Calculation-sheet'!C9*'Output-Calculation-sheet'!C45 -> 0 | D54: =D10/'Output-Calculation-sheet'!D9*'Output-Calculation-sheet'!D45 -> 0 | E54: =E10/'Output-Calculation-sheet'!E9*'Output-Calculation-sheet'!E45 -> 0 | F54: =F10/'Output-Calculation-sheet'!F9*'Output-Calculation-sheet'!F45 -> 0 | G54: =G10/'Output-Calculation-sheet'!G9*'Output-Calculation-sheet'!G45 -> 467.67749 | H54: =H10/'Output-Calculation-sheet'!H9*'Output-Calculation-sheet'!H45 -> 0 | I54: =I10/'Output-Calculation-sheet'!I9*'Output-Calculation-sheet'!I45 -> 0 | ... Y54: =Y10/'Output-Calculation-sheet'!Y9*'Output-Calculation-sheet'!Y45 -> 0 | AA54: =SUM(B54:Y54)/1000 -> 9.371589
A55: 2034 | B55: =B11/'Output-Calculation-sheet'!B10*'Output-Calculation-sheet'!B46 -> 10120.373 | C55: =C11/'Output-Calculation-sheet'!C10*'Output-Calculation-sheet'!C46 -> 0 | D55: =D11/'Output-Calculation-sheet'!D10*'Output-Calculation-sheet'!D46 -> 0 | E55: =E11/'Output-Calculation-sheet'!E10*'Output-Calculation-sheet'!E46 -> 0 | F55: =F11/'Output-Calculation-sheet'!F10*'Output-Calculation-sheet'!F46 -> 0 | G55: =G11/'Output-Calculation-sheet'!G10*'Output-Calculation-sheet'!G46 -> 674.43223 | H55: =H11/'Output-Calculation-sheet'!H10*'Output-Calculation-sheet'!H46 -> 0 | I55: =I11/'Output-Calculation-sheet'!I10*'Output-Calculation-sheet'!I46 -> 0 | ... Y55: =Y11/'Output-Calculation-sheet'!Y10*'Output-Calculation-sheet'!Y46 -> 0 | AA55: =SUM(B55:Y55)/1000 -> 15.538134
A56: 2035 | B56: =B12/'Output-Calculation-sheet'!B11*'Output-Calculation-sheet'!B47 -> 23318.69 | C56: =C12/'Output-Calculation-sheet'!C11*'Output-Calculation-sheet'!C47 -> 0 | D56: =D12/'Output-Calculation-sheet'!D11*'Output-Calculation-sheet'!D47 -> 0 | E56: =E12/'Output-Calculation-sheet'!E11*'Output-Calculation-sheet'!E47 -> 0 | F56: =F12/'Output-Calculation-sheet'!F11*'Output-Calculation-sheet'!F47 -> 0 | G56: =G12/'Output-Calculation-sheet'!G11*'Output-Calculation-sheet'!G47 -> 860.51961 | H56: =H12/'Output-Calculation-sheet'!H11*'Output-Calculation-sheet'!H47 -> 0 | I56: =I12/'Output-Calculation-sheet'!I11*'Output-Calculation-sheet'!I47 -> 0 | ... Y56: =Y12/'Output-Calculation-sheet'!Y11*'Output-Calculation-sheet'!Y47 -> 0 | AA56: =SUM(B56:Y56)/1000 -> 30.201631
A58: Total cost of energy ($bn) | AA58: Total cost of energy ($bn)
A60: 2028 | B60: =B5*'Output-Calculation-sheet'!B49/10^9 -> 3.7345051 | C60: =C5*'Output-Calculation-sheet'!C49/10^9 -> 1.8831893 | D60: =D5*'Output-Calculation-sheet'!D49/10^9 -> 0.6606565 | E60: =E5*'Output-Calculation-sheet'!E49/10^9 -> 0.85004531 | F60: =F5*'Output-Calculation-sheet'!F49/10^9 -> 0.35510841 | G60: =G5*'Output-Calculation-sheet'!G49/10^9 -> 0.25371903 | H60: =H5*'Output-Calculation-sheet'!H49/10^9 -> 0.49037652 | I60: =I5*'Output-Calculation-sheet'!I49/10^9 -> 0.22768337 | ... Y60: =Y5*'Output-Calculation-sheet'!Y49/10^9 -> 0.026793844 | AA60: =SUM(B60:Y60) -> 11.461555
A61: 2029 | B61: =B6*'Output-Calculation-sheet'!B50/10^9 -> 4.9169182 | C61: =C6*'Output-Calculation-sheet'!C50/10^9 -> 2.4869108 | D61: =D6*'Output-Calculation-sheet'!D50/10^9 -> 0.86955428 | E61: =E6*'Output-Calculation-sheet'!E50/10^9 -> 1.1191721 | F61: =F6*'Output-Calculation-sheet'!F50/10^9 -> 0.46672824 | G61: =G6*'Output-Calculation-sheet'!G50/10^9 -> 0.33404789 | H61: =H6*'Output-Calculation-sheet'!H50/10^9 -> 0.64667923 | I61: =I6*'Output-Calculation-sheet'!I50/10^9 -> 0.29963057 | ... Y61: =Y6*'Output-Calculation-sheet'!Y50/10^9 -> 0.035298011 | AA61: =SUM(B61:Y61) -> 15.10281
A62: 2030 | B62: =B7*'Output-Calculation-sheet'!B51/10^9 -> 5.9408138 | C62: =C7*'Output-Calculation-sheet'!C51/10^9 -> 3.0143887 | D62: =D7*'Output-Calculation-sheet'!D51/10^9 -> 1.0505657 | E62: =E7*'Output-Calculation-sheet'!E51/10^9 -> 1.352517 | F62: =F7*'Output-Calculation-sheet'!F51/10^9 -> 0.56306098 | G62: =G7*'Output-Calculation-sheet'!G51/10^9 -> 0.40371169 | H62: =H7*'Output-Calculation-sheet'!H51/10^9 -> 0.78275088 | I62: =I7*'Output-Calculation-sheet'!I51/10^9 -> 0.3619421 | ... Y62: =Y7*'Output-Calculation-sheet'!Y51/10^9 -> 0.042684255 | AA62: =SUM(B62:Y62) -> 18.261445
A63: 2031 | B63: =B8*'Output-Calculation-sheet'!B52/10^9 -> 6.8168542 | C63: =C8*'Output-Calculation-sheet'!C52/10^9 -> 3.4553051 | D63: =D8*'Output-Calculation-sheet'!D52/10^9 -> 1.207092 | E63: =E8*'Output-Calculation-sheet'!E52/10^9 -> 1.554238 | F63: =F8*'Output-Calculation-sheet'!F52/10^9 -> 0.6464889 | G63: =G8*'Output-Calculation-sheet'!G52/10^9 -> 0.46387116 | H63: =H8*'Output-Calculation-sheet'!H52/10^9 -> 0.89606282 | I63: =I8*'Output-Calculation-sheet'!I52/10^9 -> 0.41583081 | ... Y63: =Y8*'Output-Calculation-sheet'!Y52/10^9 -> 0.049064904 | AA63: =SUM(B63:Y63) -> 20.955297
A64: 2032 | B64: =B9*'Output-Calculation-sheet'!B53/10^9 -> 7.4447737 | C64: =C9*'Output-Calculation-sheet'!C53/10^9 -> 3.7702069 | D64: =D9*'Output-Calculation-sheet'!D53/10^9 -> 1.3206502 | E64: =E9*'Output-Calculation-sheet'!E53/10^9 -> 1.7006753 | F64: =F9*'Output-Calculation-sheet'!F53/10^9 -> 0.7067858 | G64: =G9*'Output-Calculation-sheet'!G53/10^9 -> 0.50740153 | H64: =H9*'Output-Calculation-sheet'!H53/10^9 -> 0.97652275 | I64: =I9*'Output-Calculation-sheet'!I53/10^9 -> 0.45490587 | ... Y64: =Y9*'Output-Calculation-sheet'!Y53/10^9 -> 0.053704225 | AA64: =SUM(B64:Y64) -> 22.89094
A65: 2033 | B65: =B10*'Output-Calculation-sheet'!B54/10^9 -> 7.9475197 | C65: =C10*'Output-Calculation-sheet'!C54/10^9 -> 4.0235532 | D65: =D10*'Output-Calculation-sheet'!D54/10^9 -> 1.4135555 | E65: =E10*'Output-Calculation-sheet'!E54/10^9 -> 1.8205491 | F65: =F10*'Output-Calculation-sheet'!F54/10^9 -> 0.75594232 | G65: =G10*'Output-Calculation-sheet'!G54/10^9 -> 0.54285965 | H65: =H10*'Output-Calculation-sheet'!H54/10^9 -> 1.0408863 | I65: =I10*'Output-Calculation-sheet'!I54/10^9 -> 0.48686187 | ... Y65: =Y10*'Output-Calculation-sheet'!Y54/10^9 -> 0.057507777 | AA65: =SUM(B65:Y65) -> 24.453502
A66: 2034 | B66: =B11*'Output-Calculation-sheet'!B55/10^9 -> 8.369229 | C66: =C11*'Output-Calculation-sheet'!C55/10^9 -> 4.239451 | D66: =D11*'Output-Calculation-sheet'!D55/10^9 -> 1.4942035 | E66: =E11*'Output-Calculation-sheet'!E55/10^9 -> 1.9246508 | F66: =F11*'Output-Calculation-sheet'!F55/10^9 -> 0.79846349 | G66: =G11*'Output-Calculation-sheet'!G55/10^9 -> 0.57348254 | H66: =H11*'Output-Calculation-sheet'!H55/10^9 -> 1.0954387 | I66: =I11*'Output-Calculation-sheet'!I55/10^9 -> 0.51458509 | ... Y66: =Y11*'Output-Calculation-sheet'!Y55/10^9 -> 0.060815609 | AA66: =SUM(B66:Y66) -> 25.785029
A67: 2035 | B67: =B12*'Output-Calculation-sheet'!B56/10^9 -> 8.7263434 | C67: =C12*'Output-Calculation-sheet'!C56/10^9 -> 4.429442 | D67: =D12*'Output-Calculation-sheet'!D56/10^9 -> 1.5666245 | E67: =E12*'Output-Calculation-sheet'!E56/10^9 -> 2.0181752 | F67: =F12*'Output-Calculation-sheet'!F56/10^9 -> 0.83651785 | G67: =G12*'Output-Calculation-sheet'!G56/10^9 -> 0.600785 | H67: =H12*'Output-Calculation-sheet'!H56/10^9 -> 1.1431743 | I67: =I12*'Output-Calculation-sheet'!I56/10^9 -> 0.539466 | ... Y67: =Y12*'Output-Calculation-sheet'!Y56/10^9 -> 0.063791666 | AA67: =SUM(B67:Y67) -> 26.948903
B68: =SUM(B60:B67) -> 53.896957 | C68: =SUM(C60:C67) -> 27.302447 | D68: =SUM(D60:D67) -> 9.5829022 | E68: =SUM(E60:E67) -> 12.340023 | F68: =SUM(F60:F67) -> 5.129096 | G68: =SUM(G60:G67) -> 3.6798785 | H68: =SUM(H60:H67) -> 7.0718915 | I68: =SUM(I60:I67) -> 3.3009057 | ... Y68: =SUM(Y60:Y67) -> 0.38966029
A69: Battery Interface Capacity (MW) | AA69: Total Battery Interface Capacity (GW)
A71: 2028 | B71: =B5/'Output-Calculation-sheet'!B4*'Output-Calculation-sheet'!B58 -> 0 | C71: =C5/'Output-Calculation-sheet'!C4*'Output-Calculation-sheet'!C58 -> 0 | D71: =D5/'Output-Calculation-sheet'!D4*'Output-Calculation-sheet'!D58 -> 0 | E71: =E5/'Output-Calculation-sheet'!E4*'Output-Calculation-sheet'!E58 -> 0 | F71: =F5/'Output-Calculation-sheet'!F4*'Output-Calculation-sheet'!F58 -> 0 | G71: =G5/'Output-Calculation-sheet'!G4*'Output-Calculation-sheet'!G58 -> 0 | H71: =H5/'Output-Calculation-sheet'!H4*'Output-Calculation-sheet'!H58 -> 0 | I71: =I5/'Output-Calculation-sheet'!I4*'Output-Calculation-sheet'!I58 -> 0 | ... Y71: =Y5/'Output-Calculation-sheet'!Y4*'Output-Calculation-sheet'!Y58 -> 0 | AA71: =SUM(B71:Y71)/1000 -> 0.086251763
A72: 2029 | B72: =B6/'Output-Calculation-sheet'!B5*'Output-Calculation-sheet'!B59 -> 0 | C72: =C6/'Output-Calculation-sheet'!C5*'Output-Calculation-sheet'!C59 -> 0 | D72: =D6/'Output-Calculation-sheet'!D5*'Output-Calculation-sheet'!D59 -> 0 | E72: =E6/'Output-Calculation-sheet'!E5*'Output-Calculation-sheet'!E59 -> 0 | F72: =F6/'Output-Calculation-sheet'!F5*'Output-Calculation-sheet'!F59 -> 0 | G72: =G6/'Output-Calculation-sheet'!G5*'Output-Calculation-sheet'!G59 -> 0 | H72: =H6/'Output-Calculation-sheet'!H5*'Output-Calculation-sheet'!H59 -> 0 | I72: =I6/'Output-Calculation-sheet'!I5*'Output-Calculation-sheet'!I59 -> 0 | ... Y72: =Y6/'Output-Calculation-sheet'!Y5*'Output-Calculation-sheet'!Y59 -> 0 | AA72: =SUM(B72:Y72)/1000 -> 0.14703574
A73: 2030 | B73: =B7/'Output-Calculation-sheet'!B6*'Output-Calculation-sheet'!B60 -> 0 | C73: =C7/'Output-Calculation-sheet'!C6*'Output-Calculation-sheet'!C60 -> 0 | D73: =D7/'Output-Calculation-sheet'!D6*'Output-Calculation-sheet'!D60 -> 0 | E73: =E7/'Output-Calculation-sheet'!E6*'Output-Calculation-sheet'!E60 -> 0 | F73: =F7/'Output-Calculation-sheet'!F6*'Output-Calculation-sheet'!F60 -> 0 | G73: =G7/'Output-Calculation-sheet'!G6*'Output-Calculation-sheet'!G60 -> 0 | H73: =H7/'Output-Calculation-sheet'!H6*'Output-Calculation-sheet'!H60 -> 0 | I73: =I7/'Output-Calculation-sheet'!I6*'Output-Calculation-sheet'!I60 -> 0 | ... Y73: =Y7/'Output-Calculation-sheet'!Y6*'Output-Calculation-sheet'!Y60 -> 0 | AA73: =SUM(B73:Y73)/1000 -> 0.34984501
